year,round,race_id,circuit_type,driver_id,constructor_id,team_year,grid,finish_pos,classified,driver_skill,car_pace
2018,1,977,STREET,sebastian-vettel,ferrari,ferrari@2018,3.0,1.0,True,-0.20821857,0.47674945
2018,1,977,STREET,lewis-hamilton,mercedes,mercedes@2018,1.0,2.0,True,-0.31802824,0.5097736
2018,1,977,STREET,kimi-raikkonen,ferrari,ferrari@2018,2.0,3.0,True,0.06803312,0.47674945
2018,1,977,STREET,daniel-ricciardo,red-bull,red-bull@2018,8.0,4.0,True,-0.21139155,1.3561063
2018,1,977,STREET,fernando-alonso,mclaren,mclaren@2018,10.0,5.0,True,-0.2141295,3.1451387
2018,1,977,STREET,max-verstappen,red-bull,red-bull@2018,4.0,6.0,True,-0.54574347,1.3561063
2018,1,977,STREET,nico-hulkenberg,renault,renault@2018,7.0,7.0,True,-0.09405375,2.4121795
2018,1,977,STREET,valtteri-bottas,mercedes,mercedes@2018,15.0,8.0,True,-0.14207892,0.5097736
2018,1,977,STREET,stoffel-vandoorne,mclaren,mclaren@2018,11.0,9.0,True,0.20691288,3.1451387
2018,1,977,STREET,carlos-sainz-jr,renault,renault@2018,9.0,10.0,True,-0.22134648,2.4121795
2018,1,977,STREET,sergio-perez,force-india,force-india@2018,12.0,11.0,True,-0.06741036,2.3514395
2018,1,977,STREET,esteban-ocon,force-india,force-india@2018,14.0,12.0,True,-0.09633895,2.3514395
2018,1,977,STREET,charles-leclerc,sauber,sauber@2018,18.0,13.0,True,-0.41671008,2.935564
2018,1,977,STREET,lance-stroll,williams,williams@2018,13.0,14.0,True,0.13759463,3.5259433
2018,1,977,STREET,brendon-hartley,toro-rosso,toro-rosso@2018,16.0,15.0,True,0.13819234,2.98565
2018,1,977,STREET,romain-grosjean,haas,haas@2018,6.0,,False,0.11832041,1.933826
2018,1,977,STREET,kevin-magnussen,haas,haas@2018,5.0,,False,0.16031031,1.933826
2018,1,977,STREET,pierre-gasly,toro-rosso,toro-rosso@2018,20.0,,False,-0.12492197,2.98565
2018,1,977,STREET,marcus-ericsson,sauber,sauber@2018,17.0,,False,0.3755968,2.935564
2018,1,977,STREET,sergey-sirotkin,williams,williams@2018,19.0,,False,0.115678556,3.5259433
2018,2,978,RACE,sebastian-vettel,ferrari,ferrari@2018,1.0,1.0,True,-0.20821857,0.47674945
2018,2,978,RACE,valtteri-bottas,mercedes,mercedes@2018,3.0,2.0,True,-0.14207892,0.5097736
2018,2,978,RACE,lewis-hamilton,mercedes,mercedes@2018,9.0,3.0,True,-0.31802824,0.5097736
2018,2,978,RACE,pierre-gasly,toro-rosso,toro-rosso@2018,5.0,4.0,True,-0.12492197,2.98565
2018,2,978,RACE,kevin-magnussen,haas,haas@2018,6.0,5.0,True,0.16031031,1.933826
2018,2,978,RACE,nico-hulkenberg,renault,renault@2018,7.0,6.0,True,-0.09405375,2.4121795
2018,2,978,RACE,fernando-alonso,mclaren,mclaren@2018,13.0,7.0,True,-0.2141295,3.1451387
2018,2,978,RACE,stoffel-vandoorne,mclaren,mclaren@2018,14.0,8.0,True,0.20691288,3.1451387
2018,2,978,RACE,marcus-ericsson,sauber,sauber@2018,17.0,9.0,True,0.3755968,2.935564
2018,2,978,RACE,esteban-ocon,force-india,force-india@2018,8.0,10.0,True,-0.09633895,2.3514395
2018,2,978,RACE,carlos-sainz-jr,renault,renault@2018,10.0,11.0,True,-0.22134648,2.4121795
2018,2,978,RACE,charles-leclerc,sauber,sauber@2018,19.0,12.0,True,-0.41671008,2.935564
2018,2,978,RACE,romain-grosjean,haas,haas@2018,16.0,13.0,True,0.11832041,1.933826
2018,2,978,RACE,lance-stroll,williams,williams@2018,20.0,14.0,True,0.13759463,3.5259433
2018,2,978,RACE,sergey-sirotkin,williams,williams@2018,18.0,15.0,True,0.115678556,3.5259433
2018,2,978,RACE,sergio-perez,force-india,force-india@2018,12.0,16.0,True,-0.06741036,2.3514395
2018,2,978,RACE,brendon-hartley,toro-rosso,toro-rosso@2018,11.0,17.0,True,0.13819234,2.98565
2018,2,978,RACE,kimi-raikkonen,ferrari,ferrari@2018,2.0,,False,0.06803312,0.47674945
2018,2,978,RACE,max-verstappen,red-bull,red-bull@2018,15.0,,False,-0.54574347,1.3561063
2018,2,978,RACE,daniel-ricciardo,red-bull,red-bull@2018,4.0,,False,-0.21139155,1.3561063
2018,3,979,RACE,daniel-ricciardo,red-bull,red-bull@2018,6.0,1.0,True,-0.21139155,1.3561063
2018,3,979,RACE,valtteri-bottas,mercedes,mercedes@2018,3.0,2.0,True,-0.14207892,0.5097736
2018,3,979,RACE,kimi-raikkonen,ferrari,ferrari@2018,2.0,3.0,True,0.06803312,0.47674945
2018,3,979,RACE,lewis-hamilton,mercedes,mercedes@2018,4.0,4.0,True,-0.31802824,0.5097736
2018,3,979,RACE,max-verstappen,red-bull,red-bull@2018,5.0,5.0,True,-0.54574347,1.3561063
2018,3,979,RACE,nico-hulkenberg,renault,renault@2018,7.0,6.0,True,-0.09405375,2.4121795
2018,3,979,RACE,fernando-alonso,mclaren,mclaren@2018,13.0,7.0,True,-0.2141295,3.1451387
2018,3,979,RACE,sebastian-vettel,ferrari,ferrari@2018,1.0,8.0,True,-0.20821857,0.47674945
2018,3,979,RACE,carlos-sainz-jr,renault,renault@2018,9.0,9.0,True,-0.22134648,2.4121795
2018,3,979,RACE,kevin-magnussen,haas,haas@2018,11.0,10.0,True,0.16031031,1.933826
2018,3,979,RACE,esteban-ocon,force-india,force-india@2018,12.0,11.0,True,-0.09633895,2.3514395
2018,3,979,RACE,sergio-perez,force-india,force-india@2018,8.0,12.0,True,-0.06741036,2.3514395
2018,3,979,RACE,stoffel-vandoorne,mclaren,mclaren@2018,14.0,13.0,True,0.20691288,3.1451387
2018,3,979,RACE,lance-stroll,williams,williams@2018,18.0,14.0,True,0.13759463,3.5259433
2018,3,979,RACE,sergey-sirotkin,williams,williams@2018,16.0,15.0,True,0.115678556,3.5259433
2018,3,979,RACE,marcus-ericsson,sauber,sauber@2018,20.0,16.0,True,0.3755968,2.935564
2018,3,979,RACE,romain-grosjean,haas,haas@2018,10.0,17.0,True,0.11832041,1.933826
2018,3,979,RACE,pierre-gasly,toro-rosso,toro-rosso@2018,17.0,18.0,True,-0.12492197,2.98565
2018,3,979,RACE,charles-leclerc,sauber,sauber@2018,19.0,19.0,True,-0.41671008,2.935564
2018,3,979,RACE,brendon-hartley,toro-rosso,toro-rosso@2018,15.0,20.0,True,0.13819234,2.98565
2018,4,980,STREET,lewis-hamilton,mercedes,mercedes@2018,2.0,1.0,True,-0.31802824,0.5097736
2018,4,980,STREET,kimi-raikkonen,ferrari,ferrari@2018,6.0,2.0,True,0.06803312,0.47674945
2018,4,980,STREET,sergio-perez,force-india,force-india@2018,8.0,3.0,True,-0.06741036,2.3514395
2018,4,980,STREET,sebastian-vettel,ferrari,ferrari@2018,1.0,4.0,True,-0.20821857,0.47674945
2018,4,980,STREET,carlos-sainz-jr,renault,renault@2018,9.0,5.0,True,-0.22134648,2.4121795
2018,4,980,STREET,charles-leclerc,sauber,sauber@2018,13.0,6.0,True,-0.41671008,2.935564
2018,4,980,STREET,fernando-alonso,mclaren,mclaren@2018,12.0,7.0,True,-0.2141295,3.1451387
2018,4,980,STREET,lance-stroll,williams,williams@2018,10.0,8.0,True,0.13759463,3.5259433
2018,4,980,STREET,stoffel-vandoorne,mclaren,mclaren@2018,16.0,9.0,True,0.20691288,3.1451387
2018,4,980,STREET,brendon-hartley,toro-rosso,toro-rosso@2018,19.0,10.0,True,0.13819234,2.98565
2018,4,980,STREET,marcus-ericsson,sauber,sauber@2018,18.0,11.0,True,0.3755968,2.935564
2018,4,980,STREET,pierre-gasly,toro-rosso,toro-rosso@2018,17.0,12.0,True,-0.12492197,2.98565
2018,4,980,STREET,kevin-magnussen,haas,haas@2018,15.0,13.0,True,0.16031031,1.933826
2018,4,980,STREET,valtteri-bottas,mercedes,mercedes@2018,3.0,14.0,True,-0.14207892,0.5097736
2018,4,980,STREET,romain-grosjean,haas,haas@2018,20.0,,False,0.11832041,1.933826
2018,4,980,STREET,max-verstappen,red-bull,red-bull@2018,5.0,,False,-0.54574347,1.3561063
2018,4,980,STREET,daniel-ricciardo,red-bull,red-bull@2018,4.0,,False,-0.21139155,1.3561063
2018,4,980,STREET,nico-hulkenberg,renault,renault@2018,14.0,,False,-0.09405375,2.4121795
2018,4,980,STREET,esteban-ocon,force-india,force-india@2018,7.0,,False,-0.09633895,2.3514395
2018,4,980,STREET,sergey-sirotkin,williams,williams@2018,11.0,,False,0.115678556,3.5259433
2018,5,981,RACE,lewis-hamilton,mercedes,mercedes@2018,1.0,1.0,True,-0.31802824,0.5097736
2018,5,981,RACE,valtteri-bottas,mercedes,mercedes@2018,2.0,2.0,True,-0.14207892,0.5097736
2018,5,981,RACE,max-verstappen,red-bull,red-bull@2018,5.0,3.0,True,-0.54574347,1.3561063
2018,5,981,RACE,sebastian-vettel,ferrari,ferrari@2018,3.0,4.0,True,-0.20821857,0.47674945
2018,5,981,RACE,daniel-ricciardo,red-bull,red-bull@2018,6.0,5.0,True,-0.21139155,1.3561063
2018,5,981,RACE,kevin-magnussen,haas,haas@2018,7.0,6.0,True,0.16031031,1.933826
2018,5,981,RACE,carlos-sainz-jr,renault,renault@2018,9.0,7.0,True,-0.22134648,2.4121795
2018,5,981,RACE,fernando-alonso,mclaren,mclaren@2018,8.0,8.0,True,-0.2141295,3.1451387
2018,5,981,RACE,sergio-perez,force-india,force-india@2018,15.0,9.0,True,-0.06741036,2.3514395
2018,5,981,RACE,charles-leclerc,sauber,sauber@2018,14.0,10.0,True,-0.41671008,2.935564
2018,5,981,RACE,lance-stroll,williams,williams@2018,18.0,11.0,True,0.13759463,3.5259433
2018,5,981,RACE,brendon-hartley,toro-rosso,toro-rosso@2018,20.0,12.0,True,0.13819234,2.98565
2018,5,981,RACE,marcus-ericsson,sauber,sauber@2018,17.0,13.0,True,0.3755968,2.935564
2018,5,981,RACE,sergey-sirotkin,williams,williams@2018,19.0,14.0,True,0.115678556,3.5259433
2018,5,981,RACE,stoffel-vandoorne,mclaren,mclaren@2018,11.0,,False,0.20691288,3.1451387
2018,5,981,RACE,esteban-ocon,force-india,force-india@2018,13.0,,False,-0.09633895,2.3514395
2018,5,981,RACE,kimi-raikkonen,ferrari,ferrari@2018,4.0,,False,0.06803312,0.47674945
2018,5,981,RACE,romain-grosjean,haas,haas@2018,10.0,,False,0.11832041,1.933826
2018,5,981,RACE,pierre-gasly,toro-rosso,toro-rosso@2018,12.0,,False,-0.12492197,2.98565
2018,5,981,RACE,nico-hulkenberg,renault,renault@2018,16.0,,False,-0.09405375,2.4121795
2018,6,982,STREET,daniel-ricciardo,red-bull,red-bull@2018,1.0,1.0,True,-0.21139155,1.3561063
2018,6,982,STREET,sebastian-vettel,ferrari,ferrari@2018,2.0,2.0,True,-0.20821857,0.47674945
2018,6,982,STREET,lewis-hamilton,mercedes,mercedes@2018,3.0,3.0,True,-0.31802824,0.5097736
2018,6,982,STREET,kimi-raikkonen,ferrari,ferrari@2018,4.0,4.0,True,0.06803312,0.47674945
2018,6,982,STREET,valtteri-bottas,mercedes,mercedes@2018,5.0,5.0,True,-0.14207892,0.5097736
2018,6,982,STREET,esteban-ocon,force-india,force-india@2018,6.0,6.0,True,-0.09633895,2.3514395
2018,6,982,STREET,pierre-gasly,toro-rosso,toro-rosso@2018,10.0,7.0,True,-0.12492197,2.98565
2018,6,982,STREET,nico-hulkenberg,renault,renault@2018,11.0,8.0,True,-0.09405375,2.4121795
2018,6,982,STREET,max-verstappen,red-bull,red-bull@2018,20.0,9.0,True,-0.54574347,1.3561063
2018,6,982,STREET,carlos-sainz-jr,renault,renault@2018,8.0,10.0,True,-0.22134648,2.4121795
2018,6,982,STREET,marcus-ericsson,sauber,sauber@2018,16.0,11.0,True,0.3755968,2.935564
2018,6,982,STREET,sergio-perez,force-india,force-india@2018,9.0,12.0,True,-0.06741036,2.3514395
2018,6,982,STREET,kevin-magnussen,haas,haas@2018,19.0,13.0,True,0.16031031,1.933826
2018,6,982,STREET,stoffel-vandoorne,mclaren,mclaren@2018,12.0,14.0,True,0.20691288,3.1451387
2018,6,982,STREET,romain-grosjean,haas,haas@2018,18.0,15.0,True,0.11832041,1.933826
2018,6,982,STREET,sergey-sirotkin,williams,williams@2018,13.0,16.0,True,0.115678556,3.5259433
2018,6,982,STREET,lance-stroll,williams,williams@2018,17.0,17.0,True,0.13759463,3.5259433
2018,6,982,STREET,charles-leclerc,sauber,sauber@2018,14.0,18.0,True,-0.41671008,2.935564
2018,6,982,STREET,brendon-hartley,toro-rosso,toro-rosso@2018,15.0,19.0,True,0.13819234,2.98565
2018,6,982,STREET,fernando-alonso,mclaren,mclaren@2018,7.0,,False,-0.2141295,3.1451387
2018,7,983,STREET,sebastian-vettel,ferrari,ferrari@2018,1.0,1.0,True,-0.20821857,0.47674945
2018,7,983,STREET,valtteri-bottas,mercedes,mercedes@2018,2.0,2.0,True,-0.14207892,0.5097736
2018,7,983,STREET,max-verstappen,red-bull,red-bull@2018,3.0,3.0,True,-0.54574347,1.3561063
2018,7,983,STREET,daniel-ricciardo,red-bull,red-bull@2018,6.0,4.0,True,-0.21139155,1.3561063
2018,7,983,STREET,lewis-hamilton,mercedes,mercedes@2018,4.0,5.0,True,-0.31802824,0.5097736
2018,7,983,STREET,kimi-raikkonen,ferrari,ferrari@2018,5.0,6.0,True,0.06803312,0.47674945
2018,7,983,STREET,nico-hulkenberg,renault,renault@2018,7.0,7.0,True,-0.09405375,2.4121795
2018,7,983,STREET,carlos-sainz-jr,renault,renault@2018,9.0,8.0,True,-0.22134648,2.4121795
2018,7,983,STREET,esteban-ocon,force-india,force-india@2018,8.0,9.0,True,-0.09633895,2.3514395
2018,7,983,STREET,charles-leclerc,sauber,sauber@2018,13.0,10.0,True,-0.41671008,2.935564
2018,7,983,STREET,pierre-gasly,toro-rosso,toro-rosso@2018,19.0,11.0,True,-0.12492197,2.98565
2018,7,983,STREET,romain-grosjean,haas,haas@2018,20.0,12.0,True,0.11832041,1.933826
2018,7,983,STREET,kevin-magnussen,haas,haas@2018,11.0,13.0,True,0.16031031,1.933826
2018,7,983,STREET,sergio-perez,force-india,force-india@2018,10.0,14.0,True,-0.06741036,2.3514395
2018,7,983,STREET,marcus-ericsson,sauber,sauber@2018,18.0,15.0,True,0.3755968,2.935564
2018,7,983,STREET,stoffel-vandoorne,mclaren,mclaren@2018,15.0,16.0,True,0.20691288,3.1451387
2018,7,983,STREET,sergey-sirotkin,williams,williams@2018,17.0,17.0,True,0.115678556,3.5259433
2018,7,983,STREET,fernando-alonso,mclaren,mclaren@2018,14.0,,False,-0.2141295,3.1451387
2018,7,983,STREET,brendon-hartley,toro-rosso,toro-rosso@2018,12.0,,False,0.13819234,2.98565
2018,7,983,STREET,lance-stroll,williams,williams@2018,16.0,,False,0.13759463,3.5259433
2018,8,984,RACE,lewis-hamilton,mercedes,mercedes@2018,1.0,1.0,True,-0.31802824,0.5097736
2018,8,984,RACE,max-verstappen,red-bull,red-bull@2018,4.0,2.0,True,-0.54574347,1.3561063
2018,8,984,RACE,kimi-raikkonen,ferrari,ferrari@2018,6.0,3.0,True,0.06803312,0.47674945
2018,8,984,RACE,daniel-ricciardo,red-bull,red-bull@2018,5.0,4.0,True,-0.21139155,1.3561063
2018,8,984,RACE,sebastian-vettel,ferrari,ferrari@2018,3.0,5.0,True,-0.20821857,0.47674945
2018,8,984,RACE,kevin-magnussen,haas,haas@2018,9.0,6.0,True,0.16031031,1.933826
2018,8,984,RACE,valtteri-bottas,mercedes,mercedes@2018,2.0,7.0,True,-0.14207892,0.5097736
2018,8,984,RACE,carlos-sainz-jr,renault,renault@2018,7.0,8.0,True,-0.22134648,2.4121795
2018,8,984,RACE,nico-hulkenberg,renault,renault@2018,12.0,9.0,True,-0.09405375,2.4121795
2018,8,984,RACE,charles-leclerc,sauber,sauber@2018,8.0,10.0,True,-0.41671008,2.935564
2018,8,984,RACE,romain-grosjean,haas,haas@2018,10.0,11.0,True,0.11832041,1.933826
2018,8,984,RACE,stoffel-vandoorne,mclaren,mclaren@2018,17.0,12.0,True,0.20691288,3.1451387
2018,8,984,RACE,marcus-ericsson,sauber,sauber@2018,15.0,13.0,True,0.3755968,2.935564
2018,8,984,RACE,brendon-hartley,toro-rosso,toro-rosso@2018,20.0,14.0,True,0.13819234,2.98565
2018,8,984,RACE,sergey-sirotkin,williams,williams@2018,18.0,15.0,True,0.115678556,3.5259433
2018,8,984,RACE,fernando-alonso,mclaren,mclaren@2018,16.0,16.0,True,-0.2141295,3.1451387
2018,8,984,RACE,lance-stroll,williams,williams@2018,19.0,17.0,True,0.13759463,3.5259433
2018,8,984,RACE,sergio-perez,force-india,force-india@2018,13.0,,False,-0.06741036,2.3514395
2018,8,984,RACE,esteban-ocon,force-india,force-india@2018,11.0,,False,-0.09633895,2.3514395
2018,8,984,RACE,pierre-gasly,toro-rosso,toro-rosso@2018,14.0,,False,-0.12492197,2.98565
2018,9,985,RACE,max-verstappen,red-bull,red-bull@2018,4.0,1.0,True,-0.54574347,1.3561063
2018,9,985,RACE,kimi-raikkonen,ferrari,ferrari@2018,3.0,2.0,True,0.06803312,0.47674945
2018,9,985,RACE,sebastian-vettel,ferrari,ferrari@2018,6.0,3.0,True,-0.20821857,0.47674945
2018,9,985,RACE,romain-grosjean,haas,haas@2018,5.0,4.0,True,0.11832041,1.933826
2018,9,985,RACE,kevin-magnussen,haas,haas@2018,8.0,5.0,True,0.16031031,1.933826
2018,9,985,RACE,esteban-ocon,force-india,force-india@2018,11.0,6.0,True,-0.09633895,2.3514395
2018,9,985,RACE,sergio-perez,force-india,force-india@2018,15.0,7.0,True,-0.06741036,2.3514395
2018,9,985,RACE,fernando-alonso,mclaren,mclaren@2018,21.0,8.0,True,-0.2141295,3.1451387
2018,9,985,RACE,charles-leclerc,sauber,sauber@2018,17.0,9.0,True,-0.41671008,2.935564
2018,9,985,RACE,marcus-ericsson,sauber,sauber@2018,18.0,10.0,True,0.3755968,2.935564
2018,9,985,RACE,pierre-gasly,toro-rosso,toro-rosso@2018,12.0,11.0,True,-0.12492197,2.98565
2018,9,985,RACE,carlos-sainz-jr,renault,renault@2018,9.0,12.0,True,-0.22134648,2.4121795
2018,9,985,RACE,sergey-sirotkin,williams,williams@2018,16.0,13.0,True,0.115678556,3.5259433
2018,9,985,RACE,lance-stroll,williams,williams@2018,13.0,14.0,True,0.13759463,3.5259433
2018,9,985,RACE,stoffel-vandoorne,mclaren,mclaren@2018,14.0,15.0,True,0.20691288,3.1451387
2018,9,985,RACE,lewis-hamilton,mercedes,mercedes@2018,2.0,,False,-0.31802824,0.5097736
2018,9,985,RACE,brendon-hartley,toro-rosso,toro-rosso@2018,19.0,,False,0.13819234,2.98565
2018,9,985,RACE,daniel-ricciardo,red-bull,red-bull@2018,7.0,,False,-0.21139155,1.3561063
2018,9,985,RACE,valtteri-bottas,mercedes,mercedes@2018,1.0,,False,-0.14207892,0.5097736
2018,9,985,RACE,nico-hulkenberg,renault,renault@2018,10.0,,False,-0.09405375,2.4121795
2018,10,986,RACE,sebastian-vettel,ferrari,ferrari@2018,2.0,1.0,True,-0.20821857,0.47674945
2018,10,986,RACE,lewis-hamilton,mercedes,mercedes@2018,1.0,2.0,True,-0.31802824,0.5097736
2018,10,986,RACE,kimi-raikkonen,ferrari,ferrari@2018,3.0,3.0,True,0.06803312,0.47674945
2018,10,986,RACE,valtteri-bottas,mercedes,mercedes@2018,4.0,4.0,True,-0.14207892,0.5097736
2018,10,986,RACE,daniel-ricciardo,red-bull,red-bull@2018,6.0,5.0,True,-0.21139155,1.3561063
2018,10,986,RACE,nico-hulkenberg,renault,renault@2018,11.0,6.0,True,-0.09405375,2.4121795
2018,10,986,RACE,esteban-ocon,force-india,force-india@2018,10.0,7.0,True,-0.09633895,2.3514395
2018,10,986,RACE,fernando-alonso,mclaren,mclaren@2018,13.0,8.0,True,-0.2141295,3.1451387
2018,10,986,RACE,kevin-magnussen,haas,haas@2018,7.0,9.0,True,0.16031031,1.933826
2018,10,986,RACE,sergio-perez,force-india,force-india@2018,12.0,10.0,True,-0.06741036,2.3514395
2018,10,986,RACE,stoffel-vandoorne,mclaren,mclaren@2018,17.0,11.0,True,0.20691288,3.1451387
2018,10,986,RACE,lance-stroll,williams,williams@2018,21.0,12.0,True,0.13759463,3.5259433
2018,10,986,RACE,pierre-gasly,toro-rosso,toro-rosso@2018,14.0,13.0,True,-0.12492197,2.98565
2018,10,986,RACE,sergey-sirotkin,williams,williams@2018,21.0,14.0,True,0.115678556,3.5259433
2018,10,986,RACE,max-verstappen,red-bull,red-bull@2018,5.0,15.0,True,-0.54574347,1.3561063
2018,10,986,RACE,romain-grosjean,haas,haas@2018,8.0,,False,0.11832041,1.933826
2018,10,986,RACE,carlos-sainz-jr,renault,renault@2018,16.0,,False,-0.22134648,2.4121795
2018,10,986,RACE,marcus-ericsson,sauber,sauber@2018,15.0,,False,0.3755968,2.935564
2018,10,986,RACE,charles-leclerc,sauber,sauber@2018,9.0,,False,-0.41671008,2.935564
2018,10,986,RACE,brendon-hartley,toro-rosso,toro-rosso@2018,21.0,,False,0.13819234,2.98565
2018,11,987,RACE,lewis-hamilton,mercedes,mercedes@2018,14.0,1.0,True,-0.31802824,0.5097736
2018,11,987,RACE,valtteri-bottas,mercedes,mercedes@2018,2.0,2.0,True,-0.14207892,0.5097736
2018,11,987,RACE,kimi-raikkonen,ferrari,ferrari@2018,3.0,3.0,True,0.06803312,0.47674945
2018,11,987,RACE,max-verstappen,red-bull,red-bull@2018,4.0,4.0,True,-0.54574347,1.3561063
2018,11,987,RACE,nico-hulkenberg,renault,renault@2018,7.0,5.0,True,-0.09405375,2.4121795
2018,11,987,RACE,romain-grosjean,haas,haas@2018,6.0,6.0,True,0.11832041,1.933826
2018,11,987,RACE,sergio-perez,force-india,force-india@2018,10.0,7.0,True,-0.06741036,2.3514395
2018,11,987,RACE,esteban-ocon,force-india,force-india@2018,15.0,8.0,True,-0.09633895,2.3514395
2018,11,987,RACE,marcus-ericsson,sauber,sauber@2018,13.0,9.0,True,0.3755968,2.935564
2018,11,987,RACE,brendon-hartley,toro-rosso,toro-rosso@2018,16.0,10.0,True,0.13819234,2.98565
2018,11,987,RACE,kevin-magnussen,haas,haas@2018,5.0,11.0,True,0.16031031,1.933826
2018,11,987,RACE,carlos-sainz-jr,renault,renault@2018,8.0,12.0,True,-0.22134648,2.4121795
2018,11,987,RACE,stoffel-vandoorne,mclaren,mclaren@2018,18.0,13.0,True,0.20691288,3.1451387
2018,11,987,RACE,pierre-gasly,toro-rosso,toro-rosso@2018,20.0,14.0,True,-0.12492197,2.98565
2018,11,987,RACE,charles-leclerc,sauber,sauber@2018,9.0,15.0,True,-0.41671008,2.935564
2018,11,987,RACE,fernando-alonso,mclaren,mclaren@2018,11.0,16.0,True,-0.2141295,3.1451387
2018,11,987,RACE,lance-stroll,williams,williams@2018,17.0,,False,0.13759463,3.5259433
2018,11,987,RACE,sebastian-vettel,ferrari,ferrari@2018,1.0,,False,-0.20821857,0.47674945
2018,11,987,RACE,sergey-sirotkin,williams,williams@2018,12.0,,False,0.115678556,3.5259433
2018,11,987,RACE,daniel-ricciardo,red-bull,red-bull@2018,19.0,,False,-0.21139155,1.3561063
2018,12,988,RACE,lewis-hamilton,mercedes,mercedes@2018,1.0,1.0,True,-0.31802824,0.5097736
2018,12,988,RACE,sebastian-vettel,ferrari,ferrari@2018,4.0,2.0,True,-0.20821857,0.47674945
2018,12,988,RACE,kimi-raikkonen,ferrari,ferrari@2018,3.0,3.0,True,0.06803312,0.47674945
2018,12,988,RACE,daniel-ricciardo,red-bull,red-bull@2018,12.0,4.0,True,-0.21139155,1.3561063
2018,12,988,RACE,valtteri-bottas,mercedes,mercedes@2018,2.0,5.0,True,-0.14207892,0.5097736
2018,12,988,RACE,pierre-gasly,toro-rosso,toro-rosso@2018,6.0,6.0,True,-0.12492197,2.98565
2018,12,988,RACE,kevin-magnussen,haas,haas@2018,9.0,7.0,True,0.16031031,1.933826
2018,12,988,RACE,fernando-alonso,mclaren,mclaren@2018,11.0,8.0,True,-0.2141295,3.1451387
2018,12,988,RACE,carlos-sainz-jr,renault,renault@2018,5.0,9.0,True,-0.22134648,2.4121795
2018,12,988,RACE,romain-grosjean,haas,haas@2018,10.0,10.0,True,0.11832041,1.933826
2018,12,988,RACE,brendon-hartley,toro-rosso,toro-rosso@2018,8.0,11.0,True,0.13819234,2.98565
2018,12,988,RACE,nico-hulkenberg,renault,renault@2018,13.0,12.0,True,-0.09405375,2.4121795
2018,12,988,RACE,esteban-ocon,force-india,force-india@2018,17.0,13.0,True,-0.09633895,2.3514395
2018,12,988,RACE,sergio-perez,force-india,force-india@2018,18.0,14.0,True,-0.06741036,2.3514395
2018,12,988,RACE,marcus-ericsson,sauber,sauber@2018,14.0,15.0,True,0.3755968,2.935564
2018,12,988,RACE,sergey-sirotkin,williams,williams@2018,19.0,16.0,True,0.115678556,3.5259433
2018,12,988,RACE,lance-stroll,williams,williams@2018,21.0,17.0,True,0.13759463,3.5259433
2018,12,988,RACE,stoffel-vandoorne,mclaren,mclaren@2018,15.0,,False,0.20691288,3.1451387
2018,12,988,RACE,max-verstappen,red-bull,red-bull@2018,7.0,,False,-0.54574347,1.3561063
2018,12,988,RACE,charles-leclerc,sauber,sauber@2018,16.0,,False,-0.41671008,2.935564
2018,13,989,RACE,sebastian-vettel,ferrari,ferrari@2018,2.0,1.0,True,-0.20821857,0.47674945
2018,13,989,RACE,lewis-hamilton,mercedes,mercedes@2018,1.0,2.0,True,-0.31802824,0.5097736
2018,13,989,RACE,max-verstappen,red-bull,red-bull@2018,7.0,3.0,True,-0.54574347,1.3561063
2018,13,989,RACE,valtteri-bottas,mercedes,mercedes@2018,17.0,4.0,True,-0.14207892,0.5097736
2018,13,989,RACE,sergio-perez,force-india,force-india@2018,4.0,5.0,True,-0.06741036,2.3514395
2018,13,989,RACE,esteban-ocon,force-india,force-india@2018,3.0,6.0,True,-0.09633895,2.3514395
2018,13,989,RACE,romain-grosjean,haas,haas@2018,5.0,7.0,True,0.11832041,1.933826
2018,13,989,RACE,kevin-magnussen,haas,haas@2018,9.0,8.0,True,0.16031031,1.933826
2018,13,989,RACE,pierre-gasly,toro-rosso,toro-rosso@2018,10.0,9.0,True,-0.12492197,2.98565
2018,13,989,RACE,marcus-ericsson,sauber,sauber@2018,13.0,10.0,True,0.3755968,2.935564
2018,13,989,RACE,carlos-sainz-jr,renault,renault@2018,19.0,11.0,True,-0.22134648,2.4121795
2018,13,989,RACE,sergey-sirotkin,williams,williams@2018,15.0,12.0,True,0.115678556,3.5259433
2018,13,989,RACE,lance-stroll,williams,williams@2018,16.0,13.0,True,0.13759463,3.5259433
2018,13,989,RACE,brendon-hartley,toro-rosso,toro-rosso@2018,11.0,14.0,True,0.13819234,2.98565
2018,13,989,RACE,stoffel-vandoorne,mclaren,mclaren@2018,20.0,15.0,True,0.20691288,3.1451387
2018,13,989,RACE,daniel-ricciardo,red-bull,red-bull@2018,8.0,,False,-0.21139155,1.3561063
2018,13,989,RACE,kimi-raikkonen,ferrari,ferrari@2018,6.0,,False,0.06803312,0.47674945
2018,13,989,RACE,charles-leclerc,sauber,sauber@2018,12.0,,False,-0.41671008,2.935564
2018,13,989,RACE,fernando-alonso,mclaren,mclaren@2018,14.0,,False,-0.2141295,3.1451387
2018,13,989,RACE,nico-hulkenberg,renault,renault@2018,18.0,,False,-0.09405375,2.4121795
2018,14,990,RACE,lewis-hamilton,mercedes,mercedes@2018,3.0,1.0,True,-0.31802824,0.5097736
2018,14,990,RACE,kimi-raikkonen,ferrari,ferrari@2018,1.0,2.0,True,0.06803312,0.47674945
2018,14,990,RACE,valtteri-bottas,mercedes,mercedes@2018,4.0,3.0,True,-0.14207892,0.5097736
2018,14,990,RACE,sebastian-vettel,ferrari,ferrari@2018,2.0,4.0,True,-0.20821857,0.47674945
2018,14,990,RACE,max-verstappen,red-bull,red-bull@2018,5.0,5.0,True,-0.54574347,1.3561063
2018,14,990,RACE,esteban-ocon,force-india,force-india@2018,8.0,6.0,True,-0.09633895,2.3514395
2018,14,990,RACE,sergio-perez,force-india,force-india@2018,14.0,7.0,True,-0.06741036,2.3514395
2018,14,990,RACE,carlos-sainz-jr,renault,renault@2018,7.0,8.0,True,-0.22134648,2.4121795
2018,14,990,RACE,lance-stroll,williams,williams@2018,10.0,9.0,True,0.13759463,3.5259433
2018,14,990,RACE,sergey-sirotkin,williams,williams@2018,12.0,10.0,True,0.115678556,3.5259433
2018,14,990,RACE,charles-leclerc,sauber,sauber@2018,15.0,11.0,True,-0.41671008,2.935564
2018,14,990,RACE,stoffel-vandoorne,mclaren,mclaren@2018,17.0,12.0,True,0.20691288,3.1451387
2018,14,990,RACE,nico-hulkenberg,renault,renault@2018,20.0,13.0,True,-0.09405375,2.4121795
2018,14,990,RACE,pierre-gasly,toro-rosso,toro-rosso@2018,9.0,14.0,True,-0.12492197,2.98565
2018,14,990,RACE,marcus-ericsson,sauber,sauber@2018,18.0,15.0,True,0.3755968,2.935564
2018,14,990,RACE,kevin-magnussen,haas,haas@2018,11.0,16.0,True,0.16031031,1.933826
2018,14,990,RACE,daniel-ricciardo,red-bull,red-bull@2018,19.0,,False,-0.21139155,1.3561063
2018,14,990,RACE,fernando-alonso,mclaren,mclaren@2018,13.0,,False,-0.2141295,3.1451387
2018,14,990,RACE,brendon-hartley,toro-rosso,toro-rosso@2018,16.0,,False,0.13819234,2.98565
2018,14,990,RACE,romain-grosjean,haas,haas@2018,6.0,,False,0.11832041,1.933826
2018,15,991,STREET,lewis-hamilton,mercedes,mercedes@2018,1.0,1.0,True,-0.31802824,0.5097736
2018,15,991,STREET,max-verstappen,red-bull,red-bull@2018,2.0,2.0,True,-0.54574347,1.3561063
2018,15,991,STREET,sebastian-vettel,ferrari,ferrari@2018,3.0,3.0,True,-0.20821857,0.47674945
2018,15,991,STREET,valtteri-bottas,mercedes,mercedes@2018,4.0,4.0,True,-0.14207892,0.5097736
2018,15,991,STREET,kimi-raikkonen,ferrari,ferrari@2018,5.0,5.0,True,0.06803312,0.47674945
2018,15,991,STREET,daniel-ricciardo,red-bull,red-bull@2018,6.0,6.0,True,-0.21139155,1.3561063
2018,15,991,STREET,fernando-alonso,mclaren,mclaren@2018,11.0,7.0,True,-0.2141295,3.1451387
2018,15,991,STREET,carlos-sainz-jr,renault,renault@2018,12.0,8.0,True,-0.22134648,2.4121795
2018,15,991,STREET,charles-leclerc,sauber,sauber@2018,13.0,9.0,True,-0.41671008,2.935564
2018,15,991,STREET,nico-hulkenberg,renault,renault@2018,10.0,10.0,True,-0.09405375,2.4121795
2018,15,991,STREET,marcus-ericsson,sauber,sauber@2018,14.0,11.0,True,0.3755968,2.935564
2018,15,991,STREET,stoffel-vandoorne,mclaren,mclaren@2018,18.0,12.0,True,0.20691288,3.1451387
2018,15,991,STREET,pierre-gasly,toro-rosso,toro-rosso@2018,15.0,13.0,True,-0.12492197,2.98565
2018,15,991,STREET,lance-stroll,williams,williams@2018,20.0,14.0,True,0.13759463,3.5259433
2018,15,991,STREET,romain-grosjean,haas,haas@2018,8.0,15.0,True,0.11832041,1.933826
2018,15,991,STREET,sergio-perez,force-india,force-india@2018,7.0,16.0,True,-0.06741036,2.3514395
2018,15,991,STREET,brendon-hartley,toro-rosso,toro-rosso@2018,17.0,17.0,True,0.13819234,2.98565
2018,15,991,STREET,kevin-magnussen,haas,haas@2018,16.0,18.0,True,0.16031031,1.933826
2018,15,991,STREET,sergey-sirotkin,williams,williams@2018,19.0,19.0,True,0.115678556,3.5259433
2018,15,991,STREET,esteban-ocon,force-india,force-india@2018,9.0,,False,-0.09633895,2.3514395
2018,16,992,ROAD,lewis-hamilton,mercedes,mercedes@2018,2.0,1.0,True,-0.31802824,0.5097736
2018,16,992,ROAD,valtteri-bottas,mercedes,mercedes@2018,1.0,2.0,True,-0.14207892,0.5097736
2018,16,992,ROAD,sebastian-vettel,ferrari,ferrari@2018,3.0,3.0,True,-0.20821857,0.47674945
2018,16,992,ROAD,kimi-raikkonen,ferrari,ferrari@2018,4.0,4.0,True,0.06803312,0.47674945
2018,16,992,ROAD,max-verstappen,red-bull,red-bull@2018,19.0,5.0,True,-0.54574347,1.3561063
2018,16,992,ROAD,daniel-ricciardo,red-bull,red-bull@2018,18.0,6.0,True,-0.21139155,1.3561063
2018,16,992,ROAD,charles-leclerc,sauber,sauber@2018,7.0,7.0,True,-0.41671008,2.935564
2018,16,992,ROAD,kevin-magnussen,haas,haas@2018,5.0,8.0,True,0.16031031,1.933826
2018,16,992,ROAD,esteban-ocon,force-india,force-india@2018,6.0,9.0,True,-0.09633895,2.3514395
2018,16,992,ROAD,sergio-perez,force-india,force-india@2018,8.0,10.0,True,-0.06741036,2.3514395
2018,16,992,ROAD,romain-grosjean,haas,haas@2018,9.0,11.0,True,0.11832041,1.933826
2018,16,992,ROAD,nico-hulkenberg,renault,renault@2018,12.0,12.0,True,-0.09405375,2.4121795
2018,16,992,ROAD,marcus-ericsson,sauber,sauber@2018,10.0,13.0,True,0.3755968,2.935564
2018,16,992,ROAD,fernando-alonso,mclaren,mclaren@2018,16.0,14.0,True,-0.2141295,3.1451387
2018,16,992,ROAD,lance-stroll,williams,williams@2018,14.0,15.0,True,0.13759463,3.5259433
2018,16,992,ROAD,stoffel-vandoorne,mclaren,mclaren@2018,15.0,16.0,True,0.20691288,3.1451387
2018,16,992,ROAD,carlos-sainz-jr,renault,renault@2018,11.0,17.0,True,-0.22134648,2.4121795
2018,16,992,ROAD,sergey-sirotkin,williams,williams@2018,13.0,18.0,True,0.115678556,3.5259433
2018,16,992,ROAD,pierre-gasly,toro-rosso,toro-rosso@2018,17.0,,False,-0.12492197,2.98565
2018,16,992,ROAD,brendon-hartley,toro-rosso,toro-rosso@2018,20.0,,False,0.13819234,2.98565
2018,17,993,RACE,lewis-hamilton,mercedes,mercedes@2018,1.0,1.0,True,-0.31802824,0.5097736
2018,17,993,RACE,valtteri-bottas,mercedes,mercedes@2018,2.0,2.0,True,-0.14207892,0.5097736
2018,17,993,RACE,max-verstappen,red-bull,red-bull@2018,3.0,3.0,True,-0.54574347,1.3561063
2018,17,993,RACE,daniel-ricciardo,red-bull,red-bull@2018,15.0,4.0,True,-0.21139155,1.3561063
2018,17,993,RACE,kimi-raikkonen,ferrari,ferrari@2018,4.0,5.0,True,0.06803312,0.47674945
2018,17,993,RACE,sebastian-vettel,ferrari,ferrari@2018,8.0,6.0,True,-0.20821857,0.47674945
2018,17,993,RACE,sergio-perez,force-india,force-india@2018,9.0,7.0,True,-0.06741036,2.3514395
2018,17,993,RACE,romain-grosjean,haas,haas@2018,5.0,8.0,True,0.11832041,1.933826
2018,17,993,RACE,esteban-ocon,force-india,force-india@2018,11.0,9.0,True,-0.09633895,2.3514395
2018,17,993,RACE,carlos-sainz-jr,renault,renault@2018,13.0,10.0,True,-0.22134648,2.4121795
2018,17,993,RACE,pierre-gasly,toro-rosso,toro-rosso@2018,7.0,11.0,True,-0.12492197,2.98565
2018,17,993,RACE,marcus-ericsson,sauber,sauber@2018,20.0,12.0,True,0.3755968,2.935564
2018,17,993,RACE,brendon-hartley,toro-rosso,toro-rosso@2018,6.0,13.0,True,0.13819234,2.98565
2018,17,993,RACE,fernando-alonso,mclaren,mclaren@2018,18.0,14.0,True,-0.2141295,3.1451387
2018,17,993,RACE,stoffel-vandoorne,mclaren,mclaren@2018,19.0,15.0,True,0.20691288,3.1451387
2018,17,993,RACE,sergey-sirotkin,williams,williams@2018,17.0,16.0,True,0.115678556,3.5259433
2018,17,993,RACE,lance-stroll,williams,williams@2018,14.0,17.0,True,0.13759463,3.5259433
2018,17,993,RACE,charles-leclerc,sauber,sauber@2018,10.0,,False,-0.41671008,2.935564
2018,17,993,RACE,nico-hulkenberg,renault,renault@2018,16.0,,False,-0.09405375,2.4121795
2018,17,993,RACE,kevin-magnussen,haas,haas@2018,12.0,,False,0.16031031,1.933826
2018,18,994,RACE,kimi-raikkonen,ferrari,ferrari@2018,2.0,1.0,True,0.06803312,0.47674945
2018,18,994,RACE,max-verstappen,red-bull,red-bull@2018,18.0,2.0,True,-0.54574347,1.3561063
2018,18,994,RACE,lewis-hamilton,mercedes,mercedes@2018,1.0,3.0,True,-0.31802824,0.5097736
2018,18,994,RACE,sebastian-vettel,ferrari,ferrari@2018,5.0,4.0,True,-0.20821857,0.47674945
2018,18,994,RACE,valtteri-bottas,mercedes,mercedes@2018,3.0,5.0,True,-0.14207892,0.5097736
2018,18,994,RACE,nico-hulkenberg,renault,renault@2018,7.0,6.0,True,-0.09405375,2.4121795
2018,18,994,RACE,carlos-sainz-jr,renault,renault@2018,11.0,7.0,True,-0.22134648,2.4121795
2018,18,994,RACE,sergio-perez,force-india,force-india@2018,10.0,8.0,True,-0.06741036,2.3514395
2018,18,994,RACE,brendon-hartley,toro-rosso,toro-rosso@2018,20.0,9.0,True,0.13819234,2.98565
2018,18,994,RACE,marcus-ericsson,sauber,sauber@2018,16.0,10.0,True,0.3755968,2.935564
2018,18,994,RACE,stoffel-vandoorne,mclaren,mclaren@2018,17.0,11.0,True,0.20691288,3.1451387
2018,18,994,RACE,pierre-gasly,toro-rosso,toro-rosso@2018,19.0,12.0,True,-0.12492197,2.98565
2018,18,994,RACE,sergey-sirotkin,williams,williams@2018,14.0,13.0,True,0.115678556,3.5259433
2018,18,994,RACE,lance-stroll,williams,williams@2018,15.0,14.0,True,0.13759463,3.5259433
2018,18,994,RACE,charles-leclerc,sauber,sauber@2018,9.0,,False,-0.41671008,2.935564
2018,18,994,RACE,daniel-ricciardo,red-bull,red-bull@2018,4.0,,False,-0.21139155,1.3561063
2018,18,994,RACE,romain-grosjean,haas,haas@2018,8.0,,False,0.11832041,1.933826
2018,18,994,RACE,fernando-alonso,mclaren,mclaren@2018,13.0,,False,-0.2141295,3.1451387
2018,18,994,RACE,esteban-ocon,force-india,force-india@2018,6.0,,False,-0.09633895,2.3514395
2018,18,994,RACE,kevin-magnussen,haas,haas@2018,12.0,,False,0.16031031,1.933826
2018,19,995,RACE,max-verstappen,red-bull,red-bull@2018,2.0,1.0,True,-0.54574347,1.3561063
2018,19,995,RACE,sebastian-vettel,ferrari,ferrari@2018,4.0,2.0,True,-0.20821857,0.47674945
2018,19,995,RACE,kimi-raikkonen,ferrari,ferrari@2018,6.0,3.0,True,0.06803312,0.47674945
2018,19,995,RACE,lewis-hamilton,mercedes,mercedes@2018,3.0,4.0,True,-0.31802824,0.5097736
2018,19,995,RACE,valtteri-bottas,mercedes,mercedes@2018,5.0,5.0,True,-0.14207892,0.5097736
2018,19,995,RACE,nico-hulkenberg,renault,renault@2018,7.0,6.0,True,-0.09405375,2.4121795
2018,19,995,RACE,charles-leclerc,sauber,sauber@2018,9.0,7.0,True,-0.41671008,2.935564
2018,19,995,RACE,stoffel-vandoorne,mclaren,mclaren@2018,15.0,8.0,True,0.20691288,3.1451387
2018,19,995,RACE,marcus-ericsson,sauber,sauber@2018,10.0,9.0,True,0.3755968,2.935564
2018,19,995,RACE,pierre-gasly,toro-rosso,toro-rosso@2018,20.0,10.0,True,-0.12492197,2.98565
2018,19,995,RACE,esteban-ocon,force-india,force-india@2018,11.0,11.0,True,-0.09633895,2.3514395
2018,19,995,RACE,lance-stroll,williams,williams@2018,17.0,12.0,True,0.13759463,3.5259433
2018,19,995,RACE,sergey-sirotkin,williams,williams@2018,19.0,13.0,True,0.115678556,3.5259433
2018,19,995,RACE,brendon-hartley,toro-rosso,toro-rosso@2018,14.0,14.0,True,0.13819234,2.98565
2018,19,995,RACE,kevin-magnussen,haas,haas@2018,16.0,15.0,True,0.16031031,1.933826
2018,19,995,RACE,romain-grosjean,haas,haas@2018,18.0,16.0,True,0.11832041,1.933826
2018,19,995,RACE,daniel-ricciardo,red-bull,red-bull@2018,1.0,,False,-0.21139155,1.3561063
2018,19,995,RACE,sergio-perez,force-india,force-india@2018,13.0,,False,-0.06741036,2.3514395
2018,19,995,RACE,carlos-sainz-jr,renault,renault@2018,8.0,,False,-0.22134648,2.4121795
2018,19,995,RACE,fernando-alonso,mclaren,mclaren@2018,12.0,,False,-0.2141295,3.1451387
2018,20,996,RACE,lewis-hamilton,mercedes,mercedes@2018,1.0,1.0,True,-0.31802824,0.5097736
2018,20,996,RACE,max-verstappen,red-bull,red-bull@2018,5.0,2.0,True,-0.54574347,1.3561063
2018,20,996,RACE,kimi-raikkonen,ferrari,ferrari@2018,4.0,3.0,True,0.06803312,0.47674945
2018,20,996,RACE,daniel-ricciardo,red-bull,red-bull@2018,11.0,4.0,True,-0.21139155,1.3561063
2018,20,996,RACE,valtteri-bottas,mercedes,mercedes@2018,3.0,5.0,True,-0.14207892,0.5097736
2018,20,996,RACE,sebastian-vettel,ferrari,ferrari@2018,2.0,6.0,True,-0.20821857,0.47674945
2018,20,996,RACE,charles-leclerc,sauber,sauber@2018,7.0,7.0,True,-0.41671008,2.935564
2018,20,996,RACE,romain-grosjean,haas,haas@2018,8.0,8.0,True,0.11832041,1.933826
2018,20,996,RACE,kevin-magnussen,haas,haas@2018,10.0,9.0,True,0.16031031,1.933826
2018,20,996,RACE,sergio-perez,force-india,force-india@2018,12.0,10.0,True,-0.06741036,2.3514395
2018,20,996,RACE,brendon-hartley,toro-rosso,toro-rosso@2018,16.0,11.0,True,0.13819234,2.98565
2018,20,996,RACE,carlos-sainz-jr,renault,renault@2018,15.0,12.0,True,-0.22134648,2.4121795
2018,20,996,RACE,pierre-gasly,toro-rosso,toro-rosso@2018,9.0,13.0,True,-0.12492197,2.98565
2018,20,996,RACE,esteban-ocon,force-india,force-india@2018,18.0,14.0,True,-0.09633895,2.3514395
2018,20,996,RACE,stoffel-vandoorne,mclaren,mclaren@2018,20.0,15.0,True,0.20691288,3.1451387
2018,20,996,RACE,sergey-sirotkin,williams,williams@2018,14.0,16.0,True,0.115678556,3.5259433
2018,20,996,RACE,fernando-alonso,mclaren,mclaren@2018,17.0,17.0,True,-0.2141295,3.1451387
2018,20,996,RACE,lance-stroll,williams,williams@2018,19.0,18.0,True,0.13759463,3.5259433
2018,20,996,RACE,nico-hulkenberg,renault,renault@2018,13.0,,False,-0.09405375,2.4121795
2018,20,996,RACE,marcus-ericsson,sauber,sauber@2018,6.0,,False,0.3755968,2.935564
2018,21,997,RACE,lewis-hamilton,mercedes,mercedes@2018,1.0,1.0,True,-0.31802824,0.5097736
2018,21,997,RACE,sebastian-vettel,ferrari,ferrari@2018,3.0,2.0,True,-0.20821857,0.47674945
2018,21,997,RACE,max-verstappen,red-bull,red-bull@2018,6.0,3.0,True,-0.54574347,1.3561063
2018,21,997,RACE,daniel-ricciardo,red-bull,red-bull@2018,5.0,4.0,True,-0.21139155,1.3561063
2018,21,997,RACE,valtteri-bottas,mercedes,mercedes@2018,2.0,5.0,True,-0.14207892,0.5097736
2018,21,997,RACE,carlos-sainz-jr,renault,renault@2018,11.0,6.0,True,-0.22134648,2.4121795
2018,21,997,RACE,charles-leclerc,sauber,sauber@2018,8.0,7.0,True,-0.41671008,2.935564
2018,21,997,RACE,sergio-perez,force-india,force-india@2018,14.0,8.0,True,-0.06741036,2.3514395
2018,21,997,RACE,romain-grosjean,haas,haas@2018,7.0,9.0,True,0.11832041,1.933826
2018,21,997,RACE,kevin-magnussen,haas,haas@2018,13.0,10.0,True,0.16031031,1.933826
2018,21,997,RACE,fernando-alonso,mclaren,mclaren@2018,15.0,11.0,True,-0.2141295,3.1451387
2018,21,997,RACE,brendon-hartley,toro-rosso,toro-rosso@2018,16.0,12.0,True,0.13819234,2.98565
2018,21,997,RACE,lance-stroll,williams,williams@2018,20.0,13.0,True,0.13759463,3.5259433
2018,21,997,RACE,stoffel-vandoorne,mclaren,mclaren@2018,18.0,14.0,True,0.20691288,3.1451387
2018,21,997,RACE,sergey-sirotkin,williams,williams@2018,19.0,15.0,True,0.115678556,3.5259433
2018,21,997,RACE,pierre-gasly,toro-rosso,toro-rosso@2018,17.0,,False,-0.12492197,2.98565
2018,21,997,RACE,esteban-ocon,force-india,force-india@2018,9.0,,False,-0.09633895,2.3514395
2018,21,997,RACE,marcus-ericsson,sauber,sauber@2018,12.0,,False,0.3755968,2.935564
2018,21,997,RACE,kimi-raikkonen,ferrari,ferrari@2018,4.0,,False,0.06803312,0.47674945
2018,21,997,RACE,nico-hulkenberg,renault,renault@2018,10.0,,False,-0.09405375,2.4121795
2019,1,998,STREET,valtteri-bottas,mercedes,mercedes@2019,2.0,1.0,True,-0.17769375,0.5564402
2019,1,998,STREET,lewis-hamilton,mercedes,mercedes@2019,1.0,2.0,True,-0.32978034,0.5564402
2019,1,998,STREET,max-verstappen,red-bull,red-bull@2019,4.0,3.0,True,-0.6536732,1.3097664
2019,1,998,STREET,sebastian-vettel,ferrari,ferrari@2019,3.0,4.0,True,-0.19523494,0.76452273
2019,1,998,STREET,charles-leclerc,ferrari,ferrari@2019,5.0,5.0,True,-0.44471368,0.76452273
2019,1,998,STREET,kevin-magnussen,haas,haas@2019,7.0,6.0,True,0.1493505,1.8849312
2019,1,998,STREET,nico-hulkenberg,renault,renault@2019,11.0,7.0,True,-0.052372698,2.1473525
2019,1,998,STREET,kimi-raikkonen,alfa-romeo,alfa-romeo@2019,9.0,8.0,True,0.056275625,2.2992218
2019,1,998,STREET,lance-stroll,racing-point,racing-point@2019,16.0,9.0,True,0.13777141,2.6499178
2019,1,998,STREET,daniil-kvyat,toro-rosso,toro-rosso@2019,15.0,10.0,True,0.027427688,2.3867633
2019,1,998,STREET,pierre-gasly,red-bull,red-bull@2019,17.0,11.0,True,-0.140402,1.3097664
2019,1,998,STREET,lando-norris,mclaren,mclaren@2019,8.0,12.0,True,-0.2814345,2.0174172
2019,1,998,STREET,sergio-perez,racing-point,racing-point@2019,10.0,13.0,True,-0.120568976,2.6499178
2019,1,998,STREET,alexander-albon,toro-rosso,toro-rosso@2019,13.0,14.0,True,-0.15946974,2.3867633
2019,1,998,STREET,antonio-giovinazzi,alfa-romeo,alfa-romeo@2019,14.0,15.0,True,0.06740639,2.2992218
2019,1,998,STREET,george-russell,williams,williams@2019,19.0,16.0,True,-0.15004453,4.445199
2019,1,998,STREET,robert-kubica,williams,williams@2019,20.0,17.0,True,0.4384271,4.445199
2019,1,998,STREET,romain-grosjean,haas,haas@2019,6.0,,False,0.15863675,1.8849312
2019,1,998,STREET,daniel-ricciardo,renault,renault@2019,12.0,,False,-0.20319322,2.1473525
2019,1,998,STREET,carlos-sainz-jr,mclaren,mclaren@2019,18.0,,False,-0.31697583,2.0174172
2019,2,999,RACE,lewis-hamilton,mercedes,mercedes@2019,3.0,1.0,True,-0.32978034,0.5564402
2019,2,999,RACE,valtteri-bottas,mercedes,mercedes@2019,4.0,2.0,True,-0.17769375,0.5564402
2019,2,999,RACE,charles-leclerc,ferrari,ferrari@2019,1.0,3.0,True,-0.44471368,0.76452273
2019,2,999,RACE,max-verstappen,red-bull,red-bull@2019,5.0,4.0,True,-0.6536732,1.3097664
2019,2,999,RACE,sebastian-vettel,ferrari,ferrari@2019,2.0,5.0,True,-0.19523494,0.76452273
2019,2,999,RACE,lando-norris,mclaren,mclaren@2019,9.0,6.0,True,-0.2814345,2.0174172
2019,2,999,RACE,kimi-raikkonen,alfa-romeo,alfa-romeo@2019,8.0,7.0,True,0.056275625,2.2992218
2019,2,999,RACE,pierre-gasly,red-bull,red-bull@2019,13.0,8.0,True,-0.140402,1.3097664
2019,2,999,RACE,alexander-albon,toro-rosso,toro-rosso@2019,12.0,9.0,True,-0.15946974,2.3867633
2019,2,999,RACE,sergio-perez,racing-point,racing-point@2019,14.0,10.0,True,-0.120568976,2.6499178
2019,2,999,RACE,antonio-giovinazzi,alfa-romeo,alfa-romeo@2019,16.0,11.0,True,0.06740639,2.2992218
2019,2,999,RACE,daniil-kvyat,toro-rosso,toro-rosso@2019,15.0,12.0,True,0.027427688,2.3867633
2019,2,999,RACE,kevin-magnussen,haas,haas@2019,6.0,13.0,True,0.1493505,1.8849312
2019,2,999,RACE,lance-stroll,racing-point,racing-point@2019,18.0,14.0,True,0.13777141,2.6499178
2019,2,999,RACE,george-russell,williams,williams@2019,19.0,15.0,True,-0.15004453,4.445199
2019,2,999,RACE,robert-kubica,williams,williams@2019,20.0,16.0,True,0.4384271,4.445199
2019,2,999,RACE,nico-hulkenberg,renault,renault@2019,17.0,17.0,True,-0.052372698,2.1473525
2019,2,999,RACE,daniel-ricciardo,renault,renault@2019,10.0,18.0,True,-0.20319322,2.1473525
2019,2,999,RACE,carlos-sainz-jr,mclaren,mclaren@2019,7.0,19.0,True,-0.31697583,2.0174172
2019,2,999,RACE,romain-grosjean,haas,haas@2019,11.0,,False,0.15863675,1.8849312
2019,3,1000,RACE,lewis-hamilton,mercedes,mercedes@2019,2.0,1.0,True,-0.32978034,0.5564402
2019,3,1000,RACE,valtteri-bottas,mercedes,mercedes@2019,1.0,2.0,True,-0.17769375,0.5564402
2019,3,1000,RACE,sebastian-vettel,ferrari,ferrari@2019,3.0,3.0,True,-0.19523494,0.76452273
2019,3,1000,RACE,max-verstappen,red-bull,red-bull@2019,5.0,4.0,True,-0.6536732,1.3097664
2019,3,1000,RACE,charles-leclerc,ferrari,ferrari@2019,4.0,5.0,True,-0.44471368,0.76452273
2019,3,1000,RACE,pierre-gasly,red-bull,red-bull@2019,6.0,6.0,True,-0.140402,1.3097664
2019,3,1000,RACE,daniel-ricciardo,renault,renault@2019,7.0,7.0,True,-0.20319322,2.1473525
2019,3,1000,RACE,sergio-perez,racing-point,racing-point@2019,12.0,8.0,True,-0.120568976,2.6499178
2019,3,1000,RACE,kimi-raikkonen,alfa-romeo,alfa-romeo@2019,13.0,9.0,True,0.056275625,2.2992218
2019,3,1000,RACE,alexander-albon,toro-rosso,toro-rosso@2019,21.0,10.0,True,-0.15946974,2.3867633
2019,3,1000,RACE,romain-grosjean,haas,haas@2019,10.0,11.0,True,0.15863675,1.8849312
2019,3,1000,RACE,lance-stroll,racing-point,racing-point@2019,16.0,12.0,True,0.13777141,2.6499178
2019,3,1000,RACE,kevin-magnussen,haas,haas@2019,9.0,13.0,True,0.1493505,1.8849312
2019,3,1000,RACE,carlos-sainz-jr,mclaren,mclaren@2019,14.0,14.0,True,-0.31697583,2.0174172
2019,3,1000,RACE,antonio-giovinazzi,alfa-romeo,alfa-romeo@2019,19.0,15.0,True,0.06740639,2.2992218
2019,3,1000,RACE,george-russell,williams,williams@2019,17.0,16.0,True,-0.15004453,4.445199
2019,3,1000,RACE,robert-kubica,williams,williams@2019,18.0,17.0,True,0.4384271,4.445199
2019,3,1000,RACE,lando-norris,mclaren,mclaren@2019,15.0,18.0,True,-0.2814345,2.0174172
2019,3,1000,RACE,daniil-kvyat,toro-rosso,toro-rosso@2019,11.0,,False,0.027427688,2.3867633
2019,3,1000,RACE,nico-hulkenberg,renault,renault@2019,8.0,,False,-0.052372698,2.1473525
2019,4,1001,STREET,valtteri-bottas,mercedes,mercedes@2019,1.0,1.0,True,-0.17769375,0.5564402
2019,4,1001,STREET,lewis-hamilton,mercedes,mercedes@2019,2.0,2.0,True,-0.32978034,0.5564402
2019,4,1001,STREET,sebastian-vettel,ferrari,ferrari@2019,3.0,3.0,True,-0.19523494,0.76452273
2019,4,1001,STREET,max-verstappen,red-bull,red-bull@2019,4.0,4.0,True,-0.6536732,1.3097664
2019,4,1001,STREET,charles-leclerc,ferrari,ferrari@2019,8.0,5.0,True,-0.44471368,0.76452273
2019,4,1001,STREET,sergio-perez,racing-point,racing-point@2019,5.0,6.0,True,-0.120568976,2.6499178
2019,4,1001,STREET,carlos-sainz-jr,mclaren,mclaren@2019,9.0,7.0,True,-0.31697583,2.0174172
2019,4,1001,STREET,lando-norris,mclaren,mclaren@2019,7.0,8.0,True,-0.2814345,2.0174172
2019,4,1001,STREET,lance-stroll,racing-point,racing-point@2019,13.0,9.0,True,0.13777141,2.6499178
2019,4,1001,STREET,kimi-raikkonen,alfa-romeo,alfa-romeo@2019,21.0,10.0,True,0.056275625,2.2992218
2019,4,1001,STREET,alexander-albon,toro-rosso,toro-rosso@2019,11.0,11.0,True,-0.15946974,2.3867633
2019,4,1001,STREET,antonio-giovinazzi,alfa-romeo,alfa-romeo@2019,17.0,12.0,True,0.06740639,2.2992218
2019,4,1001,STREET,kevin-magnussen,haas,haas@2019,12.0,13.0,True,0.1493505,1.8849312
2019,4,1001,STREET,nico-hulkenberg,renault,renault@2019,15.0,14.0,True,-0.052372698,2.1473525
2019,4,1001,STREET,george-russell,williams,williams@2019,16.0,15.0,True,-0.15004453,4.445199
2019,4,1001,STREET,robert-kubica,williams,williams@2019,21.0,16.0,True,0.4384271,4.445199
2019,4,1001,STREET,pierre-gasly,red-bull,red-bull@2019,21.0,,False,-0.140402,1.3097664
2019,4,1001,STREET,romain-grosjean,haas,haas@2019,14.0,,False,0.15863675,1.8849312
2019,4,1001,STREET,daniil-kvyat,toro-rosso,toro-rosso@2019,6.0,,False,0.027427688,2.3867633
2019,4,1001,STREET,daniel-ricciardo,renault,renault@2019,10.0,,False,-0.20319322,2.1473525
2019,5,1002,RACE,lewis-hamilton,mercedes,mercedes@2019,2.0,1.0,True,-0.32978034,0.5564402
2019,5,1002,RACE,valtteri-bottas,mercedes,mercedes@2019,1.0,2.0,True,-0.17769375,0.5564402
2019,5,1002,RACE,max-verstappen,red-bull,red-bull@2019,4.0,3.0,True,-0.6536732,1.3097664
2019,5,1002,RACE,sebastian-vettel,ferrari,ferrari@2019,3.0,4.0,True,-0.19523494,0.76452273
2019,5,1002,RACE,charles-leclerc,ferrari,ferrari@2019,5.0,5.0,True,-0.44471368,0.76452273
2019,5,1002,RACE,pierre-gasly,red-bull,red-bull@2019,6.0,6.0,True,-0.140402,1.3097664
2019,5,1002,RACE,kevin-magnussen,haas,haas@2019,8.0,7.0,True,0.1493505,1.8849312
2019,5,1002,RACE,carlos-sainz-jr,mclaren,mclaren@2019,12.0,8.0,True,-0.31697583,2.0174172
2019,5,1002,RACE,daniil-kvyat,toro-rosso,toro-rosso@2019,9.0,9.0,True,0.027427688,2.3867633
2019,5,1002,RACE,romain-grosjean,haas,haas@2019,7.0,10.0,True,0.15863675,1.8849312
2019,5,1002,RACE,alexander-albon,toro-rosso,toro-rosso@2019,11.0,11.0,True,-0.15946974,2.3867633
2019,5,1002,RACE,daniel-ricciardo,renault,renault@2019,13.0,12.0,True,-0.20319322,2.1473525
2019,5,1002,RACE,nico-hulkenberg,renault,renault@2019,21.0,13.0,True,-0.052372698,2.1473525
2019,5,1002,RACE,kimi-raikkonen,alfa-romeo,alfa-romeo@2019,14.0,14.0,True,0.056275625,2.2992218
2019,5,1002,RACE,sergio-perez,racing-point,racing-point@2019,15.0,15.0,True,-0.120568976,2.6499178
2019,5,1002,RACE,antonio-giovinazzi,alfa-romeo,alfa-romeo@2019,18.0,16.0,True,0.06740639,2.2992218
2019,5,1002,RACE,george-russell,williams,williams@2019,19.0,17.0,True,-0.15004453,4.445199
2019,5,1002,RACE,robert-kubica,williams,williams@2019,17.0,18.0,True,0.4384271,4.445199
2019,5,1002,RACE,lance-stroll,racing-point,racing-point@2019,16.0,,False,0.13777141,2.6499178
2019,5,1002,RACE,lando-norris,mclaren,mclaren@2019,10.0,,False,-0.2814345,2.0174172
2019,6,1003,STREET,lewis-hamilton,mercedes,mercedes@2019,1.0,1.0,True,-0.32978034,0.5564402
2019,6,1003,STREET,sebastian-vettel,ferrari,ferrari@2019,4.0,2.0,True,-0.19523494,0.76452273
2019,6,1003,STREET,valtteri-bottas,mercedes,mercedes@2019,2.0,3.0,True,-0.17769375,0.5564402
2019,6,1003,STREET,max-verstappen,red-bull,red-bull@2019,3.0,4.0,True,-0.6536732,1.3097664
2019,6,1003,STREET,pierre-gasly,red-bull,red-bull@2019,8.0,5.0,True,-0.140402,1.3097664
2019,6,1003,STREET,carlos-sainz-jr,mclaren,mclaren@2019,9.0,6.0,True,-0.31697583,2.0174172
2019,6,1003,STREET,daniil-kvyat,toro-rosso,toro-rosso@2019,7.0,7.0,True,0.027427688,2.3867633
2019,6,1003,STREET,alexander-albon,toro-rosso,toro-rosso@2019,10.0,8.0,True,-0.15946974,2.3867633
2019,6,1003,STREET,daniel-ricciardo,renault,renault@2019,6.0,9.0,True,-0.20319322,2.1473525
2019,6,1003,STREET,romain-grosjean,haas,haas@2019,13.0,10.0,True,0.15863675,1.8849312
2019,6,1003,STREET,lando-norris,mclaren,mclaren@2019,12.0,11.0,True,-0.2814345,2.0174172
2019,6,1003,STREET,sergio-perez,racing-point,racing-point@2019,16.0,12.0,True,-0.120568976,2.6499178
2019,6,1003,STREET,nico-hulkenberg,renault,renault@2019,11.0,13.0,True,-0.052372698,2.1473525
2019,6,1003,STREET,kevin-magnussen,haas,haas@2019,5.0,14.0,True,0.1493505,1.8849312
2019,6,1003,STREET,george-russell,williams,williams@2019,19.0,15.0,True,-0.15004453,4.445199
2019,6,1003,STREET,lance-stroll,racing-point,racing-point@2019,17.0,16.0,True,0.13777141,2.6499178
2019,6,1003,STREET,kimi-raikkonen,alfa-romeo,alfa-romeo@2019,14.0,17.0,True,0.056275625,2.2992218
2019,6,1003,STREET,robert-kubica,williams,williams@2019,20.0,18.0,True,0.4384271,4.445199
2019,6,1003,STREET,antonio-giovinazzi,alfa-romeo,alfa-romeo@2019,18.0,19.0,True,0.06740639,2.2992218
2019,6,1003,STREET,charles-leclerc,ferrari,ferrari@2019,15.0,,False,-0.44471368,0.76452273
2019,7,1004,STREET,lewis-hamilton,mercedes,mercedes@2019,2.0,1.0,True,-0.32978034,0.5564402
2019,7,1004,STREET,sebastian-vettel,ferrari,ferrari@2019,1.0,2.0,True,-0.19523494,0.76452273
2019,7,1004,STREET,charles-leclerc,ferrari,ferrari@2019,3.0,3.0,True,-0.44471368,0.76452273
2019,7,1004,STREET,valtteri-bottas,mercedes,mercedes@2019,6.0,4.0,True,-0.17769375,0.5564402
2019,7,1004,STREET,max-verstappen,red-bull,red-bull@2019,9.0,5.0,True,-0.6536732,1.3097664
2019,7,1004,STREET,daniel-ricciardo,renault,renault@2019,4.0,6.0,True,-0.20319322,2.1473525
2019,7,1004,STREET,nico-hulkenberg,renault,renault@2019,7.0,7.0,True,-0.052372698,2.1473525
2019,7,1004,STREET,pierre-gasly,red-bull,red-bull@2019,5.0,8.0,True,-0.140402,1.3097664
2019,7,1004,STREET,lance-stroll,racing-point,racing-point@2019,17.0,9.0,True,0.13777141,2.6499178
2019,7,1004,STREET,daniil-kvyat,toro-rosso,toro-rosso@2019,10.0,10.0,True,0.027427688,2.3867633
2019,7,1004,STREET,carlos-sainz-jr,mclaren,mclaren@2019,11.0,11.0,True,-0.31697583,2.0174172
2019,7,1004,STREET,sergio-perez,racing-point,racing-point@2019,15.0,12.0,True,-0.120568976,2.6499178
2019,7,1004,STREET,antonio-giovinazzi,alfa-romeo,alfa-romeo@2019,12.0,13.0,True,0.06740639,2.2992218
2019,7,1004,STREET,romain-grosjean,haas,haas@2019,14.0,14.0,True,0.15863675,1.8849312
2019,7,1004,STREET,kimi-raikkonen,alfa-romeo,alfa-romeo@2019,16.0,15.0,True,0.056275625,2.2992218
2019,7,1004,STREET,george-russell,williams,williams@2019,18.0,16.0,True,-0.15004453,4.445199
2019,7,1004,STREET,kevin-magnussen,haas,haas@2019,21.0,17.0,True,0.1493505,1.8849312
2019,7,1004,STREET,robert-kubica,williams,williams@2019,19.0,18.0,True,0.4384271,4.445199
2019,7,1004,STREET,alexander-albon,toro-rosso,toro-rosso@2019,13.0,,False,-0.15946974,2.3867633
2019,7,1004,STREET,lando-norris,mclaren,mclaren@2019,8.0,,False,-0.2814345,2.0174172
2019,8,1005,RACE,lewis-hamilton,mercedes,mercedes@2019,1.0,1.0,True,-0.32978034,0.5564402
2019,8,1005,RACE,valtteri-bottas,mercedes,mercedes@2019,2.0,2.0,True,-0.17769375,0.5564402
2019,8,1005,RACE,charles-leclerc,ferrari,ferrari@2019,3.0,3.0,True,-0.44471368,0.76452273
2019,8,1005,RACE,max-verstappen,red-bull,red-bull@2019,4.0,4.0,True,-0.6536732,1.3097664
2019,8,1005,RACE,sebastian-vettel,ferrari,ferrari@2019,7.0,5.0,True,-0.19523494,0.76452273
2019,8,1005,RACE,carlos-sainz-jr,mclaren,mclaren@2019,6.0,6.0,True,-0.31697583,2.0174172
2019,8,1005,RACE,kimi-raikkonen,alfa-romeo,alfa-romeo@2019,12.0,7.0,True,0.056275625,2.2992218
2019,8,1005,RACE,nico-hulkenberg,renault,renault@2019,13.0,8.0,True,-0.052372698,2.1473525
2019,8,1005,RACE,lando-norris,mclaren,mclaren@2019,5.0,9.0,True,-0.2814345,2.0174172
2019,8,1005,RACE,pierre-gasly,red-bull,red-bull@2019,9.0,10.0,True,-0.140402,1.3097664
2019,8,1005,RACE,daniel-ricciardo,renault,renault@2019,8.0,11.0,True,-0.20319322,2.1473525
2019,8,1005,RACE,sergio-perez,racing-point,racing-point@2019,14.0,12.0,True,-0.120568976,2.6499178
2019,8,1005,RACE,lance-stroll,racing-point,racing-point@2019,17.0,13.0,True,0.13777141,2.6499178
2019,8,1005,RACE,daniil-kvyat,toro-rosso,toro-rosso@2019,19.0,14.0,True,0.027427688,2.3867633
2019,8,1005,RACE,alexander-albon,toro-rosso,toro-rosso@2019,11.0,15.0,True,-0.15946974,2.3867633
2019,8,1005,RACE,antonio-giovinazzi,alfa-romeo,alfa-romeo@2019,10.0,16.0,True,0.06740639,2.2992218
2019,8,1005,RACE,kevin-magnussen,haas,haas@2019,15.0,17.0,True,0.1493505,1.8849312
2019,8,1005,RACE,robert-kubica,williams,williams@2019,18.0,18.0,True,0.4384271,4.445199
2019,8,1005,RACE,george-russell,williams,williams@2019,20.0,19.0,True,-0.15004453,4.445199
2019,8,1005,RACE,romain-grosjean,haas,haas@2019,16.0,,False,0.15863675,1.8849312
2019,9,1006,RACE,max-verstappen,red-bull,red-bull@2019,2.0,1.0,True,-0.6536732,1.3097664
2019,9,1006,RACE,charles-leclerc,ferrari,ferrari@2019,1.0,2.0,True,-0.44471368,0.76452273
2019,9,1006,RACE,valtteri-bottas,mercedes,mercedes@2019,3.0,3.0,True,-0.17769375,0.5564402
2019,9,1006,RACE,sebastian-vettel,ferrari,ferrari@2019,9.0,4.0,True,-0.19523494,0.76452273
2019,9,1006,RACE,lewis-hamilton,mercedes,mercedes@2019,4.0,5.0,True,-0.32978034,0.5564402
2019,9,1006,RACE,lando-norris,mclaren,mclaren@2019,5.0,6.0,True,-0.2814345,2.0174172
2019,9,1006,RACE,pierre-gasly,red-bull,red-bull@2019,8.0,7.0,True,-0.140402,1.3097664
2019,9,1006,RACE,carlos-sainz-jr,mclaren,mclaren@2019,19.0,8.0,True,-0.31697583,2.0174172
2019,9,1006,RACE,kimi-raikkonen,alfa-romeo,alfa-romeo@2019,6.0,9.0,True,0.056275625,2.2992218
2019,9,1006,RACE,antonio-giovinazzi,alfa-romeo,alfa-romeo@2019,7.0,10.0,True,0.06740639,2.2992218
2019,9,1006,RACE,sergio-perez,racing-point,racing-point@2019,13.0,11.0,True,-0.120568976,2.6499178
2019,9,1006,RACE,daniel-ricciardo,renault,renault@2019,12.0,12.0,True,-0.20319322,2.1473525
2019,9,1006,RACE,nico-hulkenberg,renault,renault@2019,15.0,13.0,True,-0.052372698,2.1473525
2019,9,1006,RACE,lance-stroll,racing-point,racing-point@2019,14.0,14.0,True,0.13777141,2.6499178
2019,9,1006,RACE,alexander-albon,toro-rosso,toro-rosso@2019,18.0,15.0,True,-0.15946974,2.3867633
2019,9,1006,RACE,romain-grosjean,haas,haas@2019,11.0,16.0,True,0.15863675,1.8849312
2019,9,1006,RACE,daniil-kvyat,toro-rosso,toro-rosso@2019,16.0,17.0,True,0.027427688,2.3867633
2019,9,1006,RACE,george-russell,williams,williams@2019,21.0,18.0,True,-0.15004453,4.445199
2019,9,1006,RACE,kevin-magnussen,haas,haas@2019,10.0,19.0,True,0.1493505,1.8849312
2019,9,1006,RACE,robert-kubica,williams,williams@2019,17.0,20.0,True,0.4384271,4.445199
2019,10,1007,RACE,lewis-hamilton,mercedes,mercedes@2019,2.0,1.0,True,-0.32978034,0.5564402
2019,10,1007,RACE,valtteri-bottas,mercedes,mercedes@2019,1.0,2.0,True,-0.17769375,0.5564402
2019,10,1007,RACE,charles-leclerc,ferrari,ferrari@2019,3.0,3.0,True,-0.44471368,0.76452273
2019,10,1007,RACE,pierre-gasly,red-bull,red-bull@2019,5.0,4.0,True,-0.140402,1.3097664
2019,10,1007,RACE,max-verstappen,red-bull,red-bull@2019,4.0,5.0,True,-0.6536732,1.3097664
2019,10,1007,RACE,carlos-sainz-jr,mclaren,mclaren@2019,13.0,6.0,True,-0.31697583,2.0174172
2019,10,1007,RACE,daniel-ricciardo,renault,renault@2019,7.0,7.0,True,-0.20319322,2.1473525
2019,10,1007,RACE,kimi-raikkonen,alfa-romeo,alfa-romeo@2019,12.0,8.0,True,0.056275625,2.2992218
2019,10,1007,RACE,daniil-kvyat,toro-rosso,toro-rosso@2019,17.0,9.0,True,0.027427688,2.3867633
2019,10,1007,RACE,nico-hulkenberg,renault,renault@2019,10.0,10.0,True,-0.052372698,2.1473525
2019,10,1007,RACE,lando-norris,mclaren,mclaren@2019,8.0,11.0,True,-0.2814345,2.0174172
2019,10,1007,RACE,alexander-albon,toro-rosso,toro-rosso@2019,9.0,12.0,True,-0.15946974,2.3867633
2019,10,1007,RACE,lance-stroll,racing-point,racing-point@2019,18.0,13.0,True,0.13777141,2.6499178
2019,10,1007,RACE,george-russell,williams,williams@2019,19.0,14.0,True,-0.15004453,4.445199
2019,10,1007,RACE,robert-kubica,williams,williams@2019,20.0,15.0,True,0.4384271,4.445199
2019,10,1007,RACE,sebastian-vettel,ferrari,ferrari@2019,6.0,16.0,True,-0.19523494,0.76452273
2019,10,1007,RACE,sergio-perez,racing-point,racing-point@2019,15.0,17.0,True,-0.120568976,2.6499178
2019,10,1007,RACE,antonio-giovinazzi,alfa-romeo,alfa-romeo@2019,11.0,,False,0.06740639,2.2992218
2019,10,1007,RACE,romain-grosjean,haas,haas@2019,14.0,,False,0.15863675,1.8849312
2019,10,1007,RACE,kevin-magnussen,haas,haas@2019,16.0,,False,0.1493505,1.8849312
2019,11,1008,RACE,max-verstappen,red-bull,red-bull@2019,2.0,1.0,True,-0.6536732,1.3097664
2019,11,1008,RACE,sebastian-vettel,ferrari,ferrari@2019,20.0,2.0,True,-0.19523494,0.76452273
2019,11,1008,RACE,daniil-kvyat,toro-rosso,toro-rosso@2019,14.0,3.0,True,0.027427688,2.3867633
2019,11,1008,RACE,lance-stroll,racing-point,racing-point@2019,15.0,4.0,True,0.13777141,2.6499178
2019,11,1008,RACE,carlos-sainz-jr,mclaren,mclaren@2019,7.0,5.0,True,-0.31697583,2.0174172
2019,11,1008,RACE,alexander-albon,toro-rosso,toro-rosso@2019,16.0,6.0,True,-0.15946974,2.3867633
2019,11,1008,RACE,romain-grosjean,haas,haas@2019,6.0,7.0,True,0.15863675,1.8849312
2019,11,1008,RACE,kevin-magnussen,haas,haas@2019,12.0,8.0,True,0.1493505,1.8849312
2019,11,1008,RACE,lewis-hamilton,mercedes,mercedes@2019,1.0,9.0,True,-0.32978034,0.5564402
2019,11,1008,RACE,robert-kubica,williams,williams@2019,18.0,10.0,True,0.4384271,4.445199
2019,11,1008,RACE,george-russell,williams,williams@2019,17.0,11.0,True,-0.15004453,4.445199
2019,11,1008,RACE,kimi-raikkonen,alfa-romeo,alfa-romeo@2019,5.0,12.0,True,0.056275625,2.2992218
2019,11,1008,RACE,antonio-giovinazzi,alfa-romeo,alfa-romeo@2019,11.0,13.0,True,0.06740639,2.2992218
2019,11,1008,RACE,pierre-gasly,red-bull,red-bull@2019,4.0,14.0,True,-0.140402,1.3097664
2019,11,1008,RACE,valtteri-bottas,mercedes,mercedes@2019,3.0,,False,-0.17769375,0.5564402
2019,11,1008,RACE,nico-hulkenberg,renault,renault@2019,9.0,,False,-0.052372698,2.1473525
2019,11,1008,RACE,charles-leclerc,ferrari,ferrari@2019,10.0,,False,-0.44471368,0.76452273
2019,11,1008,RACE,lando-norris,mclaren,mclaren@2019,19.0,,False,-0.2814345,2.0174172
2019,11,1008,RACE,daniel-ricciardo,renault,renault@2019,13.0,,False,-0.20319322,2.1473525
2019,11,1008,RACE,sergio-perez,racing-point,racing-point@2019,8.0,,False,-0.120568976,2.6499178
2019,12,1009,RACE,lewis-hamilton,mercedes,mercedes@2019,3.0,1.0,True,-0.32978034,0.5564402
2019,12,1009,RACE,max-verstappen,red-bull,red-bull@2019,1.0,2.0,True,-0.6536732,1.3097664
2019,12,1009,RACE,sebastian-vettel,ferrari,ferrari@2019,5.0,3.0,True,-0.19523494,0.76452273
2019,12,1009,RACE,charles-leclerc,ferrari,ferrari@2019,4.0,4.0,True,-0.44471368,0.76452273
2019,12,1009,RACE,carlos-sainz-jr,mclaren,mclaren@2019,8.0,5.0,True,-0.31697583,2.0174172
2019,12,1009,RACE,pierre-gasly,red-bull,red-bull@2019,6.0,6.0,True,-0.140402,1.3097664
2019,12,1009,RACE,kimi-raikkonen,alfa-romeo,alfa-romeo@2019,10.0,7.0,True,0.056275625,2.2992218
2019,12,1009,RACE,valtteri-bottas,mercedes,mercedes@2019,2.0,8.0,True,-0.17769375,0.5564402
2019,12,1009,RACE,lando-norris,mclaren,mclaren@2019,7.0,9.0,True,-0.2814345,2.0174172
2019,12,1009,RACE,alexander-albon,toro-rosso,toro-rosso@2019,12.0,10.0,True,-0.15946974,2.3867633
2019,12,1009,RACE,sergio-perez,racing-point,racing-point@2019,16.0,11.0,True,-0.120568976,2.6499178
2019,12,1009,RACE,nico-hulkenberg,renault,renault@2019,11.0,12.0,True,-0.052372698,2.1473525
2019,12,1009,RACE,kevin-magnussen,haas,haas@2019,14.0,13.0,True,0.1493505,1.8849312
2019,12,1009,RACE,daniel-ricciardo,renault,renault@2019,20.0,14.0,True,-0.20319322,2.1473525
2019,12,1009,RACE,daniil-kvyat,toro-rosso,toro-rosso@2019,13.0,15.0,True,0.027427688,2.3867633
2019,12,1009,RACE,george-russell,williams,williams@2019,15.0,16.0,True,-0.15004453,4.445199
2019,12,1009,RACE,lance-stroll,racing-point,racing-point@2019,18.0,17.0,True,0.13777141,2.6499178
2019,12,1009,RACE,antonio-giovinazzi,alfa-romeo,alfa-romeo@2019,17.0,18.0,True,0.06740639,2.2992218
2019,12,1009,RACE,robert-kubica,williams,williams@2019,19.0,19.0,True,0.4384271,4.445199
2019,12,1009,RACE,romain-grosjean,haas,haas@2019,9.0,,False,0.15863675,1.8849312
2019,13,1010,RACE,charles-leclerc,ferrari,ferrari@2019,1.0,1.0,True,-0.44471368,0.76452273
2019,13,1010,RACE,lewis-hamilton,mercedes,mercedes@2019,3.0,2.0,True,-0.32978034,0.5564402
2019,13,1010,RACE,valtteri-bottas,mercedes,mercedes@2019,4.0,3.0,True,-0.17769375,0.5564402
2019,13,1010,RACE,sebastian-vettel,ferrari,ferrari@2019,2.0,4.0,True,-0.19523494,0.76452273
2019,13,1010,RACE,alexander-albon,red-bull,red-bull@2019,17.0,5.0,True,-0.15946974,1.3097664
2019,13,1010,RACE,sergio-perez,racing-point,racing-point@2019,7.0,6.0,True,-0.120568976,2.6499178
2019,13,1010,RACE,daniil-kvyat,toro-rosso,toro-rosso@2019,19.0,7.0,True,0.027427688,2.3867633
2019,13,1010,RACE,nico-hulkenberg,renault,renault@2019,12.0,8.0,True,-0.052372698,2.1473525
2019,13,1010,RACE,pierre-gasly,toro-rosso,toro-rosso@2019,13.0,9.0,True,-0.140402,2.3867633
2019,13,1010,RACE,lance-stroll,racing-point,racing-point@2019,16.0,10.0,True,0.13777141,2.6499178
2019,13,1010,RACE,lando-norris,mclaren,mclaren@2019,11.0,11.0,True,-0.2814345,2.0174172
2019,13,1010,RACE,kevin-magnussen,haas,haas@2019,8.0,12.0,True,0.1493505,1.8849312
2019,13,1010,RACE,romain-grosjean,haas,haas@2019,9.0,13.0,True,0.15863675,1.8849312
2019,13,1010,RACE,daniel-ricciardo,renault,renault@2019,10.0,14.0,True,-0.20319322,2.1473525
2019,13,1010,RACE,george-russell,williams,williams@2019,14.0,15.0,True,-0.15004453,4.445199
2019,13,1010,RACE,kimi-raikkonen,alfa-romeo,alfa-romeo@2019,6.0,16.0,True,0.056275625,2.2992218
2019,13,1010,RACE,robert-kubica,williams,williams@2019,21.0,17.0,True,0.4384271,4.445199
2019,13,1010,RACE,antonio-giovinazzi,alfa-romeo,alfa-romeo@2019,18.0,18.0,True,0.06740639,2.2992218
2019,13,1010,RACE,carlos-sainz-jr,mclaren,mclaren@2019,15.0,,False,-0.31697583,2.0174172
2019,13,1010,RACE,max-verstappen,red-bull,red-bull@2019,5.0,,False,-0.6536732,1.3097664
2019,14,1011,RACE,charles-leclerc,ferrari,ferrari@2019,1.0,1.0,True,-0.44471368,0.76452273
2019,14,1011,RACE,valtteri-bottas,mercedes,mercedes@2019,3.0,2.0,True,-0.17769375,0.5564402
2019,14,1011,RACE,lewis-hamilton,mercedes,mercedes@2019,2.0,3.0,True,-0.32978034,0.5564402
2019,14,1011,RACE,daniel-ricciardo,renault,renault@2019,5.0,4.0,True,-0.20319322,2.1473525
2019,14,1011,RACE,nico-hulkenberg,renault,renault@2019,6.0,5.0,True,-0.052372698,2.1473525
2019,14,1011,RACE,alexander-albon,red-bull,red-bull@2019,8.0,6.0,True,-0.15946974,1.3097664
2019,14,1011,RACE,sergio-perez,racing-point,racing-point@2019,18.0,7.0,True,-0.120568976,2.6499178
2019,14,1011,RACE,max-verstappen,red-bull,red-bull@2019,19.0,8.0,True,-0.6536732,1.3097664
2019,14,1011,RACE,antonio-giovinazzi,alfa-romeo,alfa-romeo@2019,10.0,9.0,True,0.06740639,2.2992218
2019,14,1011,RACE,lando-norris,mclaren,mclaren@2019,16.0,10.0,True,-0.2814345,2.0174172
2019,14,1011,RACE,pierre-gasly,toro-rosso,toro-rosso@2019,17.0,11.0,True,-0.140402,2.3867633
2019,14,1011,RACE,lance-stroll,racing-point,racing-point@2019,9.0,12.0,True,0.13777141,2.6499178
2019,14,1011,RACE,sebastian-vettel,ferrari,ferrari@2019,4.0,13.0,True,-0.19523494,0.76452273
2019,14,1011,RACE,george-russell,williams,williams@2019,14.0,14.0,True,-0.15004453,4.445199
2019,14,1011,RACE,kimi-raikkonen,alfa-romeo,alfa-romeo@2019,21.0,15.0,True,0.056275625,2.2992218
2019,14,1011,RACE,romain-grosjean,haas,haas@2019,13.0,16.0,True,0.15863675,1.8849312
2019,14,1011,RACE,robert-kubica,williams,williams@2019,15.0,17.0,True,0.4384271,4.445199
2019,14,1011,RACE,kevin-magnussen,haas,haas@2019,11.0,,False,0.1493505,1.8849312
2019,14,1011,RACE,daniil-kvyat,toro-rosso,toro-rosso@2019,12.0,,False,0.027427688,2.3867633
2019,14,1011,RACE,carlos-sainz-jr,mclaren,mclaren@2019,7.0,,False,-0.31697583,2.0174172
2019,15,1012,STREET,sebastian-vettel,ferrari,ferrari@2019,3.0,1.0,True,-0.19523494,0.76452273
2019,15,1012,STREET,charles-leclerc,ferrari,ferrari@2019,1.0,2.0,True,-0.44471368,0.76452273
2019,15,1012,STREET,max-verstappen,red-bull,red-bull@2019,4.0,3.0,True,-0.6536732,1.3097664
2019,15,1012,STREET,lewis-hamilton,mercedes,mercedes@2019,2.0,4.0,True,-0.32978034,0.5564402
2019,15,1012,STREET,valtteri-bottas,mercedes,mercedes@2019,5.0,5.0,True,-0.17769375,0.5564402
2019,15,1012,STREET,alexander-albon,red-bull,red-bull@2019,6.0,6.0,True,-0.15946974,1.3097664
2019,15,1012,STREET,lando-norris,mclaren,mclaren@2019,9.0,7.0,True,-0.2814345,2.0174172
2019,15,1012,STREET,pierre-gasly,toro-rosso,toro-rosso@2019,11.0,8.0,True,-0.140402,2.3867633
2019,15,1012,STREET,nico-hulkenberg,renault,renault@2019,8.0,9.0,True,-0.052372698,2.1473525
2019,15,1012,STREET,antonio-giovinazzi,alfa-romeo,alfa-romeo@2019,10.0,10.0,True,0.06740639,2.2992218
2019,15,1012,STREET,romain-grosjean,haas,haas@2019,17.0,11.0,True,0.15863675,1.8849312
2019,15,1012,STREET,carlos-sainz-jr,mclaren,mclaren@2019,7.0,12.0,True,-0.31697583,2.0174172
2019,15,1012,STREET,lance-stroll,racing-point,racing-point@2019,16.0,13.0,True,0.13777141,2.6499178
2019,15,1012,STREET,daniel-ricciardo,renault,renault@2019,20.0,14.0,True,-0.20319322,2.1473525
2019,15,1012,STREET,daniil-kvyat,toro-rosso,toro-rosso@2019,14.0,15.0,True,0.027427688,2.3867633
2019,15,1012,STREET,robert-kubica,williams,williams@2019,19.0,16.0,True,0.4384271,4.445199
2019,15,1012,STREET,kevin-magnussen,haas,haas@2019,13.0,17.0,True,0.1493505,1.8849312
2019,15,1012,STREET,kimi-raikkonen,alfa-romeo,alfa-romeo@2019,12.0,,False,0.056275625,2.2992218
2019,15,1012,STREET,sergio-perez,racing-point,racing-point@2019,15.0,,False,-0.120568976,2.6499178
2019,15,1012,STREET,george-russell,williams,williams@2019,18.0,,False,-0.15004453,4.445199
2019,16,1013,ROAD,lewis-hamilton,mercedes,mercedes@2019,2.0,1.0,True,-0.32978034,0.5564402
2019,16,1013,ROAD,valtteri-bottas,mercedes,mercedes@2019,4.0,2.0,True,-0.17769375,0.5564402
2019,16,1013,ROAD,charles-leclerc,ferrari,ferrari@2019,1.0,3.0,True,-0.44471368,0.76452273
2019,16,1013,ROAD,max-verstappen,red-bull,red-bull@2019,9.0,4.0,True,-0.6536732,1.3097664
2019,16,1013,ROAD,alexander-albon,red-bull,red-bull@2019,21.0,5.0,True,-0.15946974,1.3097664
2019,16,1013,ROAD,carlos-sainz-jr,mclaren,mclaren@2019,5.0,6.0,True,-0.31697583,2.0174172
2019,16,1013,ROAD,sergio-perez,racing-point,racing-point@2019,11.0,7.0,True,-0.120568976,2.6499178
2019,16,1013,ROAD,lando-norris,mclaren,mclaren@2019,7.0,8.0,True,-0.2814345,2.0174172
2019,16,1013,ROAD,kevin-magnussen,haas,haas@2019,13.0,9.0,True,0.1493505,1.8849312
2019,16,1013,ROAD,nico-hulkenberg,renault,renault@2019,6.0,10.0,True,-0.052372698,2.1473525
2019,16,1013,ROAD,lance-stroll,racing-point,racing-point@2019,14.0,11.0,True,0.13777141,2.6499178
2019,16,1013,ROAD,daniil-kvyat,toro-rosso,toro-rosso@2019,19.0,12.0,True,0.027427688,2.3867633
2019,16,1013,ROAD,kimi-raikkonen,alfa-romeo,alfa-romeo@2019,15.0,13.0,True,0.056275625,2.2992218
2019,16,1013,ROAD,pierre-gasly,toro-rosso,toro-rosso@2019,16.0,14.0,True,-0.140402,2.3867633
2019,16,1013,ROAD,antonio-giovinazzi,alfa-romeo,alfa-romeo@2019,12.0,15.0,True,0.06740639,2.2992218
2019,16,1013,ROAD,robert-kubica,williams,williams@2019,18.0,,False,0.4384271,4.445199
2019,16,1013,ROAD,george-russell,williams,williams@2019,17.0,,False,-0.15004453,4.445199
2019,16,1013,ROAD,sebastian-vettel,ferrari,ferrari@2019,3.0,,False,-0.19523494,0.76452273
2019,16,1013,ROAD,daniel-ricciardo,renault,renault@2019,10.0,,False,-0.20319322,2.1473525
2019,16,1013,ROAD,romain-grosjean,haas,haas@2019,8.0,,False,0.15863675,1.8849312
2019,17,1014,RACE,valtteri-bottas,mercedes,mercedes@2019,3.0,1.0,True,-0.17769375,0.5564402
2019,17,1014,RACE,sebastian-vettel,ferrari,ferrari@2019,1.0,2.0,True,-0.19523494,0.76452273
2019,17,1014,RACE,lewis-hamilton,mercedes,mercedes@2019,4.0,3.0,True,-0.32978034,0.5564402
2019,17,1014,RACE,alexander-albon,red-bull,red-bull@2019,6.0,4.0,True,-0.15946974,1.3097664
2019,17,1014,RACE,carlos-sainz-jr,mclaren,mclaren@2019,7.0,5.0,True,-0.31697583,2.0174172
2019,17,1014,RACE,charles-leclerc,ferrari,ferrari@2019,2.0,6.0,True,-0.44471368,0.76452273
2019,17,1014,RACE,pierre-gasly,toro-rosso,toro-rosso@2019,9.0,7.0,True,-0.140402,2.3867633
2019,17,1014,RACE,sergio-perez,racing-point,racing-point@2019,17.0,8.0,True,-0.120568976,2.6499178
2019,17,1014,RACE,lance-stroll,racing-point,racing-point@2019,12.0,9.0,True,0.13777141,2.6499178
2019,17,1014,RACE,daniil-kvyat,toro-rosso,toro-rosso@2019,14.0,10.0,True,0.027427688,2.3867633
2019,17,1014,RACE,lando-norris,mclaren,mclaren@2019,8.0,11.0,True,-0.2814345,2.0174172
2019,17,1014,RACE,kimi-raikkonen,alfa-romeo,alfa-romeo@2019,13.0,12.0,True,0.056275625,2.2992218
2019,17,1014,RACE,romain-grosjean,haas,haas@2019,10.0,13.0,True,0.15863675,1.8849312
2019,17,1014,RACE,antonio-giovinazzi,alfa-romeo,alfa-romeo@2019,11.0,14.0,True,0.06740639,2.2992218
2019,17,1014,RACE,kevin-magnussen,haas,haas@2019,19.0,15.0,True,0.1493505,1.8849312
2019,17,1014,RACE,george-russell,williams,williams@2019,18.0,16.0,True,-0.15004453,4.445199
2019,17,1014,RACE,robert-kubica,williams,williams@2019,21.0,17.0,True,0.4384271,4.445199
2019,17,1014,RACE,max-verstappen,red-bull,red-bull@2019,5.0,,False,-0.6536732,1.3097664
2019,17,1014,RACE,daniel-ricciardo,renault,renault@2019,16.0,,False,-0.20319322,2.1473525
2019,17,1014,RACE,nico-hulkenberg,renault,renault@2019,15.0,,False,-0.052372698,2.1473525
2019,18,1015,RACE,lewis-hamilton,mercedes,mercedes@2019,3.0,1.0,True,-0.32978034,0.5564402
2019,18,1015,RACE,sebastian-vettel,ferrari,ferrari@2019,2.0,2.0,True,-0.19523494,0.76452273
2019,18,1015,RACE,valtteri-bottas,mercedes,mercedes@2019,6.0,3.0,True,-0.17769375,0.5564402
2019,18,1015,RACE,charles-leclerc,ferrari,ferrari@2019,1.0,4.0,True,-0.44471368,0.76452273
2019,18,1015,RACE,alexander-albon,red-bull,red-bull@2019,5.0,5.0,True,-0.15946974,1.3097664
2019,18,1015,RACE,max-verstappen,red-bull,red-bull@2019,4.0,6.0,True,-0.6536732,1.3097664
2019,18,1015,RACE,sergio-perez,racing-point,racing-point@2019,11.0,7.0,True,-0.120568976,2.6499178
2019,18,1015,RACE,daniel-ricciardo,renault,renault@2019,13.0,8.0,True,-0.20319322,2.1473525
2019,18,1015,RACE,pierre-gasly,toro-rosso,toro-rosso@2019,10.0,9.0,True,-0.140402,2.3867633
2019,18,1015,RACE,nico-hulkenberg,renault,renault@2019,12.0,10.0,True,-0.052372698,2.1473525
2019,18,1015,RACE,daniil-kvyat,toro-rosso,toro-rosso@2019,9.0,11.0,True,0.027427688,2.3867633
2019,18,1015,RACE,lance-stroll,racing-point,racing-point@2019,16.0,12.0,True,0.13777141,2.6499178
2019,18,1015,RACE,carlos-sainz-jr,mclaren,mclaren@2019,7.0,13.0,True,-0.31697583,2.0174172
2019,18,1015,RACE,antonio-giovinazzi,alfa-romeo,alfa-romeo@2019,15.0,14.0,True,0.06740639,2.2992218
2019,18,1015,RACE,kevin-magnussen,haas,haas@2019,17.0,15.0,True,0.1493505,1.8849312
2019,18,1015,RACE,george-russell,williams,williams@2019,19.0,16.0,True,-0.15004453,4.445199
2019,18,1015,RACE,romain-grosjean,haas,haas@2019,18.0,17.0,True,0.15863675,1.8849312
2019,18,1015,RACE,robert-kubica,williams,williams@2019,20.0,18.0,True,0.4384271,4.445199
2019,18,1015,RACE,kimi-raikkonen,alfa-romeo,alfa-romeo@2019,14.0,,False,0.056275625,2.2992218
2019,18,1015,RACE,lando-norris,mclaren,mclaren@2019,8.0,,False,-0.2814345,2.0174172
2019,19,1016,RACE,valtteri-bottas,mercedes,mercedes@2019,1.0,1.0,True,-0.17769375,0.5564402
2019,19,1016,RACE,lewis-hamilton,mercedes,mercedes@2019,5.0,2.0,True,-0.32978034,0.5564402
2019,19,1016,RACE,max-verstappen,red-bull,red-bull@2019,3.0,3.0,True,-0.6536732,1.3097664
2019,19,1016,RACE,charles-leclerc,ferrari,ferrari@2019,4.0,4.0,True,-0.44471368,0.76452273
2019,19,1016,RACE,alexander-albon,red-bull,red-bull@2019,6.0,5.0,True,-0.15946974,1.3097664
2019,19,1016,RACE,daniel-ricciardo,renault,renault@2019,9.0,6.0,True,-0.20319322,2.1473525
2019,19,1016,RACE,lando-norris,mclaren,mclaren@2019,8.0,7.0,True,-0.2814345,2.0174172
2019,19,1016,RACE,carlos-sainz-jr,mclaren,mclaren@2019,7.0,8.0,True,-0.31697583,2.0174172
2019,19,1016,RACE,nico-hulkenberg,renault,renault@2019,11.0,9.0,True,-0.052372698,2.1473525
2019,19,1016,RACE,sergio-perez,racing-point,racing-point@2019,21.0,10.0,True,-0.120568976,2.6499178
2019,19,1016,RACE,kimi-raikkonen,alfa-romeo,alfa-romeo@2019,17.0,11.0,True,0.056275625,2.2992218
2019,19,1016,RACE,daniil-kvyat,toro-rosso,toro-rosso@2019,13.0,12.0,True,0.027427688,2.3867633
2019,19,1016,RACE,lance-stroll,racing-point,racing-point@2019,14.0,13.0,True,0.13777141,2.6499178
2019,19,1016,RACE,antonio-giovinazzi,alfa-romeo,alfa-romeo@2019,16.0,14.0,True,0.06740639,2.2992218
2019,19,1016,RACE,romain-grosjean,haas,haas@2019,15.0,15.0,True,0.15863675,1.8849312
2019,19,1016,RACE,pierre-gasly,toro-rosso,toro-rosso@2019,10.0,16.0,True,-0.140402,2.3867633
2019,19,1016,RACE,george-russell,williams,williams@2019,18.0,17.0,True,-0.15004453,4.445199
2019,19,1016,RACE,kevin-magnussen,haas,haas@2019,12.0,18.0,True,0.1493505,1.8849312
2019,19,1016,RACE,robert-kubica,williams,williams@2019,19.0,,False,0.4384271,4.445199
2019,19,1016,RACE,sebastian-vettel,ferrari,ferrari@2019,2.0,,False,-0.19523494,0.76452273
2019,20,1017,RACE,max-verstappen,red-bull,red-bull@2019,1.0,1.0,True,-0.6536732,1.3097664
2019,20,1017,RACE,pierre-gasly,toro-rosso,toro-rosso@2019,6.0,2.0,True,-0.140402,2.3867633
2019,20,1017,RACE,carlos-sainz-jr,mclaren,mclaren@2019,20.0,3.0,True,-0.31697583,2.0174172
2019,20,1017,RACE,kimi-raikkonen,alfa-romeo,alfa-romeo@2019,8.0,4.0,True,0.056275625,2.2992218
2019,20,1017,RACE,antonio-giovinazzi,alfa-romeo,alfa-romeo@2019,12.0,5.0,True,0.06740639,2.2992218
2019,20,1017,RACE,daniel-ricciardo,renault,renault@2019,11.0,6.0,True,-0.20319322,2.1473525
2019,20,1017,RACE,lewis-hamilton,mercedes,mercedes@2019,3.0,7.0,True,-0.32978034,0.5564402
2019,20,1017,RACE,lando-norris,mclaren,mclaren@2019,10.0,8.0,True,-0.2814345,2.0174172
2019,20,1017,RACE,sergio-perez,racing-point,racing-point@2019,15.0,9.0,True,-0.120568976,2.6499178
2019,20,1017,RACE,daniil-kvyat,toro-rosso,toro-rosso@2019,16.0,10.0,True,0.027427688,2.3867633
2019,20,1017,RACE,kevin-magnussen,haas,haas@2019,9.0,11.0,True,0.1493505,1.8849312
2019,20,1017,RACE,george-russell,williams,williams@2019,18.0,12.0,True,-0.15004453,4.445199
2019,20,1017,RACE,romain-grosjean,haas,haas@2019,7.0,13.0,True,0.15863675,1.8849312
2019,20,1017,RACE,alexander-albon,red-bull,red-bull@2019,5.0,14.0,True,-0.15946974,1.3097664
2019,20,1017,RACE,nico-hulkenberg,renault,renault@2019,13.0,15.0,True,-0.052372698,2.1473525
2019,20,1017,RACE,robert-kubica,williams,williams@2019,19.0,16.0,True,0.4384271,4.445199
2019,20,1017,RACE,sebastian-vettel,ferrari,ferrari@2019,2.0,17.0,True,-0.19523494,0.76452273
2019,20,1017,RACE,charles-leclerc,ferrari,ferrari@2019,14.0,18.0,True,-0.44471368,0.76452273
2019,20,1017,RACE,lance-stroll,racing-point,racing-point@2019,17.0,19.0,True,0.13777141,2.6499178
2019,20,1017,RACE,valtteri-bottas,mercedes,mercedes@2019,4.0,,False,-0.17769375,0.5564402
2019,21,1018,RACE,lewis-hamilton,mercedes,mercedes@2019,1.0,1.0,True,-0.32978034,0.5564402
2019,21,1018,RACE,max-verstappen,red-bull,red-bull@2019,2.0,2.0,True,-0.6536732,1.3097664
2019,21,1018,RACE,charles-leclerc,ferrari,ferrari@2019,3.0,3.0,True,-0.44471368,0.76452273
2019,21,1018,RACE,valtteri-bottas,mercedes,mercedes@2019,20.0,4.0,True,-0.17769375,0.5564402
2019,21,1018,RACE,sebastian-vettel,ferrari,ferrari@2019,4.0,5.0,True,-0.19523494,0.76452273
2019,21,1018,RACE,alexander-albon,red-bull,red-bull@2019,5.0,6.0,True,-0.15946974,1.3097664
2019,21,1018,RACE,sergio-perez,racing-point,racing-point@2019,10.0,7.0,True,-0.120568976,2.6499178
2019,21,1018,RACE,lando-norris,mclaren,mclaren@2019,6.0,8.0,True,-0.2814345,2.0174172
2019,21,1018,RACE,daniil-kvyat,toro-rosso,toro-rosso@2019,13.0,9.0,True,0.027427688,2.3867633
2019,21,1018,RACE,carlos-sainz-jr,mclaren,mclaren@2019,8.0,10.0,True,-0.31697583,2.0174172
2019,21,1018,RACE,daniel-ricciardo,renault,renault@2019,7.0,11.0,True,-0.20319322,2.1473525
2019,21,1018,RACE,nico-hulkenberg,renault,renault@2019,9.0,12.0,True,-0.052372698,2.1473525
2019,21,1018,RACE,kimi-raikkonen,alfa-romeo,alfa-romeo@2019,17.0,13.0,True,0.056275625,2.2992218
2019,21,1018,RACE,kevin-magnussen,haas,haas@2019,14.0,14.0,True,0.1493505,1.8849312
2019,21,1018,RACE,romain-grosjean,haas,haas@2019,15.0,15.0,True,0.15863675,1.8849312
2019,21,1018,RACE,antonio-giovinazzi,alfa-romeo,alfa-romeo@2019,16.0,16.0,True,0.06740639,2.2992218
2019,21,1018,RACE,george-russell,williams,williams@2019,18.0,17.0,True,-0.15004453,4.445199
2019,21,1018,RACE,pierre-gasly,toro-rosso,toro-rosso@2019,11.0,18.0,True,-0.140402,2.3867633
2019,21,1018,RACE,robert-kubica,williams,williams@2019,19.0,19.0,True,0.4384271,4.445199
2019,21,1018,RACE,lance-stroll,racing-point,racing-point@2019,12.0,,False,0.13777141,2.6499178
2020,1,1019,RACE,valtteri-bottas,mercedes,mercedes@2020,1.0,1.0,True,-0.18335393,0.39071655
2020,1,1019,RACE,charles-leclerc,ferrari,ferrari@2020,7.0,2.0,True,-0.51002145,2.1593218
2020,1,1019,RACE,lando-norris,mclaren,mclaren@2020,3.0,3.0,True,-0.37712613,1.8703697
2020,1,1019,RACE,lewis-hamilton,mercedes,mercedes@2020,5.0,4.0,True,-0.34682968,0.39071655
2020,1,1019,RACE,carlos-sainz-jr,mclaren,mclaren@2020,8.0,5.0,True,-0.36055124,1.8703697
2020,1,1019,RACE,sergio-perez,racing-point,racing-point@2020,6.0,6.0,True,-0.16967566,1.4170797
2020,1,1019,RACE,pierre-gasly,alphatauri,alphatauri@2020,12.0,7.0,True,-0.22720481,1.8131655
2020,1,1019,RACE,esteban-ocon,renault,renault@2020,14.0,8.0,True,-0.06085223,1.610726
2020,1,1019,RACE,antonio-giovinazzi,alfa-romeo,alfa-romeo@2020,18.0,9.0,True,0.01767104,3.0162406
2020,1,1019,RACE,sebastian-vettel,ferrari,ferrari@2020,11.0,10.0,True,-0.12542093,2.1593218
2020,1,1019,RACE,nicholas-latifi,williams,williams@2020,20.0,11.0,True,0.5004177,2.920734
2020,1,1019,RACE,daniil-kvyat,alphatauri,alphatauri@2020,13.0,12.0,True,0.053341933,1.8131655
2020,1,1019,RACE,alexander-albon,red-bull,red-bull@2020,4.0,13.0,True,-0.13345794,1.4519738
2020,1,1019,RACE,kimi-raikkonen,alfa-romeo,alfa-romeo@2020,19.0,,False,0.08662478,3.0162406
2020,1,1019,RACE,george-russell,williams,williams@2020,17.0,,False,-0.2135496,2.920734
2020,1,1019,RACE,romain-grosjean,haas,haas@2020,15.0,,False,0.1464358,2.839929
2020,1,1019,RACE,kevin-magnussen,haas,haas@2020,16.0,,False,0.18965653,2.839929
2020,1,1019,RACE,lance-stroll,racing-point,racing-point@2020,9.0,,False,0.11747733,1.4170797
2020,1,1019,RACE,daniel-ricciardo,renault,renault@2020,10.0,,False,-0.15834759,1.610726
2020,1,1019,RACE,max-verstappen,red-bull,red-bull@2020,2.0,,False,-0.7577502,1.4519738
2020,2,1020,RACE,lewis-hamilton,mercedes,mercedes@2020,1.0,1.0,True,-0.34682968,0.39071655
2020,2,1020,RACE,valtteri-bottas,mercedes,mercedes@2020,4.0,2.0,True,-0.18335393,0.39071655
2020,2,1020,RACE,max-verstappen,red-bull,red-bull@2020,2.0,3.0,True,-0.7577502,1.4519738
2020,2,1020,RACE,alexander-albon,red-bull,red-bull@2020,6.0,4.0,True,-0.13345794,1.4519738
2020,2,1020,RACE,lando-norris,mclaren,mclaren@2020,9.0,5.0,True,-0.37712613,1.8703697
2020,2,1020,RACE,sergio-perez,racing-point,racing-point@2020,17.0,6.0,True,-0.16967566,1.4170797
2020,2,1020,RACE,lance-stroll,racing-point,racing-point@2020,13.0,7.0,True,0.11747733,1.4170797
2020,2,1020,RACE,daniel-ricciardo,renault,renault@2020,8.0,8.0,True,-0.15834759,1.610726
2020,2,1020,RACE,carlos-sainz-jr,mclaren,mclaren@2020,3.0,9.0,True,-0.36055124,1.8703697
2020,2,1020,RACE,daniil-kvyat,alphatauri,alphatauri@2020,14.0,10.0,True,0.053341933,1.8131655
2020,2,1020,RACE,kimi-raikkonen,alfa-romeo,alfa-romeo@2020,16.0,11.0,True,0.08662478,3.0162406
2020,2,1020,RACE,kevin-magnussen,haas,haas@2020,15.0,12.0,True,0.18965653,2.839929
2020,2,1020,RACE,romain-grosjean,haas,haas@2020,21.0,13.0,True,0.1464358,2.839929
2020,2,1020,RACE,antonio-giovinazzi,alfa-romeo,alfa-romeo@2020,19.0,14.0,True,0.01767104,3.0162406
2020,2,1020,RACE,pierre-gasly,alphatauri,alphatauri@2020,7.0,15.0,True,-0.22720481,1.8131655
2020,2,1020,RACE,george-russell,williams,williams@2020,12.0,16.0,True,-0.2135496,2.920734
2020,2,1020,RACE,nicholas-latifi,williams,williams@2020,18.0,17.0,True,0.5004177,2.920734
2020,2,1020,RACE,esteban-ocon,renault,renault@2020,5.0,,False,-0.06085223,1.610726
2020,2,1020,RACE,charles-leclerc,ferrari,ferrari@2020,11.0,,False,-0.51002145,2.1593218
2020,2,1020,RACE,sebastian-vettel,ferrari,ferrari@2020,10.0,,False,-0.12542093,2.1593218
2020,3,1021,RACE,lewis-hamilton,mercedes,mercedes@2020,1.0,1.0,True,-0.34682968,0.39071655
2020,3,1021,RACE,max-verstappen,red-bull,red-bull@2020,7.0,2.0,True,-0.7577502,1.4519738
2020,3,1021,RACE,valtteri-bottas,mercedes,mercedes@2020,2.0,3.0,True,-0.18335393,0.39071655
2020,3,1021,RACE,lance-stroll,racing-point,racing-point@2020,3.0,4.0,True,0.11747733,1.4170797
2020,3,1021,RACE,alexander-albon,red-bull,red-bull@2020,13.0,5.0,True,-0.13345794,1.4519738
2020,3,1021,RACE,sebastian-vettel,ferrari,ferrari@2020,5.0,6.0,True,-0.12542093,2.1593218
2020,3,1021,RACE,sergio-perez,racing-point,racing-point@2020,4.0,7.0,True,-0.16967566,1.4170797
2020,3,1021,RACE,daniel-ricciardo,renault,renault@2020,11.0,8.0,True,-0.15834759,1.610726
2020,3,1021,RACE,carlos-sainz-jr,mclaren,mclaren@2020,9.0,9.0,True,-0.36055124,1.8703697
2020,3,1021,RACE,kevin-magnussen,haas,haas@2020,21.0,10.0,True,0.18965653,2.839929
2020,3,1021,RACE,charles-leclerc,ferrari,ferrari@2020,6.0,11.0,True,-0.51002145,2.1593218
2020,3,1021,RACE,daniil-kvyat,alphatauri,alphatauri@2020,17.0,12.0,True,0.053341933,1.8131655
2020,3,1021,RACE,lando-norris,mclaren,mclaren@2020,8.0,13.0,True,-0.37712613,1.8703697
2020,3,1021,RACE,esteban-ocon,renault,renault@2020,14.0,14.0,True,-0.06085223,1.610726
2020,3,1021,RACE,kimi-raikkonen,alfa-romeo,alfa-romeo@2020,20.0,15.0,True,0.08662478,3.0162406
2020,3,1021,RACE,romain-grosjean,haas,haas@2020,21.0,16.0,True,0.1464358,2.839929
2020,3,1021,RACE,antonio-giovinazzi,alfa-romeo,alfa-romeo@2020,19.0,17.0,True,0.01767104,3.0162406
2020,3,1021,RACE,george-russell,williams,williams@2020,12.0,18.0,True,-0.2135496,2.920734
2020,3,1021,RACE,nicholas-latifi,williams,williams@2020,15.0,19.0,True,0.5004177,2.920734
2020,3,1021,RACE,pierre-gasly,alphatauri,alphatauri@2020,10.0,,False,-0.22720481,1.8131655
2020,4,1022,RACE,lewis-hamilton,mercedes,mercedes@2020,1.0,1.0,True,-0.34682968,0.39071655
2020,4,1022,RACE,max-verstappen,red-bull,red-bull@2020,3.0,2.0,True,-0.7577502,1.4519738
2020,4,1022,RACE,charles-leclerc,ferrari,ferrari@2020,4.0,3.0,True,-0.51002145,2.1593218
2020,4,1022,RACE,daniel-ricciardo,renault,renault@2020,8.0,4.0,True,-0.15834759,1.610726
2020,4,1022,RACE,lando-norris,mclaren,mclaren@2020,5.0,5.0,True,-0.37712613,1.8703697
2020,4,1022,RACE,esteban-ocon,renault,renault@2020,9.0,6.0,True,-0.06085223,1.610726
2020,4,1022,RACE,pierre-gasly,alphatauri,alphatauri@2020,11.0,7.0,True,-0.22720481,1.8131655
2020,4,1022,RACE,alexander-albon,red-bull,red-bull@2020,12.0,8.0,True,-0.13345794,1.4519738
2020,4,1022,RACE,lance-stroll,racing-point,racing-point@2020,6.0,9.0,True,0.11747733,1.4170797
2020,4,1022,RACE,sebastian-vettel,ferrari,ferrari@2020,10.0,10.0,True,-0.12542093,2.1593218
2020,4,1022,RACE,valtteri-bottas,mercedes,mercedes@2020,2.0,11.0,True,-0.18335393,0.39071655
2020,4,1022,RACE,george-russell,williams,williams@2020,20.0,12.0,True,-0.2135496,2.920734
2020,4,1022,RACE,carlos-sainz-jr,mclaren,mclaren@2020,7.0,13.0,True,-0.36055124,1.8703697
2020,4,1022,RACE,antonio-giovinazzi,alfa-romeo,alfa-romeo@2020,15.0,14.0,True,0.01767104,3.0162406
2020,4,1022,RACE,nicholas-latifi,williams,williams@2020,18.0,15.0,True,0.5004177,2.920734
2020,4,1022,RACE,romain-grosjean,haas,haas@2020,17.0,16.0,True,0.1464358,2.839929
2020,4,1022,RACE,kimi-raikkonen,alfa-romeo,alfa-romeo@2020,16.0,17.0,True,0.08662478,3.0162406
2020,4,1022,RACE,daniil-kvyat,alphatauri,alphatauri@2020,19.0,,False,0.053341933,1.8131655
2020,4,1022,RACE,kevin-magnussen,haas,haas@2020,14.0,,False,0.18965653,2.839929
2020,5,1023,RACE,max-verstappen,red-bull,red-bull@2020,4.0,1.0,True,-0.7577502,1.4519738
2020,5,1023,RACE,lewis-hamilton,mercedes,mercedes@2020,2.0,2.0,True,-0.34682968,0.39071655
2020,5,1023,RACE,valtteri-bottas,mercedes,mercedes@2020,1.0,3.0,True,-0.18335393,0.39071655
2020,5,1023,RACE,charles-leclerc,ferrari,ferrari@2020,8.0,4.0,True,-0.51002145,2.1593218
2020,5,1023,RACE,alexander-albon,red-bull,red-bull@2020,9.0,5.0,True,-0.13345794,1.4519738
2020,5,1023,RACE,lance-stroll,racing-point,racing-point@2020,6.0,6.0,True,0.11747733,1.4170797
2020,5,1023,RACE,nico-hulkenberg,racing-point,racing-point@2020,3.0,7.0,True,-0.052745745,1.4170797
2020,5,1023,RACE,esteban-ocon,renault,renault@2020,14.0,8.0,True,-0.06085223,1.610726
2020,5,1023,RACE,lando-norris,mclaren,mclaren@2020,10.0,9.0,True,-0.37712613,1.8703697
2020,5,1023,RACE,daniil-kvyat,alphatauri,alphatauri@2020,16.0,10.0,True,0.053341933,1.8131655
2020,5,1023,RACE,pierre-gasly,alphatauri,alphatauri@2020,7.0,11.0,True,-0.22720481,1.8131655
2020,5,1023,RACE,sebastian-vettel,ferrari,ferrari@2020,11.0,12.0,True,-0.12542093,2.1593218
2020,5,1023,RACE,carlos-sainz-jr,mclaren,mclaren@2020,12.0,13.0,True,-0.36055124,1.8703697
2020,5,1023,RACE,daniel-ricciardo,renault,renault@2020,5.0,14.0,True,-0.15834759,1.610726
2020,5,1023,RACE,kimi-raikkonen,alfa-romeo,alfa-romeo@2020,20.0,15.0,True,0.08662478,3.0162406
2020,5,1023,RACE,romain-grosjean,haas,haas@2020,13.0,16.0,True,0.1464358,2.839929
2020,5,1023,RACE,antonio-giovinazzi,alfa-romeo,alfa-romeo@2020,19.0,17.0,True,0.01767104,3.0162406
2020,5,1023,RACE,george-russell,williams,williams@2020,15.0,18.0,True,-0.2135496,2.920734
2020,5,1023,RACE,nicholas-latifi,williams,williams@2020,18.0,19.0,True,0.5004177,2.920734
2020,5,1023,RACE,kevin-magnussen,haas,haas@2020,17.0,,False,0.18965653,2.839929
2020,6,1024,RACE,lewis-hamilton,mercedes,mercedes@2020,1.0,1.0,True,-0.34682968,0.39071655
2020,6,1024,RACE,max-verstappen,red-bull,red-bull@2020,3.0,2.0,True,-0.7577502,1.4519738
2020,6,1024,RACE,valtteri-bottas,mercedes,mercedes@2020,2.0,3.0,True,-0.18335393,0.39071655
2020,6,1024,RACE,lance-stroll,racing-point,racing-point@2020,5.0,4.0,True,0.11747733,1.4170797
2020,6,1024,RACE,sergio-perez,racing-point,racing-point@2020,4.0,5.0,True,-0.16967566,1.4170797
2020,6,1024,RACE,carlos-sainz-jr,mclaren,mclaren@2020,7.0,6.0,True,-0.36055124,1.8703697
2020,6,1024,RACE,sebastian-vettel,ferrari,ferrari@2020,11.0,7.0,True,-0.12542093,2.1593218
2020,6,1024,RACE,alexander-albon,red-bull,red-bull@2020,6.0,8.0,True,-0.13345794,1.4519738
2020,6,1024,RACE,pierre-gasly,alphatauri,alphatauri@2020,10.0,9.0,True,-0.22720481,1.8131655
2020,6,1024,RACE,lando-norris,mclaren,mclaren@2020,8.0,10.0,True,-0.37712613,1.8703697
2020,6,1024,RACE,daniel-ricciardo,renault,renault@2020,13.0,11.0,True,-0.15834759,1.610726
2020,6,1024,RACE,daniil-kvyat,alphatauri,alphatauri@2020,12.0,12.0,True,0.053341933,1.8131655
2020,6,1024,RACE,esteban-ocon,renault,renault@2020,15.0,13.0,True,-0.06085223,1.610726
2020,6,1024,RACE,kimi-raikkonen,alfa-romeo,alfa-romeo@2020,14.0,14.0,True,0.08662478,3.0162406
2020,6,1024,RACE,kevin-magnussen,haas,haas@2020,16.0,15.0,True,0.18965653,2.839929
2020,6,1024,RACE,antonio-giovinazzi,alfa-romeo,alfa-romeo@2020,20.0,16.0,True,0.01767104,3.0162406
2020,6,1024,RACE,george-russell,williams,williams@2020,18.0,17.0,True,-0.2135496,2.920734
2020,6,1024,RACE,nicholas-latifi,williams,williams@2020,19.0,18.0,True,0.5004177,2.920734
2020,6,1024,RACE,romain-grosjean,haas,haas@2020,17.0,19.0,True,0.1464358,2.839929
2020,6,1024,RACE,charles-leclerc,ferrari,ferrari@2020,9.0,,False,-0.51002145,2.1593218
2020,7,1025,RACE,lewis-hamilton,mercedes,mercedes@2020,1.0,1.0,True,-0.34682968,0.39071655
2020,7,1025,RACE,valtteri-bottas,mercedes,mercedes@2020,2.0,2.0,True,-0.18335393,0.39071655
2020,7,1025,RACE,max-verstappen,red-bull,red-bull@2020,3.0,3.0,True,-0.7577502,1.4519738
2020,7,1025,RACE,daniel-ricciardo,renault,renault@2020,4.0,4.0,True,-0.15834759,1.610726
2020,7,1025,RACE,esteban-ocon,renault,renault@2020,6.0,5.0,True,-0.06085223,1.610726
2020,7,1025,RACE,alexander-albon,red-bull,red-bull@2020,5.0,6.0,True,-0.13345794,1.4519738
2020,7,1025,RACE,lando-norris,mclaren,mclaren@2020,10.0,7.0,True,-0.37712613,1.8703697
2020,7,1025,RACE,pierre-gasly,alphatauri,alphatauri@2020,12.0,8.0,True,-0.22720481,1.8131655
2020,7,1025,RACE,lance-stroll,racing-point,racing-point@2020,9.0,9.0,True,0.11747733,1.4170797
2020,7,1025,RACE,sergio-perez,racing-point,racing-point@2020,8.0,10.0,True,-0.16967566,1.4170797
2020,7,1025,RACE,daniil-kvyat,alphatauri,alphatauri@2020,11.0,11.0,True,0.053341933,1.8131655
2020,7,1025,RACE,kimi-raikkonen,alfa-romeo,alfa-romeo@2020,16.0,12.0,True,0.08662478,3.0162406
2020,7,1025,RACE,sebastian-vettel,ferrari,ferrari@2020,14.0,13.0,True,-0.12542093,2.1593218
2020,7,1025,RACE,charles-leclerc,ferrari,ferrari@2020,13.0,14.0,True,-0.51002145,2.1593218
2020,7,1025,RACE,romain-grosjean,haas,haas@2020,17.0,15.0,True,0.1464358,2.839929
2020,7,1025,RACE,nicholas-latifi,williams,williams@2020,19.0,16.0,True,0.5004177,2.920734
2020,7,1025,RACE,kevin-magnussen,haas,haas@2020,20.0,17.0,True,0.18965653,2.839929
2020,7,1025,RACE,antonio-giovinazzi,alfa-romeo,alfa-romeo@2020,18.0,,False,0.01767104,3.0162406
2020,7,1025,RACE,george-russell,williams,williams@2020,15.0,,False,-0.2135496,2.920734
2020,8,1026,RACE,pierre-gasly,alphatauri,alphatauri@2020,10.0,1.0,True,-0.22720481,1.8131655
2020,8,1026,RACE,carlos-sainz-jr,mclaren,mclaren@2020,3.0,2.0,True,-0.36055124,1.8703697
2020,8,1026,RACE,lance-stroll,racing-point,racing-point@2020,8.0,3.0,True,0.11747733,1.4170797
2020,8,1026,RACE,lando-norris,mclaren,mclaren@2020,6.0,4.0,True,-0.37712613,1.8703697
2020,8,1026,RACE,valtteri-bottas,mercedes,mercedes@2020,2.0,5.0,True,-0.18335393,0.39071655
2020,8,1026,RACE,daniel-ricciardo,renault,renault@2020,7.0,6.0,True,-0.15834759,1.610726
2020,8,1026,RACE,lewis-hamilton,mercedes,mercedes@2020,1.0,7.0,True,-0.34682968,0.39071655
2020,8,1026,RACE,esteban-ocon,renault,renault@2020,12.0,8.0,True,-0.06085223,1.610726
2020,8,1026,RACE,daniil-kvyat,alphatauri,alphatauri@2020,11.0,9.0,True,0.053341933,1.8131655
2020,8,1026,RACE,sergio-perez,racing-point,racing-point@2020,4.0,10.0,True,-0.16967566,1.4170797
2020,8,1026,RACE,nicholas-latifi,williams,williams@2020,20.0,11.0,True,0.5004177,2.920734
2020,8,1026,RACE,romain-grosjean,haas,haas@2020,16.0,12.0,True,0.1464358,2.839929
2020,8,1026,RACE,kimi-raikkonen,alfa-romeo,alfa-romeo@2020,14.0,13.0,True,0.08662478,3.0162406
2020,8,1026,RACE,george-russell,williams,williams@2020,19.0,14.0,True,-0.2135496,2.920734
2020,8,1026,RACE,alexander-albon,red-bull,red-bull@2020,9.0,15.0,True,-0.13345794,1.4519738
2020,8,1026,RACE,antonio-giovinazzi,alfa-romeo,alfa-romeo@2020,18.0,16.0,True,0.01767104,3.0162406
2020,8,1026,RACE,max-verstappen,red-bull,red-bull@2020,5.0,,False,-0.7577502,1.4519738
2020,8,1026,RACE,charles-leclerc,ferrari,ferrari@2020,13.0,,False,-0.51002145,2.1593218
2020,8,1026,RACE,kevin-magnussen,haas,haas@2020,15.0,,False,0.18965653,2.839929
2020,8,1026,RACE,sebastian-vettel,ferrari,ferrari@2020,17.0,,False,-0.12542093,2.1593218
2020,9,1027,RACE,lewis-hamilton,mercedes,mercedes@2020,1.0,1.0,True,-0.34682968,0.39071655
2020,9,1027,RACE,valtteri-bottas,mercedes,mercedes@2020,2.0,2.0,True,-0.18335393,0.39071655
2020,9,1027,RACE,alexander-albon,red-bull,red-bull@2020,4.0,3.0,True,-0.13345794,1.4519738
2020,9,1027,RACE,daniel-ricciardo,renault,renault@2020,8.0,4.0,True,-0.15834759,1.610726
2020,9,1027,RACE,sergio-perez,racing-point,racing-point@2020,7.0,5.0,True,-0.16967566,1.4170797
2020,9,1027,RACE,lando-norris,mclaren,mclaren@2020,11.0,6.0,True,-0.37712613,1.8703697
2020,9,1027,RACE,daniil-kvyat,alphatauri,alphatauri@2020,12.0,7.0,True,0.053341933,1.8131655
2020,9,1027,RACE,charles-leclerc,ferrari,ferrari@2020,5.0,8.0,True,-0.51002145,2.1593218
2020,9,1027,RACE,kimi-raikkonen,alfa-romeo,alfa-romeo@2020,13.0,9.0,True,0.08662478,3.0162406
2020,9,1027,RACE,sebastian-vettel,ferrari,ferrari@2020,14.0,10.0,True,-0.12542093,2.1593218
2020,9,1027,RACE,george-russell,williams,williams@2020,18.0,11.0,True,-0.2135496,2.920734
2020,9,1027,RACE,romain-grosjean,haas,haas@2020,15.0,12.0,True,0.1464358,2.839929
2020,9,1027,RACE,lance-stroll,racing-point,racing-point@2020,6.0,,False,0.11747733,1.4170797
2020,9,1027,RACE,esteban-ocon,renault,renault@2020,10.0,,False,-0.06085223,1.610726
2020,9,1027,RACE,nicholas-latifi,williams,williams@2020,19.0,,False,0.5004177,2.920734
2020,9,1027,RACE,kevin-magnussen,haas,haas@2020,20.0,,False,0.18965653,2.839929
2020,9,1027,RACE,antonio-giovinazzi,alfa-romeo,alfa-romeo@2020,17.0,,False,0.01767104,3.0162406
2020,9,1027,RACE,carlos-sainz-jr,mclaren,mclaren@2020,9.0,,False,-0.36055124,1.8703697
2020,9,1027,RACE,max-verstappen,red-bull,red-bull@2020,3.0,,False,-0.7577502,1.4519738
2020,9,1027,RACE,pierre-gasly,alphatauri,alphatauri@2020,16.0,,False,-0.22720481,1.8131655
2020,10,1028,ROAD,valtteri-bottas,mercedes,mercedes@2020,3.0,1.0,True,-0.18335393,0.39071655
2020,10,1028,ROAD,max-verstappen,red-bull,red-bull@2020,2.0,2.0,True,-0.7577502,1.4519738
2020,10,1028,ROAD,lewis-hamilton,mercedes,mercedes@2020,1.0,3.0,True,-0.34682968,0.39071655
2020,10,1028,ROAD,sergio-perez,racing-point,racing-point@2020,4.0,4.0,True,-0.16967566,1.4170797
2020,10,1028,ROAD,daniel-ricciardo,renault,renault@2020,5.0,5.0,True,-0.15834759,1.610726
2020,10,1028,ROAD,charles-leclerc,ferrari,ferrari@2020,10.0,6.0,True,-0.51002145,2.1593218
2020,10,1028,ROAD,esteban-ocon,renault,renault@2020,7.0,7.0,True,-0.06085223,1.610726
2020,10,1028,ROAD,daniil-kvyat,alphatauri,alphatauri@2020,11.0,8.0,True,0.053341933,1.8131655
2020,10,1028,ROAD,pierre-gasly,alphatauri,alphatauri@2020,9.0,9.0,True,-0.22720481,1.8131655
2020,10,1028,ROAD,alexander-albon,red-bull,red-bull@2020,15.0,10.0,True,-0.13345794,1.4519738
2020,10,1028,ROAD,antonio-giovinazzi,alfa-romeo,alfa-romeo@2020,17.0,11.0,True,0.01767104,3.0162406
2020,10,1028,ROAD,kevin-magnussen,haas,haas@2020,18.0,12.0,True,0.18965653,2.839929
2020,10,1028,ROAD,sebastian-vettel,ferrari,ferrari@2020,14.0,13.0,True,-0.12542093,2.1593218
2020,10,1028,ROAD,kimi-raikkonen,alfa-romeo,alfa-romeo@2020,19.0,14.0,True,0.08662478,3.0162406
2020,10,1028,ROAD,lando-norris,mclaren,mclaren@2020,8.0,15.0,True,-0.37712613,1.8703697
2020,10,1028,ROAD,nicholas-latifi,williams,williams@2020,20.0,16.0,True,0.5004177,2.920734
2020,10,1028,ROAD,romain-grosjean,haas,haas@2020,16.0,17.0,True,0.1464358,2.839929
2020,10,1028,ROAD,george-russell,williams,williams@2020,13.0,18.0,True,-0.2135496,2.920734
2020,10,1028,ROAD,carlos-sainz-jr,mclaren,mclaren@2020,6.0,,False,-0.36055124,1.8703697
2020,10,1028,ROAD,lance-stroll,racing-point,racing-point@2020,12.0,,False,0.11747733,1.4170797
2020,11,1029,RACE,lewis-hamilton,mercedes,mercedes@2020,2.0,1.0,True,-0.34682968,0.39071655
2020,11,1029,RACE,max-verstappen,red-bull,red-bull@2020,3.0,2.0,True,-0.7577502,1.4519738
2020,11,1029,RACE,daniel-ricciardo,renault,renault@2020,6.0,3.0,True,-0.15834759,1.610726
2020,11,1029,RACE,sergio-perez,racing-point,racing-point@2020,9.0,4.0,True,-0.16967566,1.4170797
2020,11,1029,RACE,carlos-sainz-jr,mclaren,mclaren@2020,10.0,5.0,True,-0.36055124,1.8703697
2020,11,1029,RACE,pierre-gasly,alphatauri,alphatauri@2020,12.0,6.0,True,-0.22720481,1.8131655
2020,11,1029,RACE,charles-leclerc,ferrari,ferrari@2020,4.0,7.0,True,-0.51002145,2.1593218
2020,11,1029,RACE,nico-hulkenberg,racing-point,racing-point@2020,20.0,8.0,True,-0.052745745,1.4170797
2020,11,1029,RACE,romain-grosjean,haas,haas@2020,16.0,9.0,True,0.1464358,2.839929
2020,11,1029,RACE,antonio-giovinazzi,alfa-romeo,alfa-romeo@2020,14.0,10.0,True,0.01767104,3.0162406
2020,11,1029,RACE,sebastian-vettel,ferrari,ferrari@2020,11.0,11.0,True,-0.12542093,2.1593218
2020,11,1029,RACE,kimi-raikkonen,alfa-romeo,alfa-romeo@2020,19.0,12.0,True,0.08662478,3.0162406
2020,11,1029,RACE,kevin-magnussen,haas,haas@2020,15.0,13.0,True,0.18965653,2.839929
2020,11,1029,RACE,nicholas-latifi,williams,williams@2020,18.0,14.0,True,0.5004177,2.920734
2020,11,1029,RACE,daniil-kvyat,alphatauri,alphatauri@2020,13.0,15.0,True,0.053341933,1.8131655
2020,11,1029,RACE,lando-norris,mclaren,mclaren@2020,8.0,,False,-0.37712613,1.8703697
2020,11,1029,RACE,alexander-albon,red-bull,red-bull@2020,5.0,,False,-0.13345794,1.4519738
2020,11,1029,RACE,esteban-ocon,renault,renault@2020,7.0,,False,-0.06085223,1.610726
2020,11,1029,RACE,valtteri-bottas,mercedes,mercedes@2020,1.0,,False,-0.18335393,0.39071655
2020,11,1029,RACE,george-russell,williams,williams@2020,17.0,,False,-0.2135496,2.920734
2020,12,1030,RACE,lewis-hamilton,mercedes,mercedes@2020,1.0,1.0,True,-0.34682968,0.39071655
2020,12,1030,RACE,valtteri-bottas,mercedes,mercedes@2020,2.0,2.0,True,-0.18335393,0.39071655
2020,12,1030,RACE,max-verstappen,red-bull,red-bull@2020,3.0,3.0,True,-0.7577502,1.4519738
2020,12,1030,RACE,charles-leclerc,ferrari,ferrari@2020,4.0,4.0,True,-0.51002145,2.1593218
2020,12,1030,RACE,pierre-gasly,alphatauri,alphatauri@2020,9.0,5.0,True,-0.22720481,1.8131655
2020,12,1030,RACE,carlos-sainz-jr,mclaren,mclaren@2020,7.0,6.0,True,-0.36055124,1.8703697
2020,12,1030,RACE,sergio-perez,racing-point,racing-point@2020,5.0,7.0,True,-0.16967566,1.4170797
2020,12,1030,RACE,esteban-ocon,renault,renault@2020,11.0,8.0,True,-0.06085223,1.610726
2020,12,1030,RACE,daniel-ricciardo,renault,renault@2020,10.0,9.0,True,-0.15834759,1.610726
2020,12,1030,RACE,sebastian-vettel,ferrari,ferrari@2020,15.0,10.0,True,-0.12542093,2.1593218
2020,12,1030,RACE,kimi-raikkonen,alfa-romeo,alfa-romeo@2020,16.0,11.0,True,0.08662478,3.0162406
2020,12,1030,RACE,alexander-albon,red-bull,red-bull@2020,6.0,12.0,True,-0.13345794,1.4519738
2020,12,1030,RACE,lando-norris,mclaren,mclaren@2020,8.0,13.0,True,-0.37712613,1.8703697
2020,12,1030,RACE,george-russell,williams,williams@2020,14.0,14.0,True,-0.2135496,2.920734
2020,12,1030,RACE,antonio-giovinazzi,alfa-romeo,alfa-romeo@2020,17.0,15.0,True,0.01767104,3.0162406
2020,12,1030,RACE,kevin-magnussen,haas,haas@2020,19.0,16.0,True,0.18965653,2.839929
2020,12,1030,RACE,romain-grosjean,haas,haas@2020,18.0,17.0,True,0.1464358,2.839929
2020,12,1030,RACE,nicholas-latifi,williams,williams@2020,20.0,18.0,True,0.5004177,2.920734
2020,12,1030,RACE,daniil-kvyat,alphatauri,alphatauri@2020,13.0,19.0,True,0.053341933,1.8131655
2020,12,1030,RACE,lance-stroll,racing-point,racing-point@2020,12.0,,False,0.11747733,1.4170797
2020,13,1031,RACE,lewis-hamilton,mercedes,mercedes@2020,2.0,1.0,True,-0.34682968,0.39071655
2020,13,1031,RACE,valtteri-bottas,mercedes,mercedes@2020,1.0,2.0,True,-0.18335393,0.39071655
2020,13,1031,RACE,daniel-ricciardo,renault,renault@2020,5.0,3.0,True,-0.15834759,1.610726
2020,13,1031,RACE,daniil-kvyat,alphatauri,alphatauri@2020,8.0,4.0,True,0.053341933,1.8131655
2020,13,1031,RACE,charles-leclerc,ferrari,ferrari@2020,7.0,5.0,True,-0.51002145,2.1593218
2020,13,1031,RACE,sergio-perez,racing-point,racing-point@2020,11.0,6.0,True,-0.16967566,1.4170797
2020,13,1031,RACE,carlos-sainz-jr,mclaren,mclaren@2020,10.0,7.0,True,-0.36055124,1.8703697
2020,13,1031,RACE,lando-norris,mclaren,mclaren@2020,9.0,8.0,True,-0.37712613,1.8703697
2020,13,1031,RACE,kimi-raikkonen,alfa-romeo,alfa-romeo@2020,18.0,9.0,True,0.08662478,3.0162406
2020,13,1031,RACE,antonio-giovinazzi,alfa-romeo,alfa-romeo@2020,20.0,10.0,True,0.01767104,3.0162406
2020,13,1031,RACE,nicholas-latifi,williams,williams@2020,19.0,11.0,True,0.5004177,2.920734
2020,13,1031,RACE,sebastian-vettel,ferrari,ferrari@2020,14.0,12.0,True,-0.12542093,2.1593218
2020,13,1031,RACE,lance-stroll,racing-point,racing-point@2020,15.0,13.0,True,0.11747733,1.4170797
2020,13,1031,RACE,romain-grosjean,haas,haas@2020,16.0,14.0,True,0.1464358,2.839929
2020,13,1031,RACE,alexander-albon,red-bull,red-bull@2020,6.0,15.0,True,-0.13345794,1.4519738
2020,13,1031,RACE,george-russell,williams,williams@2020,13.0,,False,-0.2135496,2.920734
2020,13,1031,RACE,max-verstappen,red-bull,red-bull@2020,3.0,,False,-0.7577502,1.4519738
2020,13,1031,RACE,kevin-magnussen,haas,haas@2020,17.0,,False,0.18965653,2.839929
2020,13,1031,RACE,esteban-ocon,renault,renault@2020,12.0,,False,-0.06085223,1.610726
2020,13,1031,RACE,pierre-gasly,alphatauri,alphatauri@2020,4.0,,False,-0.22720481,1.8131655
2020,14,1032,RACE,lewis-hamilton,mercedes,mercedes@2020,6.0,1.0,True,-0.34682968,0.39071655
2020,14,1032,RACE,sergio-perez,racing-point,racing-point@2020,3.0,2.0,True,-0.16967566,1.4170797
2020,14,1032,RACE,sebastian-vettel,ferrari,ferrari@2020,11.0,3.0,True,-0.12542093,2.1593218
2020,14,1032,RACE,charles-leclerc,ferrari,ferrari@2020,12.0,4.0,True,-0.51002145,2.1593218
2020,14,1032,RACE,carlos-sainz-jr,mclaren,mclaren@2020,15.0,5.0,True,-0.36055124,1.8703697
2020,14,1032,RACE,max-verstappen,red-bull,red-bull@2020,2.0,6.0,True,-0.7577502,1.4519738
2020,14,1032,RACE,alexander-albon,red-bull,red-bull@2020,4.0,7.0,True,-0.13345794,1.4519738
2020,14,1032,RACE,lando-norris,mclaren,mclaren@2020,14.0,8.0,True,-0.37712613,1.8703697
2020,14,1032,RACE,lance-stroll,racing-point,racing-point@2020,1.0,9.0,True,0.11747733,1.4170797
2020,14,1032,RACE,daniel-ricciardo,renault,renault@2020,5.0,10.0,True,-0.15834759,1.610726
2020,14,1032,RACE,esteban-ocon,renault,renault@2020,7.0,11.0,True,-0.06085223,1.610726
2020,14,1032,RACE,daniil-kvyat,alphatauri,alphatauri@2020,16.0,12.0,True,0.053341933,1.8131655
2020,14,1032,RACE,pierre-gasly,alphatauri,alphatauri@2020,19.0,13.0,True,-0.22720481,1.8131655
2020,14,1032,RACE,valtteri-bottas,mercedes,mercedes@2020,9.0,14.0,True,-0.18335393,0.39071655
2020,14,1032,RACE,kimi-raikkonen,alfa-romeo,alfa-romeo@2020,8.0,15.0,True,0.08662478,3.0162406
2020,14,1032,RACE,george-russell,williams,williams@2020,21.0,16.0,True,-0.2135496,2.920734
2020,14,1032,RACE,kevin-magnussen,haas,haas@2020,13.0,17.0,True,0.18965653,2.839929
2020,14,1032,RACE,romain-grosjean,haas,haas@2020,17.0,,False,0.1464358,2.839929
2020,14,1032,RACE,nicholas-latifi,williams,williams@2020,21.0,,False,0.5004177,2.920734
2020,14,1032,RACE,antonio-giovinazzi,alfa-romeo,alfa-romeo@2020,10.0,,False,0.01767104,3.0162406
2020,15,1033,RACE,lewis-hamilton,mercedes,mercedes@2020,1.0,1.0,True,-0.34682968,0.39071655
2020,15,1033,RACE,max-verstappen,red-bull,red-bull@2020,3.0,2.0,True,-0.7577502,1.4519738
2020,15,1033,RACE,alexander-albon,red-bull,red-bull@2020,4.0,3.0,True,-0.13345794,1.4519738
2020,15,1033,RACE,lando-norris,mclaren,mclaren@2020,9.0,4.0,True,-0.37712613,1.8703697
2020,15,1033,RACE,carlos-sainz-jr,mclaren,mclaren@2020,15.0,5.0,True,-0.36055124,1.8703697
2020,15,1033,RACE,pierre-gasly,alphatauri,alphatauri@2020,8.0,6.0,True,-0.22720481,1.8131655
2020,15,1033,RACE,daniel-ricciardo,renault,renault@2020,6.0,7.0,True,-0.15834759,1.610726
2020,15,1033,RACE,valtteri-bottas,mercedes,mercedes@2020,2.0,8.0,True,-0.18335393,0.39071655
2020,15,1033,RACE,esteban-ocon,renault,renault@2020,7.0,9.0,True,-0.06085223,1.610726
2020,15,1033,RACE,charles-leclerc,ferrari,ferrari@2020,12.0,10.0,True,-0.51002145,2.1593218
2020,15,1033,RACE,daniil-kvyat,alphatauri,alphatauri@2020,10.0,11.0,True,0.053341933,1.8131655
2020,15,1033,RACE,george-russell,williams,williams@2020,14.0,12.0,True,-0.2135496,2.920734
2020,15,1033,RACE,sebastian-vettel,ferrari,ferrari@2020,11.0,13.0,True,-0.12542093,2.1593218
2020,15,1033,RACE,nicholas-latifi,williams,williams@2020,20.0,14.0,True,0.5004177,2.920734
2020,15,1033,RACE,kimi-raikkonen,alfa-romeo,alfa-romeo@2020,17.0,15.0,True,0.08662478,3.0162406
2020,15,1033,RACE,antonio-giovinazzi,alfa-romeo,alfa-romeo@2020,16.0,16.0,True,0.01767104,3.0162406
2020,15,1033,RACE,kevin-magnussen,haas,haas@2020,18.0,17.0,True,0.18965653,2.839929
2020,15,1033,RACE,sergio-perez,racing-point,racing-point@2020,5.0,18.0,True,-0.16967566,1.4170797
2020,15,1033,RACE,lance-stroll,racing-point,racing-point@2020,13.0,,False,0.11747733,1.4170797
2020,15,1033,RACE,romain-grosjean,haas,haas@2020,19.0,,False,0.1464358,2.839929
2020,16,1034,RACE,sergio-perez,racing-point,racing-point@2020,5.0,1.0,True,-0.16967566,1.4170797
2020,16,1034,RACE,esteban-ocon,renault,renault@2020,11.0,2.0,True,-0.06085223,1.610726
2020,16,1034,RACE,lance-stroll,racing-point,racing-point@2020,10.0,3.0,True,0.11747733,1.4170797
2020,16,1034,RACE,carlos-sainz-jr,mclaren,mclaren@2020,8.0,4.0,True,-0.36055124,1.8703697
2020,16,1034,RACE,daniel-ricciardo,renault,renault@2020,7.0,5.0,True,-0.15834759,1.610726
2020,16,1034,RACE,alexander-albon,red-bull,red-bull@2020,12.0,6.0,True,-0.13345794,1.4519738
2020,16,1034,RACE,daniil-kvyat,alphatauri,alphatauri@2020,6.0,7.0,True,0.053341933,1.8131655
2020,16,1034,RACE,valtteri-bottas,mercedes,mercedes@2020,1.0,8.0,True,-0.18335393,0.39071655
2020,16,1034,RACE,george-russell,mercedes,mercedes@2020,2.0,9.0,True,-0.2135496,0.39071655
2020,16,1034,RACE,lando-norris,mclaren,mclaren@2020,19.0,10.0,True,-0.37712613,1.8703697
2020,16,1034,RACE,pierre-gasly,alphatauri,alphatauri@2020,9.0,11.0,True,-0.22720481,1.8131655
2020,16,1034,RACE,sebastian-vettel,ferrari,ferrari@2020,13.0,12.0,True,-0.12542093,2.1593218
2020,16,1034,RACE,antonio-giovinazzi,alfa-romeo,alfa-romeo@2020,14.0,13.0,True,0.01767104,3.0162406
2020,16,1034,RACE,kimi-raikkonen,alfa-romeo,alfa-romeo@2020,18.0,14.0,True,0.08662478,3.0162406
2020,16,1034,RACE,kevin-magnussen,haas,haas@2020,15.0,15.0,True,0.18965653,2.839929
2020,16,1034,RACE,nicholas-latifi,williams,williams@2020,16.0,,False,0.5004177,2.920734
2020,16,1034,RACE,max-verstappen,red-bull,red-bull@2020,3.0,,False,-0.7577502,1.4519738
2020,16,1034,RACE,charles-leclerc,ferrari,ferrari@2020,4.0,,False,-0.51002145,2.1593218
2020,17,1035,RACE,max-verstappen,red-bull,red-bull@2020,1.0,1.0,True,-0.7577502,1.4519738
2020,17,1035,RACE,valtteri-bottas,mercedes,mercedes@2020,2.0,2.0,True,-0.18335393,0.39071655
2020,17,1035,RACE,lewis-hamilton,mercedes,mercedes@2020,3.0,3.0,True,-0.34682968,0.39071655
2020,17,1035,RACE,alexander-albon,red-bull,red-bull@2020,5.0,4.0,True,-0.13345794,1.4519738
2020,17,1035,RACE,lando-norris,mclaren,mclaren@2020,4.0,5.0,True,-0.37712613,1.8703697
2020,17,1035,RACE,carlos-sainz-jr,mclaren,mclaren@2020,6.0,6.0,True,-0.36055124,1.8703697
2020,17,1035,RACE,daniel-ricciardo,renault,renault@2020,11.0,7.0,True,-0.15834759,1.610726
2020,17,1035,RACE,pierre-gasly,alphatauri,alphatauri@2020,9.0,8.0,True,-0.22720481,1.8131655
2020,17,1035,RACE,esteban-ocon,renault,renault@2020,10.0,9.0,True,-0.06085223,1.610726
2020,17,1035,RACE,lance-stroll,racing-point,racing-point@2020,8.0,10.0,True,0.11747733,1.4170797
2020,17,1035,RACE,daniil-kvyat,alphatauri,alphatauri@2020,7.0,11.0,True,0.053341933,1.8131655
2020,17,1035,RACE,kimi-raikkonen,alfa-romeo,alfa-romeo@2020,15.0,12.0,True,0.08662478,3.0162406
2020,17,1035,RACE,charles-leclerc,ferrari,ferrari@2020,12.0,13.0,True,-0.51002145,2.1593218
2020,17,1035,RACE,sebastian-vettel,ferrari,ferrari@2020,13.0,14.0,True,-0.12542093,2.1593218
2020,17,1035,RACE,george-russell,williams,williams@2020,16.0,15.0,True,-0.2135496,2.920734
2020,17,1035,RACE,antonio-giovinazzi,alfa-romeo,alfa-romeo@2020,14.0,16.0,True,0.01767104,3.0162406
2020,17,1035,RACE,nicholas-latifi,williams,williams@2020,18.0,17.0,True,0.5004177,2.920734
2020,17,1035,RACE,kevin-magnussen,haas,haas@2020,20.0,18.0,True,0.18965653,2.839929
2020,17,1035,RACE,sergio-perez,racing-point,racing-point@2020,19.0,,False,-0.16967566,1.4170797
2021,1,1036,RACE,lewis-hamilton,mercedes,mercedes@2021,2.0,1.0,True,-0.37354994,0.5844792
2021,1,1036,RACE,max-verstappen,red-bull,red-bull@2021,1.0,2.0,True,-0.8057019,1.0778508
2021,1,1036,RACE,valtteri-bottas,mercedes,mercedes@2021,3.0,3.0,True,-0.16442692,0.5844792
2021,1,1036,RACE,lando-norris,mclaren,mclaren@2021,7.0,4.0,True,-0.4799663,1.4173465
2021,1,1036,RACE,sergio-perez,red-bull,red-bull@2021,21.0,5.0,True,-0.21818137,1.0778508
2021,1,1036,RACE,charles-leclerc,ferrari,ferrari@2021,4.0,6.0,True,-0.543331,1.5200123
2021,1,1036,RACE,daniel-ricciardo,mclaren,mclaren@2021,6.0,7.0,True,-0.075674325,1.4173465
2021,1,1036,RACE,carlos-sainz-jr,ferrari,ferrari@2021,8.0,8.0,True,-0.39846206,1.5200123
2021,1,1036,RACE,yuki-tsunoda,alphatauri,alphatauri@2021,13.0,9.0,True,0.14432514,1.3587472
2021,1,1036,RACE,lance-stroll,aston-martin,aston-martin@2021,10.0,10.0,True,0.1350279,1.8510095
2021,1,1036,RACE,kimi-raikkonen,alfa-romeo,alfa-romeo@2021,14.0,11.0,True,0.13241544,2.2654223
2021,1,1036,RACE,antonio-giovinazzi,alfa-romeo,alfa-romeo@2021,12.0,12.0,True,-0.065584034,2.2654223
2021,1,1036,RACE,esteban-ocon,alpine,alpine@2021,16.0,13.0,True,-0.08048147,1.8239216
2021,1,1036,RACE,george-russell,williams,williams@2021,15.0,14.0,True,-0.26096666,2.338608
2021,1,1036,RACE,sebastian-vettel,aston-martin,aston-martin@2021,20.0,15.0,True,-0.09727998,1.8510095
2021,1,1036,RACE,mick-schumacher,haas,haas@2021,18.0,16.0,True,0.112431556,3.2235725
2021,1,1036,RACE,pierre-gasly,alphatauri,alphatauri@2021,5.0,17.0,True,-0.28782994,1.3587472
2021,1,1036,RACE,nicholas-latifi,williams,williams@2021,17.0,18.0,True,0.5279217,2.338608
2021,1,1036,RACE,fernando-alonso,alpine,alpine@2021,9.0,,False,-0.27939656,1.8239216
2021,1,1036,RACE,nikita-mazepin,haas,haas@2021,19.0,,False,0.6461184,3.2235725
2021,2,1037,RACE,max-verstappen,red-bull,red-bull@2021,3.0,1.0,True,-0.8057019,1.0778508
2021,2,1037,RACE,lewis-hamilton,mercedes,mercedes@2021,1.0,2.0,True,-0.37354994,0.5844792
2021,2,1037,RACE,lando-norris,mclaren,mclaren@2021,7.0,3.0,True,-0.4799663,1.4173465
2021,2,1037,RACE,charles-leclerc,ferrari,ferrari@2021,4.0,4.0,True,-0.543331,1.5200123
2021,2,1037,RACE,carlos-sainz-jr,ferrari,ferrari@2021,11.0,5.0,True,-0.39846206,1.5200123
2021,2,1037,RACE,daniel-ricciardo,mclaren,mclaren@2021,6.0,6.0,True,-0.075674325,1.4173465
2021,2,1037,RACE,pierre-gasly,alphatauri,alphatauri@2021,5.0,7.0,True,-0.28782994,1.3587472
2021,2,1037,RACE,lance-stroll,aston-martin,aston-martin@2021,10.0,8.0,True,0.1350279,1.8510095
2021,2,1037,RACE,esteban-ocon,alpine,alpine@2021,9.0,9.0,True,-0.08048147,1.8239216
2021,2,1037,RACE,fernando-alonso,alpine,alpine@2021,15.0,10.0,True,-0.27939656,1.8239216
2021,2,1037,RACE,sergio-perez,red-bull,red-bull@2021,2.0,11.0,True,-0.21818137,1.0778508
2021,2,1037,RACE,yuki-tsunoda,alphatauri,alphatauri@2021,20.0,12.0,True,0.14432514,1.3587472
2021,2,1037,RACE,kimi-raikkonen,alfa-romeo,alfa-romeo@2021,16.0,13.0,True,0.13241544,2.2654223
2021,2,1037,RACE,antonio-giovinazzi,alfa-romeo,alfa-romeo@2021,17.0,14.0,True,-0.065584034,2.2654223
2021,2,1037,RACE,sebastian-vettel,aston-martin,aston-martin@2021,21.0,15.0,True,-0.09727998,1.8510095
2021,2,1037,RACE,mick-schumacher,haas,haas@2021,18.0,16.0,True,0.112431556,3.2235725
2021,2,1037,RACE,nikita-mazepin,haas,haas@2021,19.0,17.0,True,0.6461184,3.2235725
2021,2,1037,RACE,valtteri-bottas,mercedes,mercedes@2021,8.0,,False,-0.16442692,0.5844792
2021,2,1037,RACE,george-russell,williams,williams@2021,12.0,,False,-0.26096666,2.338608
2021,2,1037,RACE,nicholas-latifi,williams,williams@2021,14.0,,False,0.5279217,2.338608
2021,3,1038,RACE,lewis-hamilton,mercedes,mercedes@2021,2.0,1.0,True,-0.37354994,0.5844792
2021,3,1038,RACE,max-verstappen,red-bull,red-bull@2021,3.0,2.0,True,-0.8057019,1.0778508
2021,3,1038,RACE,valtteri-bottas,mercedes,mercedes@2021,1.0,3.0,True,-0.16442692,0.5844792
2021,3,1038,RACE,sergio-perez,red-bull,red-bull@2021,4.0,4.0,True,-0.21818137,1.0778508
2021,3,1038,RACE,lando-norris,mclaren,mclaren@2021,7.0,5.0,True,-0.4799663,1.4173465
2021,3,1038,RACE,charles-leclerc,ferrari,ferrari@2021,8.0,6.0,True,-0.543331,1.5200123
2021,3,1038,RACE,esteban-ocon,alpine,alpine@2021,6.0,7.0,True,-0.08048147,1.8239216
2021,3,1038,RACE,fernando-alonso,alpine,alpine@2021,13.0,8.0,True,-0.27939656,1.8239216
2021,3,1038,RACE,daniel-ricciardo,mclaren,mclaren@2021,16.0,9.0,True,-0.075674325,1.4173465
2021,3,1038,RACE,pierre-gasly,alphatauri,alphatauri@2021,9.0,10.0,True,-0.28782994,1.3587472
2021,3,1038,RACE,carlos-sainz-jr,ferrari,ferrari@2021,5.0,11.0,True,-0.39846206,1.5200123
2021,3,1038,RACE,antonio-giovinazzi,alfa-romeo,alfa-romeo@2021,12.0,12.0,True,-0.065584034,2.2654223
2021,3,1038,RACE,sebastian-vettel,aston-martin,aston-martin@2021,10.0,13.0,True,-0.09727998,1.8510095
2021,3,1038,RACE,lance-stroll,aston-martin,aston-martin@2021,17.0,14.0,True,0.1350279,1.8510095
2021,3,1038,RACE,yuki-tsunoda,alphatauri,alphatauri@2021,14.0,15.0,True,0.14432514,1.3587472
2021,3,1038,RACE,george-russell,williams,williams@2021,11.0,16.0,True,-0.26096666,2.338608
2021,3,1038,RACE,mick-schumacher,haas,haas@2021,19.0,17.0,True,0.112431556,3.2235725
2021,3,1038,RACE,nicholas-latifi,williams,williams@2021,18.0,18.0,True,0.5279217,2.338608
2021,3,1038,RACE,nikita-mazepin,haas,haas@2021,20.0,19.0,True,0.6461184,3.2235725
2021,3,1038,RACE,kimi-raikkonen,alfa-romeo,alfa-romeo@2021,15.0,,False,0.13241544,2.2654223
2021,4,1039,RACE,lewis-hamilton,mercedes,mercedes@2021,1.0,1.0,True,-0.37354994,0.5844792
2021,4,1039,RACE,max-verstappen,red-bull,red-bull@2021,2.0,2.0,True,-0.8057019,1.0778508
2021,4,1039,RACE,valtteri-bottas,mercedes,mercedes@2021,3.0,3.0,True,-0.16442692,0.5844792
2021,4,1039,RACE,charles-leclerc,ferrari,ferrari@2021,4.0,4.0,True,-0.543331,1.5200123
2021,4,1039,RACE,sergio-perez,red-bull,red-bull@2021,8.0,5.0,True,-0.21818137,1.0778508
2021,4,1039,RACE,daniel-ricciardo,mclaren,mclaren@2021,7.0,6.0,True,-0.075674325,1.4173465
2021,4,1039,RACE,carlos-sainz-jr,ferrari,ferrari@2021,6.0,7.0,True,-0.39846206,1.5200123
2021,4,1039,RACE,lando-norris,mclaren,mclaren@2021,9.0,8.0,True,-0.4799663,1.4173465
2021,4,1039,RACE,esteban-ocon,alpine,alpine@2021,5.0,9.0,True,-0.08048147,1.8239216
2021,4,1039,RACE,pierre-gasly,alphatauri,alphatauri@2021,12.0,10.0,True,-0.28782994,1.3587472
2021,4,1039,RACE,lance-stroll,aston-martin,aston-martin@2021,11.0,11.0,True,0.1350279,1.8510095
2021,4,1039,RACE,kimi-raikkonen,alfa-romeo,alfa-romeo@2021,17.0,12.0,True,0.13241544,2.2654223
2021,4,1039,RACE,sebastian-vettel,aston-martin,aston-martin@2021,13.0,13.0,True,-0.09727998,1.8510095
2021,4,1039,RACE,george-russell,williams,williams@2021,15.0,14.0,True,-0.26096666,2.338608
2021,4,1039,RACE,antonio-giovinazzi,alfa-romeo,alfa-romeo@2021,14.0,15.0,True,-0.065584034,2.2654223
2021,4,1039,RACE,nicholas-latifi,williams,williams@2021,19.0,16.0,True,0.5279217,2.338608
2021,4,1039,RACE,fernando-alonso,alpine,alpine@2021,10.0,17.0,True,-0.27939656,1.8239216
2021,4,1039,RACE,mick-schumacher,haas,haas@2021,18.0,18.0,True,0.112431556,3.2235725
2021,4,1039,RACE,nikita-mazepin,haas,haas@2021,20.0,19.0,True,0.6461184,3.2235725
2021,4,1039,RACE,yuki-tsunoda,alphatauri,alphatauri@2021,16.0,,False,0.14432514,1.3587472
2021,5,1040,STREET,max-verstappen,red-bull,red-bull@2021,2.0,1.0,True,-0.8057019,1.0778508
2021,5,1040,STREET,carlos-sainz-jr,ferrari,ferrari@2021,4.0,2.0,True,-0.39846206,1.5200123
2021,5,1040,STREET,lando-norris,mclaren,mclaren@2021,5.0,3.0,True,-0.4799663,1.4173465
2021,5,1040,STREET,sergio-perez,red-bull,red-bull@2021,9.0,4.0,True,-0.21818137,1.0778508
2021,5,1040,STREET,sebastian-vettel,aston-martin,aston-martin@2021,8.0,5.0,True,-0.09727998,1.8510095
2021,5,1040,STREET,pierre-gasly,alphatauri,alphatauri@2021,6.0,6.0,True,-0.28782994,1.3587472
2021,5,1040,STREET,lewis-hamilton,mercedes,mercedes@2021,7.0,7.0,True,-0.37354994,0.5844792
2021,5,1040,STREET,lance-stroll,aston-martin,aston-martin@2021,13.0,8.0,True,0.1350279,1.8510095
2021,5,1040,STREET,esteban-ocon,alpine,alpine@2021,11.0,9.0,True,-0.08048147,1.8239216
2021,5,1040,STREET,antonio-giovinazzi,alfa-romeo,alfa-romeo@2021,10.0,10.0,True,-0.065584034,2.2654223
2021,5,1040,STREET,kimi-raikkonen,alfa-romeo,alfa-romeo@2021,14.0,11.0,True,0.13241544,2.2654223
2021,5,1040,STREET,daniel-ricciardo,mclaren,mclaren@2021,12.0,12.0,True,-0.075674325,1.4173465
2021,5,1040,STREET,fernando-alonso,alpine,alpine@2021,17.0,13.0,True,-0.27939656,1.8239216
2021,5,1040,STREET,george-russell,williams,williams@2021,15.0,14.0,True,-0.26096666,2.338608
2021,5,1040,STREET,nicholas-latifi,williams,williams@2021,18.0,15.0,True,0.5279217,2.338608
2021,5,1040,STREET,yuki-tsunoda,alphatauri,alphatauri@2021,16.0,16.0,True,0.14432514,1.3587472
2021,5,1040,STREET,nikita-mazepin,haas,haas@2021,19.0,17.0,True,0.6461184,3.2235725
2021,5,1040,STREET,mick-schumacher,haas,haas@2021,20.0,18.0,True,0.112431556,3.2235725
2021,5,1040,STREET,valtteri-bottas,mercedes,mercedes@2021,3.0,,False,-0.16442692,0.5844792
2021,6,1041,STREET,sergio-perez,red-bull,red-bull@2021,6.0,1.0,True,-0.21818137,1.0778508
2021,6,1041,STREET,sebastian-vettel,aston-martin,aston-martin@2021,11.0,2.0,True,-0.09727998,1.8510095
2021,6,1041,STREET,pierre-gasly,alphatauri,alphatauri@2021,4.0,3.0,True,-0.28782994,1.3587472
2021,6,1041,STREET,charles-leclerc,ferrari,ferrari@2021,1.0,4.0,True,-0.543331,1.5200123
2021,6,1041,STREET,lando-norris,mclaren,mclaren@2021,9.0,5.0,True,-0.4799663,1.4173465
2021,6,1041,STREET,fernando-alonso,alpine,alpine@2021,8.0,6.0,True,-0.27939656,1.8239216
2021,6,1041,STREET,yuki-tsunoda,alphatauri,alphatauri@2021,7.0,7.0,True,0.14432514,1.3587472
2021,6,1041,STREET,carlos-sainz-jr,ferrari,ferrari@2021,5.0,8.0,True,-0.39846206,1.5200123
2021,6,1041,STREET,daniel-ricciardo,mclaren,mclaren@2021,13.0,9.0,True,-0.075674325,1.4173465
2021,6,1041,STREET,kimi-raikkonen,alfa-romeo,alfa-romeo@2021,14.0,10.0,True,0.13241544,2.2654223
2021,6,1041,STREET,antonio-giovinazzi,alfa-romeo,alfa-romeo@2021,20.0,11.0,True,-0.065584034,2.2654223
2021,6,1041,STREET,valtteri-bottas,mercedes,mercedes@2021,10.0,12.0,True,-0.16442692,0.5844792
2021,6,1041,STREET,mick-schumacher,haas,haas@2021,17.0,13.0,True,0.112431556,3.2235725
2021,6,1041,STREET,nikita-mazepin,haas,haas@2021,18.0,14.0,True,0.6461184,3.2235725
2021,6,1041,STREET,lewis-hamilton,mercedes,mercedes@2021,2.0,15.0,True,-0.37354994,0.5844792
2021,6,1041,STREET,nicholas-latifi,williams,williams@2021,16.0,16.0,True,0.5279217,2.338608
2021,6,1041,STREET,george-russell,williams,williams@2021,15.0,17.0,True,-0.26096666,2.338608
2021,6,1041,STREET,max-verstappen,red-bull,red-bull@2021,3.0,18.0,True,-0.8057019,1.0778508
2021,6,1041,STREET,lance-stroll,aston-martin,aston-martin@2021,19.0,,False,0.1350279,1.8510095
2021,6,1041,STREET,esteban-ocon,alpine,alpine@2021,12.0,,False,-0.08048147,1.8239216
2021,7,1042,RACE,max-verstappen,red-bull,red-bull@2021,1.0,1.0,True,-0.8057019,1.0778508
2021,7,1042,RACE,lewis-hamilton,mercedes,mercedes@2021,2.0,2.0,True,-0.37354994,0.5844792
2021,7,1042,RACE,sergio-perez,red-bull,red-bull@2021,4.0,3.0,True,-0.21818137,1.0778508
2021,7,1042,RACE,valtteri-bottas,mercedes,mercedes@2021,3.0,4.0,True,-0.16442692,0.5844792
2021,7,1042,RACE,lando-norris,mclaren,mclaren@2021,8.0,5.0,True,-0.4799663,1.4173465
2021,7,1042,RACE,daniel-ricciardo,mclaren,mclaren@2021,10.0,6.0,True,-0.075674325,1.4173465
2021,7,1042,RACE,pierre-gasly,alphatauri,alphatauri@2021,6.0,7.0,True,-0.28782994,1.3587472
2021,7,1042,RACE,fernando-alonso,alpine,alpine@2021,9.0,8.0,True,-0.27939656,1.8239216
2021,7,1042,RACE,sebastian-vettel,aston-martin,aston-martin@2021,12.0,9.0,True,-0.09727998,1.8510095
2021,7,1042,RACE,lance-stroll,aston-martin,aston-martin@2021,19.0,10.0,True,0.1350279,1.8510095
2021,7,1042,RACE,carlos-sainz-jr,ferrari,ferrari@2021,5.0,11.0,True,-0.39846206,1.5200123
2021,7,1042,RACE,george-russell,williams,williams@2021,14.0,12.0,True,-0.26096666,2.338608
2021,7,1042,RACE,yuki-tsunoda,alphatauri,alphatauri@2021,21.0,13.0,True,0.14432514,1.3587472
2021,7,1042,RACE,esteban-ocon,alpine,alpine@2021,11.0,14.0,True,-0.08048147,1.8239216
2021,7,1042,RACE,antonio-giovinazzi,alfa-romeo,alfa-romeo@2021,13.0,15.0,True,-0.065584034,2.2654223
2021,7,1042,RACE,charles-leclerc,ferrari,ferrari@2021,7.0,16.0,True,-0.543331,1.5200123
2021,7,1042,RACE,kimi-raikkonen,alfa-romeo,alfa-romeo@2021,17.0,17.0,True,0.13241544,2.2654223
2021,7,1042,RACE,nicholas-latifi,williams,williams@2021,16.0,18.0,True,0.5279217,2.338608
2021,7,1042,RACE,mick-schumacher,haas,haas@2021,15.0,19.0,True,0.112431556,3.2235725
2021,7,1042,RACE,nikita-mazepin,haas,haas@2021,18.0,20.0,True,0.6461184,3.2235725
2021,8,1043,RACE,max-verstappen,red-bull,red-bull@2021,1.0,1.0,True,-0.8057019,1.0778508
2021,8,1043,RACE,lewis-hamilton,mercedes,mercedes@2021,2.0,2.0,True,-0.37354994,0.5844792
2021,8,1043,RACE,valtteri-bottas,mercedes,mercedes@2021,5.0,3.0,True,-0.16442692,0.5844792
2021,8,1043,RACE,sergio-perez,red-bull,red-bull@2021,4.0,4.0,True,-0.21818137,1.0778508
2021,8,1043,RACE,lando-norris,mclaren,mclaren@2021,3.0,5.0,True,-0.4799663,1.4173465
2021,8,1043,RACE,carlos-sainz-jr,ferrari,ferrari@2021,12.0,6.0,True,-0.39846206,1.5200123
2021,8,1043,RACE,charles-leclerc,ferrari,ferrari@2021,7.0,7.0,True,-0.543331,1.5200123
2021,8,1043,RACE,lance-stroll,aston-martin,aston-martin@2021,9.0,8.0,True,0.1350279,1.8510095
2021,8,1043,RACE,fernando-alonso,alpine,alpine@2021,8.0,9.0,True,-0.27939656,1.8239216
2021,8,1043,RACE,yuki-tsunoda,alphatauri,alphatauri@2021,11.0,10.0,True,0.14432514,1.3587472
2021,8,1043,RACE,kimi-raikkonen,alfa-romeo,alfa-romeo@2021,18.0,11.0,True,0.13241544,2.2654223
2021,8,1043,RACE,sebastian-vettel,aston-martin,aston-martin@2021,14.0,12.0,True,-0.09727998,1.8510095
2021,8,1043,RACE,daniel-ricciardo,mclaren,mclaren@2021,13.0,13.0,True,-0.075674325,1.4173465
2021,8,1043,RACE,esteban-ocon,alpine,alpine@2021,17.0,14.0,True,-0.08048147,1.8239216
2021,8,1043,RACE,antonio-giovinazzi,alfa-romeo,alfa-romeo@2021,15.0,15.0,True,-0.065584034,2.2654223
2021,8,1043,RACE,mick-schumacher,haas,haas@2021,19.0,16.0,True,0.112431556,3.2235725
2021,8,1043,RACE,nicholas-latifi,williams,williams@2021,16.0,17.0,True,0.5279217,2.338608
2021,8,1043,RACE,nikita-mazepin,haas,haas@2021,20.0,18.0,True,0.6461184,3.2235725
2021,8,1043,RACE,george-russell,williams,williams@2021,10.0,,False,-0.26096666,2.338608
2021,8,1043,RACE,pierre-gasly,alphatauri,alphatauri@2021,6.0,,False,-0.28782994,1.3587472
2021,9,1044,RACE,max-verstappen,red-bull,red-bull@2021,1.0,1.0,True,-0.8057019,1.0778508
2021,9,1044,RACE,valtteri-bottas,mercedes,mercedes@2021,5.0,2.0,True,-0.16442692,0.5844792
2021,9,1044,RACE,lando-norris,mclaren,mclaren@2021,2.0,3.0,True,-0.4799663,1.4173465
2021,9,1044,RACE,lewis-hamilton,mercedes,mercedes@2021,4.0,4.0,True,-0.37354994,0.5844792
2021,9,1044,RACE,carlos-sainz-jr,ferrari,ferrari@2021,10.0,5.0,True,-0.39846206,1.5200123
2021,9,1044,RACE,sergio-perez,red-bull,red-bull@2021,3.0,6.0,True,-0.21818137,1.0778508
2021,9,1044,RACE,daniel-ricciardo,mclaren,mclaren@2021,13.0,7.0,True,-0.075674325,1.4173465
2021,9,1044,RACE,charles-leclerc,ferrari,ferrari@2021,12.0,8.0,True,-0.543331,1.5200123
2021,9,1044,RACE,pierre-gasly,alphatauri,alphatauri@2021,6.0,9.0,True,-0.28782994,1.3587472
2021,9,1044,RACE,fernando-alonso,alpine,alpine@2021,14.0,10.0,True,-0.27939656,1.8239216
2021,9,1044,RACE,george-russell,williams,williams@2021,8.0,11.0,True,-0.26096666,2.338608
2021,9,1044,RACE,yuki-tsunoda,alphatauri,alphatauri@2021,7.0,12.0,True,0.14432514,1.3587472
2021,9,1044,RACE,lance-stroll,aston-martin,aston-martin@2021,9.0,13.0,True,0.1350279,1.8510095
2021,9,1044,RACE,antonio-giovinazzi,alfa-romeo,alfa-romeo@2021,15.0,14.0,True,-0.065584034,2.2654223
2021,9,1044,RACE,kimi-raikkonen,alfa-romeo,alfa-romeo@2021,16.0,15.0,True,0.13241544,2.2654223
2021,9,1044,RACE,nicholas-latifi,williams,williams@2021,18.0,16.0,True,0.5279217,2.338608
2021,9,1044,RACE,sebastian-vettel,aston-martin,aston-martin@2021,11.0,17.0,True,-0.09727998,1.8510095
2021,9,1044,RACE,mick-schumacher,haas,haas@2021,19.0,18.0,True,0.112431556,3.2235725
2021,9,1044,RACE,nikita-mazepin,haas,haas@2021,20.0,19.0,True,0.6461184,3.2235725
2021,9,1044,RACE,esteban-ocon,alpine,alpine@2021,17.0,,False,-0.08048147,1.8239216
2021,10,1045,RACE,lewis-hamilton,mercedes,mercedes@2021,2.0,1.0,True,-0.37354994,0.5844792
2021,10,1045,RACE,charles-leclerc,ferrari,ferrari@2021,4.0,2.0,True,-0.543331,1.5200123
2021,10,1045,RACE,valtteri-bottas,mercedes,mercedes@2021,3.0,3.0,True,-0.16442692,0.5844792
2021,10,1045,RACE,lando-norris,mclaren,mclaren@2021,5.0,4.0,True,-0.4799663,1.4173465
2021,10,1045,RACE,daniel-ricciardo,mclaren,mclaren@2021,6.0,5.0,True,-0.075674325,1.4173465
2021,10,1045,RACE,carlos-sainz-jr,ferrari,ferrari@2021,10.0,6.0,True,-0.39846206,1.5200123
2021,10,1045,RACE,fernando-alonso,alpine,alpine@2021,7.0,7.0,True,-0.27939656,1.8239216
2021,10,1045,RACE,lance-stroll,aston-martin,aston-martin@2021,14.0,8.0,True,0.1350279,1.8510095
2021,10,1045,RACE,esteban-ocon,alpine,alpine@2021,9.0,9.0,True,-0.08048147,1.8239216
2021,10,1045,RACE,yuki-tsunoda,alphatauri,alphatauri@2021,16.0,10.0,True,0.14432514,1.3587472
2021,10,1045,RACE,pierre-gasly,alphatauri,alphatauri@2021,11.0,11.0,True,-0.28782994,1.3587472
2021,10,1045,RACE,george-russell,williams,williams@2021,12.0,12.0,True,-0.26096666,2.338608
2021,10,1045,RACE,antonio-giovinazzi,alfa-romeo,alfa-romeo@2021,15.0,13.0,True,-0.065584034,2.2654223
2021,10,1045,RACE,nicholas-latifi,williams,williams@2021,17.0,14.0,True,0.5279217,2.338608
2021,10,1045,RACE,kimi-raikkonen,alfa-romeo,alfa-romeo@2021,13.0,15.0,True,0.13241544,2.2654223
2021,10,1045,RACE,sergio-perez,red-bull,red-bull@2021,21.0,16.0,True,-0.21818137,1.0778508
2021,10,1045,RACE,nikita-mazepin,haas,haas@2021,19.0,17.0,True,0.6461184,3.2235725
2021,10,1045,RACE,mick-schumacher,haas,haas@2021,18.0,18.0,True,0.112431556,3.2235725
2021,10,1045,RACE,sebastian-vettel,aston-martin,aston-martin@2021,8.0,,False,-0.09727998,1.8510095
2021,10,1045,RACE,max-verstappen,red-bull,red-bull@2021,1.0,,False,-0.8057019,1.0778508
2021,11,1046,RACE,esteban-ocon,alpine,alpine@2021,8.0,1.0,True,-0.08048147,1.8239216
2021,11,1046,RACE,lewis-hamilton,mercedes,mercedes@2021,1.0,2.0,True,-0.37354994,0.5844792
2021,11,1046,RACE,carlos-sainz-jr,ferrari,ferrari@2021,15.0,3.0,True,-0.39846206,1.5200123
2021,11,1046,RACE,fernando-alonso,alpine,alpine@2021,9.0,4.0,True,-0.27939656,1.8239216
2021,11,1046,RACE,pierre-gasly,alphatauri,alphatauri@2021,5.0,5.0,True,-0.28782994,1.3587472
2021,11,1046,RACE,yuki-tsunoda,alphatauri,alphatauri@2021,16.0,6.0,True,0.14432514,1.3587472
2021,11,1046,RACE,nicholas-latifi,williams,williams@2021,18.0,7.0,True,0.5279217,2.338608
2021,11,1046,RACE,george-russell,williams,williams@2021,17.0,8.0,True,-0.26096666,2.338608
2021,11,1046,RACE,max-verstappen,red-bull,red-bull@2021,3.0,9.0,True,-0.8057019,1.0778508
2021,11,1046,RACE,kimi-raikkonen,alfa-romeo,alfa-romeo@2021,13.0,10.0,True,0.13241544,2.2654223
2021,11,1046,RACE,daniel-ricciardo,mclaren,mclaren@2021,11.0,11.0,True,-0.075674325,1.4173465
2021,11,1046,RACE,mick-schumacher,haas,haas@2021,20.0,12.0,True,0.112431556,3.2235725
2021,11,1046,RACE,antonio-giovinazzi,alfa-romeo,alfa-romeo@2021,21.0,13.0,True,-0.065584034,2.2654223
2021,11,1046,RACE,nikita-mazepin,haas,haas@2021,19.0,,False,0.6461184,3.2235725
2021,11,1046,RACE,lando-norris,mclaren,mclaren@2021,6.0,,False,-0.4799663,1.4173465
2021,11,1046,RACE,valtteri-bottas,mercedes,mercedes@2021,2.0,,False,-0.16442692,0.5844792
2021,11,1046,RACE,sergio-perez,red-bull,red-bull@2021,4.0,,False,-0.21818137,1.0778508
2021,11,1046,RACE,charles-leclerc,ferrari,ferrari@2021,7.0,,False,-0.543331,1.5200123
2021,11,1046,RACE,lance-stroll,aston-martin,aston-martin@2021,12.0,,False,0.1350279,1.8510095
2021,11,1046,RACE,sebastian-vettel,aston-martin,aston-martin@2021,10.0,,False,-0.09727998,1.8510095
2021,12,1047,RACE,max-verstappen,red-bull,red-bull@2021,1.0,1.0,True,-0.8057019,1.0778508
2021,12,1047,RACE,george-russell,williams,williams@2021,2.0,2.0,True,-0.26096666,2.338608
2021,12,1047,RACE,lewis-hamilton,mercedes,mercedes@2021,3.0,3.0,True,-0.37354994,0.5844792
2021,12,1047,RACE,daniel-ricciardo,mclaren,mclaren@2021,4.0,4.0,True,-0.075674325,1.4173465
2021,12,1047,RACE,sebastian-vettel,aston-martin,aston-martin@2021,5.0,5.0,True,-0.09727998,1.8510095
2021,12,1047,RACE,pierre-gasly,alphatauri,alphatauri@2021,6.0,6.0,True,-0.28782994,1.3587472
2021,12,1047,RACE,esteban-ocon,alpine,alpine@2021,8.0,7.0,True,-0.08048147,1.8239216
2021,12,1047,RACE,charles-leclerc,ferrari,ferrari@2021,9.0,8.0,True,-0.543331,1.5200123
2021,12,1047,RACE,nicholas-latifi,williams,williams@2021,10.0,9.0,True,0.5279217,2.338608
2021,12,1047,RACE,carlos-sainz-jr,ferrari,ferrari@2021,11.0,10.0,True,-0.39846206,1.5200123
2021,12,1047,RACE,fernando-alonso,alpine,alpine@2021,12.0,11.0,True,-0.27939656,1.8239216
2021,12,1047,RACE,valtteri-bottas,mercedes,mercedes@2021,13.0,12.0,True,-0.16442692,0.5844792
2021,12,1047,RACE,antonio-giovinazzi,alfa-romeo,alfa-romeo@2021,14.0,13.0,True,-0.065584034,2.2654223
2021,12,1047,RACE,lando-norris,mclaren,mclaren@2021,15.0,14.0,True,-0.4799663,1.4173465
2021,12,1047,RACE,yuki-tsunoda,alphatauri,alphatauri@2021,16.0,15.0,True,0.14432514,1.3587472
2021,12,1047,RACE,mick-schumacher,haas,haas@2021,17.0,16.0,True,0.112431556,3.2235725
2021,12,1047,RACE,nikita-mazepin,haas,haas@2021,18.0,17.0,True,0.6461184,3.2235725
2021,12,1047,RACE,kimi-raikkonen,alfa-romeo,alfa-romeo@2021,21.0,18.0,True,0.13241544,2.2654223
2021,12,1047,RACE,sergio-perez,red-bull,red-bull@2021,21.0,19.0,True,-0.21818137,1.0778508
2021,12,1047,RACE,lance-stroll,aston-martin,aston-martin@2021,19.0,20.0,True,0.1350279,1.8510095
2021,13,1048,RACE,max-verstappen,red-bull,red-bull@2021,1.0,1.0,True,-0.8057019,1.0778508
2021,13,1048,RACE,lewis-hamilton,mercedes,mercedes@2021,2.0,2.0,True,-0.37354994,0.5844792
2021,13,1048,RACE,valtteri-bottas,mercedes,mercedes@2021,3.0,3.0,True,-0.16442692,0.5844792
2021,13,1048,RACE,pierre-gasly,alphatauri,alphatauri@2021,4.0,4.0,True,-0.28782994,1.3587472
2021,13,1048,RACE,charles-leclerc,ferrari,ferrari@2021,5.0,5.0,True,-0.543331,1.5200123
2021,13,1048,RACE,fernando-alonso,alpine,alpine@2021,9.0,6.0,True,-0.27939656,1.8239216
2021,13,1048,RACE,carlos-sainz-jr,ferrari,ferrari@2021,6.0,7.0,True,-0.39846206,1.5200123
2021,13,1048,RACE,sergio-perez,red-bull,red-bull@2021,21.0,8.0,True,-0.21818137,1.0778508
2021,13,1048,RACE,esteban-ocon,alpine,alpine@2021,8.0,9.0,True,-0.08048147,1.8239216
2021,13,1048,RACE,lando-norris,mclaren,mclaren@2021,13.0,10.0,True,-0.4799663,1.4173465
2021,13,1048,RACE,daniel-ricciardo,mclaren,mclaren@2021,10.0,11.0,True,-0.075674325,1.4173465
2021,13,1048,RACE,lance-stroll,aston-martin,aston-martin@2021,12.0,12.0,True,0.1350279,1.8510095
2021,13,1048,RACE,sebastian-vettel,aston-martin,aston-martin@2021,15.0,13.0,True,-0.09727998,1.8510095
2021,13,1048,RACE,antonio-giovinazzi,alfa-romeo,alfa-romeo@2021,7.0,14.0,True,-0.065584034,2.2654223
2021,13,1048,RACE,robert-kubica,alfa-romeo,alfa-romeo@2021,16.0,15.0,True,0.5358907,2.2654223
2021,13,1048,RACE,nicholas-latifi,williams,williams@2021,21.0,16.0,True,0.5279217,2.338608
2021,13,1048,RACE,george-russell,williams,williams@2021,11.0,17.0,True,-0.26096666,2.338608
2021,13,1048,RACE,mick-schumacher,haas,haas@2021,17.0,18.0,True,0.112431556,3.2235725
2021,13,1048,RACE,yuki-tsunoda,alphatauri,alphatauri@2021,14.0,,False,0.14432514,1.3587472
2021,13,1048,RACE,nikita-mazepin,haas,haas@2021,18.0,,False,0.6461184,3.2235725
2021,14,1049,RACE,daniel-ricciardo,mclaren,mclaren@2021,2.0,1.0,True,-0.075674325,1.4173465
2021,14,1049,RACE,lando-norris,mclaren,mclaren@2021,3.0,2.0,True,-0.4799663,1.4173465
2021,14,1049,RACE,valtteri-bottas,mercedes,mercedes@2021,19.0,3.0,True,-0.16442692,0.5844792
2021,14,1049,RACE,charles-leclerc,ferrari,ferrari@2021,5.0,4.0,True,-0.543331,1.5200123
2021,14,1049,RACE,sergio-perez,red-bull,red-bull@2021,8.0,5.0,True,-0.21818137,1.0778508
2021,14,1049,RACE,carlos-sainz-jr,ferrari,ferrari@2021,6.0,6.0,True,-0.39846206,1.5200123
2021,14,1049,RACE,lance-stroll,aston-martin,aston-martin@2021,9.0,7.0,True,0.1350279,1.8510095
2021,14,1049,RACE,fernando-alonso,alpine,alpine@2021,10.0,8.0,True,-0.27939656,1.8239216
2021,14,1049,RACE,george-russell,williams,williams@2021,14.0,9.0,True,-0.26096666,2.338608
2021,14,1049,RACE,esteban-ocon,alpine,alpine@2021,12.0,10.0,True,-0.08048147,1.8239216
2021,14,1049,RACE,nicholas-latifi,williams,williams@2021,13.0,11.0,True,0.5279217,2.338608
2021,14,1049,RACE,sebastian-vettel,aston-martin,aston-martin@2021,11.0,12.0,True,-0.09727998,1.8510095
2021,14,1049,RACE,antonio-giovinazzi,alfa-romeo,alfa-romeo@2021,7.0,13.0,True,-0.065584034,2.2654223
2021,14,1049,RACE,robert-kubica,alfa-romeo,alfa-romeo@2021,17.0,14.0,True,0.5358907,2.2654223
2021,14,1049,RACE,mick-schumacher,haas,haas@2021,18.0,15.0,True,0.112431556,3.2235725
2021,14,1049,RACE,nikita-mazepin,haas,haas@2021,16.0,,False,0.6461184,3.2235725
2021,14,1049,RACE,lewis-hamilton,mercedes,mercedes@2021,4.0,,False,-0.37354994,0.5844792
2021,14,1049,RACE,max-verstappen,red-bull,red-bull@2021,1.0,,False,-0.8057019,1.0778508
2021,14,1049,RACE,pierre-gasly,alphatauri,alphatauri@2021,,,False,-0.28782994,1.3587472
2021,15,1050,ROAD,lewis-hamilton,mercedes,mercedes@2021,4.0,1.0,True,-0.37354994,0.5844792
2021,15,1050,ROAD,max-verstappen,red-bull,red-bull@2021,20.0,2.0,True,-0.8057019,1.0778508
2021,15,1050,ROAD,carlos-sainz-jr,ferrari,ferrari@2021,2.0,3.0,True,-0.39846206,1.5200123
2021,15,1050,ROAD,daniel-ricciardo,mclaren,mclaren@2021,5.0,4.0,True,-0.075674325,1.4173465
2021,15,1050,ROAD,valtteri-bottas,mercedes,mercedes@2021,16.0,5.0,True,-0.16442692,0.5844792
2021,15,1050,ROAD,fernando-alonso,alpine,alpine@2021,6.0,6.0,True,-0.27939656,1.8239216
2021,15,1050,ROAD,lando-norris,mclaren,mclaren@2021,1.0,7.0,True,-0.4799663,1.4173465
2021,15,1050,ROAD,kimi-raikkonen,alfa-romeo,alfa-romeo@2021,13.0,8.0,True,0.13241544,2.2654223
2021,15,1050,ROAD,sergio-perez,red-bull,red-bull@2021,8.0,9.0,True,-0.21818137,1.0778508
2021,15,1050,ROAD,george-russell,williams,williams@2021,3.0,10.0,True,-0.26096666,2.338608
2021,15,1050,ROAD,lance-stroll,aston-martin,aston-martin@2021,7.0,11.0,True,0.1350279,1.8510095
2021,15,1050,ROAD,sebastian-vettel,aston-martin,aston-martin@2021,10.0,12.0,True,-0.09727998,1.8510095
2021,15,1050,ROAD,pierre-gasly,alphatauri,alphatauri@2021,11.0,13.0,True,-0.28782994,1.3587472
2021,15,1050,ROAD,esteban-ocon,alpine,alpine@2021,9.0,14.0,True,-0.08048147,1.8239216
2021,15,1050,ROAD,charles-leclerc,ferrari,ferrari@2021,19.0,15.0,True,-0.543331,1.5200123
2021,15,1050,ROAD,antonio-giovinazzi,alfa-romeo,alfa-romeo@2021,17.0,16.0,True,-0.065584034,2.2654223
2021,15,1050,ROAD,yuki-tsunoda,alphatauri,alphatauri@2021,12.0,17.0,True,0.14432514,1.3587472
2021,15,1050,ROAD,nikita-mazepin,haas,haas@2021,15.0,18.0,True,0.6461184,3.2235725
2021,15,1050,ROAD,nicholas-latifi,williams,williams@2021,18.0,19.0,True,0.5279217,2.338608
2021,15,1050,ROAD,mick-schumacher,haas,haas@2021,14.0,,False,0.112431556,3.2235725
2021,16,1051,RACE,valtteri-bottas,mercedes,mercedes@2021,1.0,1.0,True,-0.16442692,0.5844792
2021,16,1051,RACE,max-verstappen,red-bull,red-bull@2021,2.0,2.0,True,-0.8057019,1.0778508
2021,16,1051,RACE,sergio-perez,red-bull,red-bull@2021,6.0,3.0,True,-0.21818137,1.0778508
2021,16,1051,RACE,charles-leclerc,ferrari,ferrari@2021,3.0,4.0,True,-0.543331,1.5200123
2021,16,1051,RACE,lewis-hamilton,mercedes,mercedes@2021,11.0,5.0,True,-0.37354994,0.5844792
2021,16,1051,RACE,pierre-gasly,alphatauri,alphatauri@2021,4.0,6.0,True,-0.28782994,1.3587472
2021,16,1051,RACE,lando-norris,mclaren,mclaren@2021,7.0,7.0,True,-0.4799663,1.4173465
2021,16,1051,RACE,carlos-sainz-jr,ferrari,ferrari@2021,19.0,8.0,True,-0.39846206,1.5200123
2021,16,1051,RACE,lance-stroll,aston-martin,aston-martin@2021,8.0,9.0,True,0.1350279,1.8510095
2021,16,1051,RACE,esteban-ocon,alpine,alpine@2021,12.0,10.0,True,-0.08048147,1.8239216
2021,16,1051,RACE,antonio-giovinazzi,alfa-romeo,alfa-romeo@2021,16.0,11.0,True,-0.065584034,2.2654223
2021,16,1051,RACE,kimi-raikkonen,alfa-romeo,alfa-romeo@2021,17.0,12.0,True,0.13241544,2.2654223
2021,16,1051,RACE,daniel-ricciardo,mclaren,mclaren@2021,20.0,13.0,True,-0.075674325,1.4173465
2021,16,1051,RACE,yuki-tsunoda,alphatauri,alphatauri@2021,9.0,14.0,True,0.14432514,1.3587472
2021,16,1051,RACE,george-russell,williams,williams@2021,13.0,15.0,True,-0.26096666,2.338608
2021,16,1051,RACE,fernando-alonso,alpine,alpine@2021,5.0,16.0,True,-0.27939656,1.8239216
2021,16,1051,RACE,nicholas-latifi,williams,williams@2021,15.0,17.0,True,0.5279217,2.338608
2021,16,1051,RACE,sebastian-vettel,aston-martin,aston-martin@2021,10.0,18.0,True,-0.09727998,1.8510095
2021,16,1051,RACE,mick-schumacher,haas,haas@2021,14.0,19.0,True,0.112431556,3.2235725
2021,16,1051,RACE,nikita-mazepin,haas,haas@2021,18.0,20.0,True,0.6461184,3.2235725
2021,17,1052,RACE,max-verstappen,red-bull,red-bull@2021,1.0,1.0,True,-0.8057019,1.0778508
2021,17,1052,RACE,lewis-hamilton,mercedes,mercedes@2021,2.0,2.0,True,-0.37354994,0.5844792
2021,17,1052,RACE,sergio-perez,red-bull,red-bull@2021,3.0,3.0,True,-0.21818137,1.0778508
2021,17,1052,RACE,charles-leclerc,ferrari,ferrari@2021,4.0,4.0,True,-0.543331,1.5200123
2021,17,1052,RACE,daniel-ricciardo,mclaren,mclaren@2021,6.0,5.0,True,-0.075674325,1.4173465
2021,17,1052,RACE,valtteri-bottas,mercedes,mercedes@2021,9.0,6.0,True,-0.16442692,0.5844792
2021,17,1052,RACE,carlos-sainz-jr,ferrari,ferrari@2021,5.0,7.0,True,-0.39846206,1.5200123
2021,17,1052,RACE,lando-norris,mclaren,mclaren@2021,7.0,8.0,True,-0.4799663,1.4173465
2021,17,1052,RACE,yuki-tsunoda,alphatauri,alphatauri@2021,10.0,9.0,True,0.14432514,1.3587472
2021,17,1052,RACE,sebastian-vettel,aston-martin,aston-martin@2021,18.0,10.0,True,-0.09727998,1.8510095
2021,17,1052,RACE,antonio-giovinazzi,alfa-romeo,alfa-romeo@2021,12.0,11.0,True,-0.065584034,2.2654223
2021,17,1052,RACE,lance-stroll,aston-martin,aston-martin@2021,13.0,12.0,True,0.1350279,1.8510095
2021,17,1052,RACE,kimi-raikkonen,alfa-romeo,alfa-romeo@2021,15.0,13.0,True,0.13241544,2.2654223
2021,17,1052,RACE,george-russell,williams,williams@2021,20.0,14.0,True,-0.26096666,2.338608
2021,17,1052,RACE,nicholas-latifi,williams,williams@2021,14.0,15.0,True,0.5279217,2.338608
2021,17,1052,RACE,mick-schumacher,haas,haas@2021,16.0,16.0,True,0.112431556,3.2235725
2021,17,1052,RACE,nikita-mazepin,haas,haas@2021,17.0,17.0,True,0.6461184,3.2235725
2021,17,1052,RACE,fernando-alonso,alpine,alpine@2021,19.0,,False,-0.27939656,1.8239216
2021,17,1052,RACE,esteban-ocon,alpine,alpine@2021,11.0,,False,-0.08048147,1.8239216
2021,17,1052,RACE,pierre-gasly,alphatauri,alphatauri@2021,8.0,,False,-0.28782994,1.3587472
2021,18,1053,RACE,max-verstappen,red-bull,red-bull@2021,3.0,1.0,True,-0.8057019,1.0778508
2021,18,1053,RACE,lewis-hamilton,mercedes,mercedes@2021,2.0,2.0,True,-0.37354994,0.5844792
2021,18,1053,RACE,sergio-perez,red-bull,red-bull@2021,4.0,3.0,True,-0.21818137,1.0778508
2021,18,1053,RACE,pierre-gasly,alphatauri,alphatauri@2021,5.0,4.0,True,-0.28782994,1.3587472
2021,18,1053,RACE,charles-leclerc,ferrari,ferrari@2021,8.0,5.0,True,-0.543331,1.5200123
2021,18,1053,RACE,carlos-sainz-jr,ferrari,ferrari@2021,6.0,6.0,True,-0.39846206,1.5200123
2021,18,1053,RACE,sebastian-vettel,aston-martin,aston-martin@2021,9.0,7.0,True,-0.09727998,1.8510095
2021,18,1053,RACE,kimi-raikkonen,alfa-romeo,alfa-romeo@2021,10.0,8.0,True,0.13241544,2.2654223
2021,18,1053,RACE,fernando-alonso,alpine,alpine@2021,12.0,9.0,True,-0.27939656,1.8239216
2021,18,1053,RACE,lando-norris,mclaren,mclaren@2021,18.0,10.0,True,-0.4799663,1.4173465
2021,18,1053,RACE,antonio-giovinazzi,alfa-romeo,alfa-romeo@2021,11.0,11.0,True,-0.065584034,2.2654223
2021,18,1053,RACE,daniel-ricciardo,mclaren,mclaren@2021,7.0,12.0,True,-0.075674325,1.4173465
2021,18,1053,RACE,esteban-ocon,alpine,alpine@2021,19.0,13.0,True,-0.08048147,1.8239216
2021,18,1053,RACE,lance-stroll,aston-martin,aston-martin@2021,20.0,14.0,True,0.1350279,1.8510095
2021,18,1053,RACE,valtteri-bottas,mercedes,mercedes@2021,1.0,15.0,True,-0.16442692,0.5844792
2021,18,1053,RACE,george-russell,williams,williams@2021,16.0,16.0,True,-0.26096666,2.338608
2021,18,1053,RACE,nicholas-latifi,williams,williams@2021,13.0,17.0,True,0.5279217,2.338608
2021,18,1053,RACE,nikita-mazepin,haas,haas@2021,15.0,18.0,True,0.6461184,3.2235725
2021,18,1053,RACE,mick-schumacher,haas,haas@2021,14.0,,False,0.112431556,3.2235725
2021,18,1053,RACE,yuki-tsunoda,alphatauri,alphatauri@2021,17.0,,False,0.14432514,1.3587472
2021,19,1054,RACE,lewis-hamilton,mercedes,mercedes@2021,10.0,1.0,True,-0.37354994,0.5844792
2021,19,1054,RACE,max-verstappen,red-bull,red-bull@2021,2.0,2.0,True,-0.8057019,1.0778508
2021,19,1054,RACE,valtteri-bottas,mercedes,mercedes@2021,1.0,3.0,True,-0.16442692,0.5844792
2021,19,1054,RACE,sergio-perez,red-bull,red-bull@2021,4.0,4.0,True,-0.21818137,1.0778508
2021,19,1054,RACE,charles-leclerc,ferrari,ferrari@2021,6.0,5.0,True,-0.543331,1.5200123
2021,19,1054,RACE,carlos-sainz-jr,ferrari,ferrari@2021,3.0,6.0,True,-0.39846206,1.5200123
2021,19,1054,RACE,pierre-gasly,alphatauri,alphatauri@2021,7.0,7.0,True,-0.28782994,1.3587472
2021,19,1054,RACE,esteban-ocon,alpine,alpine@2021,8.0,8.0,True,-0.08048147,1.8239216
2021,19,1054,RACE,fernando-alonso,alpine,alpine@2021,12.0,9.0,True,-0.27939656,1.8239216
2021,19,1054,RACE,lando-norris,mclaren,mclaren@2021,5.0,10.0,True,-0.4799663,1.4173465
2021,19,1054,RACE,sebastian-vettel,aston-martin,aston-martin@2021,9.0,11.0,True,-0.09727998,1.8510095
2021,19,1054,RACE,kimi-raikkonen,alfa-romeo,alfa-romeo@2021,21.0,12.0,True,0.13241544,2.2654223
2021,19,1054,RACE,george-russell,williams,williams@2021,17.0,13.0,True,-0.26096666,2.338608
2021,19,1054,RACE,antonio-giovinazzi,alfa-romeo,alfa-romeo@2021,13.0,14.0,True,-0.065584034,2.2654223
2021,19,1054,RACE,yuki-tsunoda,alphatauri,alphatauri@2021,15.0,15.0,True,0.14432514,1.3587472
2021,19,1054,RACE,nicholas-latifi,williams,williams@2021,16.0,16.0,True,0.5279217,2.338608
2021,19,1054,RACE,nikita-mazepin,haas,haas@2021,19.0,17.0,True,0.6461184,3.2235725
2021,19,1054,RACE,mick-schumacher,haas,haas@2021,18.0,18.0,True,0.112431556,3.2235725
2021,19,1054,RACE,daniel-ricciardo,mclaren,mclaren@2021,11.0,,False,-0.075674325,1.4173465
2021,19,1054,RACE,lance-stroll,aston-martin,aston-martin@2021,14.0,,False,0.1350279,1.8510095
2021,20,1055,RACE,lewis-hamilton,mercedes,mercedes@2021,1.0,1.0,True,-0.37354994,0.5844792
2021,20,1055,RACE,max-verstappen,red-bull,red-bull@2021,7.0,2.0,True,-0.8057019,1.0778508
2021,20,1055,RACE,fernando-alonso,alpine,alpine@2021,3.0,3.0,True,-0.27939656,1.8239216
2021,20,1055,RACE,sergio-perez,red-bull,red-bull@2021,11.0,4.0,True,-0.21818137,1.0778508
2021,20,1055,RACE,esteban-ocon,alpine,alpine@2021,9.0,5.0,True,-0.08048147,1.8239216
2021,20,1055,RACE,lance-stroll,aston-martin,aston-martin@2021,12.0,6.0,True,0.1350279,1.8510095
2021,20,1055,RACE,carlos-sainz-jr,ferrari,ferrari@2021,5.0,7.0,True,-0.39846206,1.5200123
2021,20,1055,RACE,charles-leclerc,ferrari,ferrari@2021,13.0,8.0,True,-0.543331,1.5200123
2021,20,1055,RACE,lando-norris,mclaren,mclaren@2021,4.0,9.0,True,-0.4799663,1.4173465
2021,20,1055,RACE,sebastian-vettel,aston-martin,aston-martin@2021,10.0,10.0,True,-0.09727998,1.8510095
2021,20,1055,RACE,pierre-gasly,alphatauri,alphatauri@2021,2.0,11.0,True,-0.28782994,1.3587472
2021,20,1055,RACE,daniel-ricciardo,mclaren,mclaren@2021,14.0,12.0,True,-0.075674325,1.4173465
2021,20,1055,RACE,yuki-tsunoda,alphatauri,alphatauri@2021,8.0,13.0,True,0.14432514,1.3587472
2021,20,1055,RACE,kimi-raikkonen,alfa-romeo,alfa-romeo@2021,16.0,14.0,True,0.13241544,2.2654223
2021,20,1055,RACE,antonio-giovinazzi,alfa-romeo,alfa-romeo@2021,18.0,15.0,True,-0.065584034,2.2654223
2021,20,1055,RACE,mick-schumacher,haas,haas@2021,19.0,16.0,True,0.112431556,3.2235725
2021,20,1055,RACE,george-russell,williams,williams@2021,15.0,17.0,True,-0.26096666,2.338608
2021,20,1055,RACE,nikita-mazepin,haas,haas@2021,20.0,18.0,True,0.6461184,3.2235725
2021,20,1055,RACE,nicholas-latifi,williams,williams@2021,17.0,,False,0.5279217,2.338608
2021,20,1055,RACE,valtteri-bottas,mercedes,mercedes@2021,6.0,,False,-0.16442692,0.5844792
2021,21,1056,STREET,lewis-hamilton,mercedes,mercedes@2021,1.0,1.0,True,-0.37354994,0.5844792
2021,21,1056,STREET,max-verstappen,red-bull,red-bull@2021,3.0,2.0,True,-0.8057019,1.0778508
2021,21,1056,STREET,valtteri-bottas,mercedes,mercedes@2021,2.0,3.0,True,-0.16442692,0.5844792
2021,21,1056,STREET,esteban-ocon,alpine,alpine@2021,9.0,4.0,True,-0.08048147,1.8239216
2021,21,1056,STREET,daniel-ricciardo,mclaren,mclaren@2021,11.0,5.0,True,-0.075674325,1.4173465
2021,21,1056,STREET,pierre-gasly,alphatauri,alphatauri@2021,6.0,6.0,True,-0.28782994,1.3587472
2021,21,1056,STREET,charles-leclerc,ferrari,ferrari@2021,4.0,7.0,True,-0.543331,1.5200123
2021,21,1056,STREET,carlos-sainz-jr,ferrari,ferrari@2021,15.0,8.0,True,-0.39846206,1.5200123
2021,21,1056,STREET,antonio-giovinazzi,alfa-romeo,alfa-romeo@2021,10.0,9.0,True,-0.065584034,2.2654223
2021,21,1056,STREET,lando-norris,mclaren,mclaren@2021,7.0,10.0,True,-0.4799663,1.4173465
2021,21,1056,STREET,lance-stroll,aston-martin,aston-martin@2021,18.0,11.0,True,0.1350279,1.8510095
2021,21,1056,STREET,nicholas-latifi,williams,williams@2021,16.0,12.0,True,0.5279217,2.338608
2021,21,1056,STREET,fernando-alonso,alpine,alpine@2021,13.0,13.0,True,-0.27939656,1.8239216
2021,21,1056,STREET,yuki-tsunoda,alphatauri,alphatauri@2021,8.0,14.0,True,0.14432514,1.3587472
2021,21,1056,STREET,kimi-raikkonen,alfa-romeo,alfa-romeo@2021,12.0,15.0,True,0.13241544,2.2654223
2021,21,1056,STREET,sebastian-vettel,aston-martin,aston-martin@2021,17.0,,False,-0.09727998,1.8510095
2021,21,1056,STREET,sergio-perez,red-bull,red-bull@2021,5.0,,False,-0.21818137,1.0778508
2021,21,1056,STREET,nikita-mazepin,haas,haas@2021,20.0,,False,0.6461184,3.2235725
2021,21,1056,STREET,george-russell,williams,williams@2021,14.0,,False,-0.26096666,2.338608
2021,21,1056,STREET,mick-schumacher,haas,haas@2021,19.0,,False,0.112431556,3.2235725
2021,22,1057,RACE,max-verstappen,red-bull,red-bull@2021,1.0,1.0,True,-0.8057019,1.0778508
2021,22,1057,RACE,lewis-hamilton,mercedes,mercedes@2021,2.0,2.0,True,-0.37354994,0.5844792
2021,22,1057,RACE,carlos-sainz-jr,ferrari,ferrari@2021,5.0,3.0,True,-0.39846206,1.5200123
2021,22,1057,RACE,yuki-tsunoda,alphatauri,alphatauri@2021,8.0,4.0,True,0.14432514,1.3587472
2021,22,1057,RACE,pierre-gasly,alphatauri,alphatauri@2021,12.0,5.0,True,-0.28782994,1.3587472
2021,22,1057,RACE,valtteri-bottas,mercedes,mercedes@2021,6.0,6.0,True,-0.16442692,0.5844792
2021,22,1057,RACE,lando-norris,mclaren,mclaren@2021,3.0,7.0,True,-0.4799663,1.4173465
2021,22,1057,RACE,fernando-alonso,alpine,alpine@2021,11.0,8.0,True,-0.27939656,1.8239216
2021,22,1057,RACE,esteban-ocon,alpine,alpine@2021,9.0,9.0,True,-0.08048147,1.8239216
2021,22,1057,RACE,charles-leclerc,ferrari,ferrari@2021,7.0,10.0,True,-0.543331,1.5200123
2021,22,1057,RACE,sebastian-vettel,aston-martin,aston-martin@2021,15.0,11.0,True,-0.09727998,1.8510095
2021,22,1057,RACE,daniel-ricciardo,mclaren,mclaren@2021,10.0,12.0,True,-0.075674325,1.4173465
2021,22,1057,RACE,lance-stroll,aston-martin,aston-martin@2021,13.0,13.0,True,0.1350279,1.8510095
2021,22,1057,RACE,mick-schumacher,haas,haas@2021,19.0,14.0,True,0.112431556,3.2235725
2021,22,1057,RACE,sergio-perez,red-bull,red-bull@2021,4.0,15.0,True,-0.21818137,1.0778508
2021,22,1057,RACE,nicholas-latifi,williams,williams@2021,16.0,,False,0.5279217,2.338608
2021,22,1057,RACE,antonio-giovinazzi,alfa-romeo,alfa-romeo@2021,14.0,,False,-0.065584034,2.2654223
2021,22,1057,RACE,george-russell,williams,williams@2021,17.0,,False,-0.26096666,2.338608
2021,22,1057,RACE,kimi-raikkonen,alfa-romeo,alfa-romeo@2021,18.0,,False,0.13241544,2.2654223
2022,1,1058,RACE,charles-leclerc,ferrari,ferrari@2022,1.0,1.0,True,-0.59583265,0.7299169
2022,1,1058,RACE,carlos-sainz-jr,ferrari,ferrari@2022,3.0,2.0,True,-0.4152458,0.7299169
2022,1,1058,RACE,lewis-hamilton,mercedes,mercedes@2022,5.0,3.0,True,-0.36061716,1.4050053
2022,1,1058,RACE,george-russell,mercedes,mercedes@2022,9.0,4.0,True,-0.3230159,1.4050053
2022,1,1058,RACE,kevin-magnussen,haas,haas@2022,7.0,5.0,True,0.20755756,2.123699
2022,1,1058,RACE,valtteri-bottas,alfa-romeo,alfa-romeo@2022,6.0,6.0,True,-0.1584841,2.0871623
2022,1,1058,RACE,esteban-ocon,alpine,alpine@2022,11.0,7.0,True,-0.06421194,1.747197
2022,1,1058,RACE,yuki-tsunoda,alphatauri,alphatauri@2022,16.0,8.0,True,0.052787427,2.212966
2022,1,1058,RACE,fernando-alonso,alpine,alpine@2022,8.0,9.0,True,-0.34355667,1.747197
2022,1,1058,RACE,guanyu-zhou,alfa-romeo,alfa-romeo@2022,15.0,10.0,True,0.18060261,2.0871623
2022,1,1058,RACE,mick-schumacher,haas,haas@2022,12.0,11.0,True,0.15463443,2.123699
2022,1,1058,RACE,lance-stroll,aston-martin,aston-martin@2022,19.0,12.0,True,0.1613159,2.4965506
2022,1,1058,RACE,alexander-albon,williams,williams@2022,14.0,13.0,True,-0.17774032,2.7801957
2022,1,1058,RACE,daniel-ricciardo,mclaren,mclaren@2022,18.0,14.0,True,-0.011744775,1.9709442
2022,1,1058,RACE,lando-norris,mclaren,mclaren@2022,13.0,15.0,True,-0.5530897,1.9709442
2022,1,1058,RACE,nicholas-latifi,williams,williams@2022,20.0,16.0,True,0.555121,2.7801957
2022,1,1058,RACE,nico-hulkenberg,aston-martin,aston-martin@2022,17.0,17.0,True,-0.11623645,2.4965506
2022,1,1058,RACE,sergio-perez,red-bull,red-bull@2022,4.0,18.0,True,-0.28612512,0.9490559
2022,1,1058,RACE,max-verstappen,red-bull,red-bull@2022,2.0,19.0,True,-0.82734895,0.9490559
2022,1,1058,RACE,pierre-gasly,alphatauri,alphatauri@2022,10.0,,False,-0.2353831,2.212966
2022,2,1059,STREET,max-verstappen,red-bull,red-bull@2022,4.0,1.0,True,-0.82734895,0.9490559
2022,2,1059,STREET,charles-leclerc,ferrari,ferrari@2022,2.0,2.0,True,-0.59583265,0.7299169
2022,2,1059,STREET,carlos-sainz-jr,ferrari,ferrari@2022,3.0,3.0,True,-0.4152458,0.7299169
2022,2,1059,STREET,sergio-perez,red-bull,red-bull@2022,1.0,4.0,True,-0.28612512,0.9490559
2022,2,1059,STREET,george-russell,mercedes,mercedes@2022,6.0,5.0,True,-0.3230159,1.4050053
2022,2,1059,STREET,esteban-ocon,alpine,alpine@2022,5.0,6.0,True,-0.06421194,1.747197
2022,2,1059,STREET,lando-norris,mclaren,mclaren@2022,11.0,7.0,True,-0.5530897,1.9709442
2022,2,1059,STREET,pierre-gasly,alphatauri,alphatauri@2022,9.0,8.0,True,-0.2353831,2.212966
2022,2,1059,STREET,kevin-magnussen,haas,haas@2022,10.0,9.0,True,0.20755756,2.123699
2022,2,1059,STREET,lewis-hamilton,mercedes,mercedes@2022,15.0,10.0,True,-0.36061716,1.4050053
2022,2,1059,STREET,guanyu-zhou,alfa-romeo,alfa-romeo@2022,12.0,11.0,True,0.18060261,2.0871623
2022,2,1059,STREET,nico-hulkenberg,aston-martin,aston-martin@2022,17.0,12.0,True,-0.11623645,2.4965506
2022,2,1059,STREET,lance-stroll,aston-martin,aston-martin@2022,13.0,13.0,True,0.1613159,2.4965506
2022,2,1059,STREET,alexander-albon,williams,williams@2022,16.0,14.0,True,-0.17774032,2.7801957
2022,2,1059,STREET,valtteri-bottas,alfa-romeo,alfa-romeo@2022,8.0,,False,-0.1584841,2.0871623
2022,2,1059,STREET,fernando-alonso,alpine,alpine@2022,7.0,,False,-0.34355667,1.747197
2022,2,1059,STREET,daniel-ricciardo,mclaren,mclaren@2022,14.0,,False,-0.011744775,1.9709442
2022,2,1059,STREET,nicholas-latifi,williams,williams@2022,18.0,,False,0.555121,2.7801957
2022,3,1060,STREET,charles-leclerc,ferrari,ferrari@2022,1.0,1.0,True,-0.59583265,0.7299169
2022,3,1060,STREET,sergio-perez,red-bull,red-bull@2022,3.0,2.0,True,-0.28612512,0.9490559
2022,3,1060,STREET,george-russell,mercedes,mercedes@2022,6.0,3.0,True,-0.3230159,1.4050053
2022,3,1060,STREET,lewis-hamilton,mercedes,mercedes@2022,5.0,4.0,True,-0.36061716,1.4050053
2022,3,1060,STREET,lando-norris,mclaren,mclaren@2022,4.0,5.0,True,-0.5530897,1.9709442
2022,3,1060,STREET,daniel-ricciardo,mclaren,mclaren@2022,7.0,6.0,True,-0.011744775,1.9709442
2022,3,1060,STREET,esteban-ocon,alpine,alpine@2022,8.0,7.0,True,-0.06421194,1.747197
2022,3,1060,STREET,valtteri-bottas,alfa-romeo,alfa-romeo@2022,12.0,8.0,True,-0.1584841,2.0871623
2022,3,1060,STREET,pierre-gasly,alphatauri,alphatauri@2022,11.0,9.0,True,-0.2353831,2.212966
2022,3,1060,STREET,alexander-albon,williams,williams@2022,20.0,10.0,True,-0.17774032,2.7801957
2022,3,1060,STREET,guanyu-zhou,alfa-romeo,alfa-romeo@2022,14.0,11.0,True,0.18060261,2.0871623
2022,3,1060,STREET,lance-stroll,aston-martin,aston-martin@2022,19.0,12.0,True,0.1613159,2.4965506
2022,3,1060,STREET,mick-schumacher,haas,haas@2022,15.0,13.0,True,0.15463443,2.123699
2022,3,1060,STREET,kevin-magnussen,haas,haas@2022,16.0,14.0,True,0.20755756,2.123699
2022,3,1060,STREET,yuki-tsunoda,alphatauri,alphatauri@2022,13.0,15.0,True,0.052787427,2.212966
2022,3,1060,STREET,nicholas-latifi,williams,williams@2022,18.0,16.0,True,0.555121,2.7801957
2022,3,1060,STREET,fernando-alonso,alpine,alpine@2022,10.0,17.0,True,-0.34355667,1.747197
2022,3,1060,STREET,max-verstappen,red-bull,red-bull@2022,2.0,,False,-0.82734895,0.9490559
2022,3,1060,STREET,sebastian-vettel,aston-martin,aston-martin@2022,17.0,,False,-0.08319141,2.4965506
2022,3,1060,STREET,carlos-sainz-jr,ferrari,ferrari@2022,9.0,,False,-0.4152458,0.7299169
2022,4,1061,RACE,max-verstappen,red-bull,red-bull@2022,1.0,1.0,True,-0.82734895,0.9490559
2022,4,1061,RACE,sergio-perez,red-bull,red-bull@2022,3.0,2.0,True,-0.28612512,0.9490559
2022,4,1061,RACE,lando-norris,mclaren,mclaren@2022,5.0,3.0,True,-0.5530897,1.9709442
2022,4,1061,RACE,george-russell,mercedes,mercedes@2022,11.0,4.0,True,-0.3230159,1.4050053
2022,4,1061,RACE,valtteri-bottas,alfa-romeo,alfa-romeo@2022,7.0,5.0,True,-0.1584841,2.0871623
2022,4,1061,RACE,charles-leclerc,ferrari,ferrari@2022,2.0,6.0,True,-0.59583265,0.7299169
2022,4,1061,RACE,yuki-tsunoda,alphatauri,alphatauri@2022,12.0,7.0,True,0.052787427,2.212966
2022,4,1061,RACE,sebastian-vettel,aston-martin,aston-martin@2022,13.0,8.0,True,-0.08319141,2.4965506
2022,4,1061,RACE,kevin-magnussen,haas,haas@2022,8.0,9.0,True,0.20755756,2.123699
2022,4,1061,RACE,lance-stroll,aston-martin,aston-martin@2022,15.0,10.0,True,0.1613159,2.4965506
2022,4,1061,RACE,alexander-albon,williams,williams@2022,18.0,11.0,True,-0.17774032,2.7801957
2022,4,1061,RACE,pierre-gasly,alphatauri,alphatauri@2022,17.0,12.0,True,-0.2353831,2.212966
2022,4,1061,RACE,lewis-hamilton,mercedes,mercedes@2022,14.0,13.0,True,-0.36061716,1.4050053
2022,4,1061,RACE,esteban-ocon,alpine,alpine@2022,16.0,14.0,True,-0.06421194,1.747197
2022,4,1061,RACE,guanyu-zhou,alfa-romeo,alfa-romeo@2022,21.0,15.0,True,0.18060261,2.0871623
2022,4,1061,RACE,nicholas-latifi,williams,williams@2022,19.0,16.0,True,0.555121,2.7801957
2022,4,1061,RACE,mick-schumacher,haas,haas@2022,10.0,17.0,True,0.15463443,2.123699
2022,4,1061,RACE,daniel-ricciardo,mclaren,mclaren@2022,6.0,18.0,True,-0.011744775,1.9709442
2022,4,1061,RACE,fernando-alonso,alpine,alpine@2022,9.0,,False,-0.34355667,1.747197
2022,4,1061,RACE,carlos-sainz-jr,ferrari,ferrari@2022,4.0,,False,-0.4152458,0.7299169
2022,5,1062,STREET,max-verstappen,red-bull,red-bull@2022,3.0,1.0,True,-0.82734895,0.9490559
2022,5,1062,STREET,charles-leclerc,ferrari,ferrari@2022,1.0,2.0,True,-0.59583265,0.7299169
2022,5,1062,STREET,carlos-sainz-jr,ferrari,ferrari@2022,2.0,3.0,True,-0.4152458,0.7299169
2022,5,1062,STREET,sergio-perez,red-bull,red-bull@2022,4.0,4.0,True,-0.28612512,0.9490559
2022,5,1062,STREET,george-russell,mercedes,mercedes@2022,12.0,5.0,True,-0.3230159,1.4050053
2022,5,1062,STREET,lewis-hamilton,mercedes,mercedes@2022,6.0,6.0,True,-0.36061716,1.4050053
2022,5,1062,STREET,valtteri-bottas,alfa-romeo,alfa-romeo@2022,5.0,7.0,True,-0.1584841,2.0871623
2022,5,1062,STREET,esteban-ocon,alpine,alpine@2022,20.0,8.0,True,-0.06421194,1.747197
2022,5,1062,STREET,alexander-albon,williams,williams@2022,18.0,9.0,True,-0.17774032,2.7801957
2022,5,1062,STREET,lance-stroll,aston-martin,aston-martin@2022,21.0,10.0,True,0.1613159,2.4965506
2022,5,1062,STREET,fernando-alonso,alpine,alpine@2022,11.0,11.0,True,-0.34355667,1.747197
2022,5,1062,STREET,yuki-tsunoda,alphatauri,alphatauri@2022,9.0,12.0,True,0.052787427,2.212966
2022,5,1062,STREET,daniel-ricciardo,mclaren,mclaren@2022,14.0,13.0,True,-0.011744775,1.9709442
2022,5,1062,STREET,nicholas-latifi,williams,williams@2022,19.0,14.0,True,0.555121,2.7801957
2022,5,1062,STREET,mick-schumacher,haas,haas@2022,15.0,15.0,True,0.15463443,2.123699
2022,5,1062,STREET,kevin-magnussen,haas,haas@2022,16.0,16.0,True,0.20755756,2.123699
2022,5,1062,STREET,sebastian-vettel,aston-martin,aston-martin@2022,21.0,17.0,True,-0.08319141,2.4965506
2022,5,1062,STREET,pierre-gasly,alphatauri,alphatauri@2022,7.0,,False,-0.2353831,2.212966
2022,5,1062,STREET,lando-norris,mclaren,mclaren@2022,8.0,,False,-0.5530897,1.9709442
2022,5,1062,STREET,guanyu-zhou,alfa-romeo,alfa-romeo@2022,17.0,,False,0.18060261,2.0871623
2022,6,1063,RACE,max-verstappen,red-bull,red-bull@2022,2.0,1.0,True,-0.82734895,0.9490559
2022,6,1063,RACE,sergio-perez,red-bull,red-bull@2022,5.0,2.0,True,-0.28612512,0.9490559
2022,6,1063,RACE,george-russell,mercedes,mercedes@2022,4.0,3.0,True,-0.3230159,1.4050053
2022,6,1063,RACE,carlos-sainz-jr,ferrari,ferrari@2022,3.0,4.0,True,-0.4152458,0.7299169
2022,6,1063,RACE,lewis-hamilton,mercedes,mercedes@2022,6.0,5.0,True,-0.36061716,1.4050053
2022,6,1063,RACE,valtteri-bottas,alfa-romeo,alfa-romeo@2022,7.0,6.0,True,-0.1584841,2.0871623
2022,6,1063,RACE,esteban-ocon,alpine,alpine@2022,12.0,7.0,True,-0.06421194,1.747197
2022,6,1063,RACE,lando-norris,mclaren,mclaren@2022,11.0,8.0,True,-0.5530897,1.9709442
2022,6,1063,RACE,fernando-alonso,alpine,alpine@2022,20.0,9.0,True,-0.34355667,1.747197
2022,6,1063,RACE,yuki-tsunoda,alphatauri,alphatauri@2022,13.0,10.0,True,0.052787427,2.212966
2022,6,1063,RACE,sebastian-vettel,aston-martin,aston-martin@2022,16.0,11.0,True,-0.08319141,2.4965506
2022,6,1063,RACE,daniel-ricciardo,mclaren,mclaren@2022,9.0,12.0,True,-0.011744775,1.9709442
2022,6,1063,RACE,pierre-gasly,alphatauri,alphatauri@2022,14.0,13.0,True,-0.2353831,2.212966
2022,6,1063,RACE,mick-schumacher,haas,haas@2022,10.0,14.0,True,0.15463443,2.123699
2022,6,1063,RACE,lance-stroll,aston-martin,aston-martin@2022,17.0,15.0,True,0.1613159,2.4965506
2022,6,1063,RACE,nicholas-latifi,williams,williams@2022,19.0,16.0,True,0.555121,2.7801957
2022,6,1063,RACE,kevin-magnussen,haas,haas@2022,8.0,17.0,True,0.20755756,2.123699
2022,6,1063,RACE,alexander-albon,williams,williams@2022,18.0,18.0,True,-0.17774032,2.7801957
2022,6,1063,RACE,guanyu-zhou,alfa-romeo,alfa-romeo@2022,15.0,,False,0.18060261,2.0871623
2022,6,1063,RACE,charles-leclerc,ferrari,ferrari@2022,1.0,,False,-0.59583265,0.7299169
2022,7,1064,STREET,sergio-perez,red-bull,red-bull@2022,3.0,1.0,True,-0.28612512,0.9490559
2022,7,1064,STREET,carlos-sainz-jr,ferrari,ferrari@2022,2.0,2.0,True,-0.4152458,0.7299169
2022,7,1064,STREET,max-verstappen,red-bull,red-bull@2022,4.0,3.0,True,-0.82734895,0.9490559
2022,7,1064,STREET,charles-leclerc,ferrari,ferrari@2022,1.0,4.0,True,-0.59583265,0.7299169
2022,7,1064,STREET,george-russell,mercedes,mercedes@2022,6.0,5.0,True,-0.3230159,1.4050053
2022,7,1064,STREET,lando-norris,mclaren,mclaren@2022,5.0,6.0,True,-0.5530897,1.9709442
2022,7,1064,STREET,fernando-alonso,alpine,alpine@2022,7.0,7.0,True,-0.34355667,1.747197
2022,7,1064,STREET,lewis-hamilton,mercedes,mercedes@2022,8.0,8.0,True,-0.36061716,1.4050053
2022,7,1064,STREET,valtteri-bottas,alfa-romeo,alfa-romeo@2022,12.0,9.0,True,-0.1584841,2.0871623
2022,7,1064,STREET,sebastian-vettel,aston-martin,aston-martin@2022,9.0,10.0,True,-0.08319141,2.4965506
2022,7,1064,STREET,pierre-gasly,alphatauri,alphatauri@2022,17.0,11.0,True,-0.2353831,2.212966
2022,7,1064,STREET,esteban-ocon,alpine,alpine@2022,10.0,12.0,True,-0.06421194,1.747197
2022,7,1064,STREET,daniel-ricciardo,mclaren,mclaren@2022,14.0,13.0,True,-0.011744775,1.9709442
2022,7,1064,STREET,lance-stroll,aston-martin,aston-martin@2022,18.0,14.0,True,0.1613159,2.4965506
2022,7,1064,STREET,nicholas-latifi,williams,williams@2022,19.0,15.0,True,0.555121,2.7801957
2022,7,1064,STREET,guanyu-zhou,alfa-romeo,alfa-romeo@2022,20.0,16.0,True,0.18060261,2.0871623
2022,7,1064,STREET,yuki-tsunoda,alphatauri,alphatauri@2022,11.0,17.0,True,0.052787427,2.212966
2022,7,1064,STREET,alexander-albon,williams,williams@2022,16.0,,False,-0.17774032,2.7801957
2022,7,1064,STREET,mick-schumacher,haas,haas@2022,15.0,,False,0.15463443,2.123699
2022,7,1064,STREET,kevin-magnussen,haas,haas@2022,13.0,,False,0.20755756,2.123699
2022,8,1065,STREET,max-verstappen,red-bull,red-bull@2022,3.0,1.0,True,-0.82734895,0.9490559
2022,8,1065,STREET,sergio-perez,red-bull,red-bull@2022,2.0,2.0,True,-0.28612512,0.9490559
2022,8,1065,STREET,george-russell,mercedes,mercedes@2022,5.0,3.0,True,-0.3230159,1.4050053
2022,8,1065,STREET,lewis-hamilton,mercedes,mercedes@2022,7.0,4.0,True,-0.36061716,1.4050053
2022,8,1065,STREET,pierre-gasly,alphatauri,alphatauri@2022,6.0,5.0,True,-0.2353831,2.212966
2022,8,1065,STREET,sebastian-vettel,aston-martin,aston-martin@2022,9.0,6.0,True,-0.08319141,2.4965506
2022,8,1065,STREET,fernando-alonso,alpine,alpine@2022,10.0,7.0,True,-0.34355667,1.747197
2022,8,1065,STREET,daniel-ricciardo,mclaren,mclaren@2022,12.0,8.0,True,-0.011744775,1.9709442
2022,8,1065,STREET,lando-norris,mclaren,mclaren@2022,11.0,9.0,True,-0.5530897,1.9709442
2022,8,1065,STREET,esteban-ocon,alpine,alpine@2022,13.0,10.0,True,-0.06421194,1.747197
2022,8,1065,STREET,valtteri-bottas,alfa-romeo,alfa-romeo@2022,15.0,11.0,True,-0.1584841,2.0871623
2022,8,1065,STREET,alexander-albon,williams,williams@2022,17.0,12.0,True,-0.17774032,2.7801957
2022,8,1065,STREET,yuki-tsunoda,alphatauri,alphatauri@2022,8.0,13.0,True,0.052787427,2.212966
2022,8,1065,STREET,mick-schumacher,haas,haas@2022,20.0,14.0,True,0.15463443,2.123699
2022,8,1065,STREET,nicholas-latifi,williams,williams@2022,18.0,15.0,True,0.555121,2.7801957
2022,8,1065,STREET,lance-stroll,aston-martin,aston-martin@2022,19.0,16.0,True,0.1613159,2.4965506
2022,8,1065,STREET,kevin-magnussen,haas,haas@2022,16.0,,False,0.20755756,2.123699
2022,8,1065,STREET,guanyu-zhou,alfa-romeo,alfa-romeo@2022,14.0,,False,0.18060261,2.0871623
2022,8,1065,STREET,charles-leclerc,ferrari,ferrari@2022,1.0,,False,-0.59583265,0.7299169
2022,8,1065,STREET,carlos-sainz-jr,ferrari,ferrari@2022,4.0,,False,-0.4152458,0.7299169
2022,9,1066,STREET,max-verstappen,red-bull,red-bull@2022,1.0,1.0,True,-0.82734895,0.9490559
2022,9,1066,STREET,carlos-sainz-jr,ferrari,ferrari@2022,3.0,2.0,True,-0.4152458,0.7299169
2022,9,1066,STREET,lewis-hamilton,mercedes,mercedes@2022,4.0,3.0,True,-0.36061716,1.4050053
2022,9,1066,STREET,george-russell,mercedes,mercedes@2022,8.0,4.0,True,-0.3230159,1.4050053
2022,9,1066,STREET,charles-leclerc,ferrari,ferrari@2022,19.0,5.0,True,-0.59583265,0.7299169
2022,9,1066,STREET,esteban-ocon,alpine,alpine@2022,7.0,6.0,True,-0.06421194,1.747197
2022,9,1066,STREET,valtteri-bottas,alfa-romeo,alfa-romeo@2022,11.0,7.0,True,-0.1584841,2.0871623
2022,9,1066,STREET,guanyu-zhou,alfa-romeo,alfa-romeo@2022,10.0,8.0,True,0.18060261,2.0871623
2022,9,1066,STREET,fernando-alonso,alpine,alpine@2022,2.0,9.0,True,-0.34355667,1.747197
2022,9,1066,STREET,lance-stroll,aston-martin,aston-martin@2022,17.0,10.0,True,0.1613159,2.4965506
2022,9,1066,STREET,daniel-ricciardo,mclaren,mclaren@2022,9.0,11.0,True,-0.011744775,1.9709442
2022,9,1066,STREET,sebastian-vettel,aston-martin,aston-martin@2022,16.0,12.0,True,-0.08319141,2.4965506
2022,9,1066,STREET,alexander-albon,williams,williams@2022,12.0,13.0,True,-0.17774032,2.7801957
2022,9,1066,STREET,pierre-gasly,alphatauri,alphatauri@2022,15.0,14.0,True,-0.2353831,2.212966
2022,9,1066,STREET,lando-norris,mclaren,mclaren@2022,14.0,15.0,True,-0.5530897,1.9709442
2022,9,1066,STREET,nicholas-latifi,williams,williams@2022,18.0,16.0,True,0.555121,2.7801957
2022,9,1066,STREET,kevin-magnussen,haas,haas@2022,5.0,17.0,True,0.20755756,2.123699
2022,9,1066,STREET,yuki-tsunoda,alphatauri,alphatauri@2022,20.0,,False,0.052787427,2.212966
2022,9,1066,STREET,mick-schumacher,haas,haas@2022,6.0,,False,0.15463443,2.123699
2022,9,1066,STREET,sergio-perez,red-bull,red-bull@2022,13.0,,False,-0.28612512,0.9490559
2022,10,1067,RACE,carlos-sainz-jr,ferrari,ferrari@2022,1.0,1.0,True,-0.4152458,0.7299169
2022,10,1067,RACE,sergio-perez,red-bull,red-bull@2022,4.0,2.0,True,-0.28612512,0.9490559
2022,10,1067,RACE,lewis-hamilton,mercedes,mercedes@2022,5.0,3.0,True,-0.36061716,1.4050053
2022,10,1067,RACE,charles-leclerc,ferrari,ferrari@2022,3.0,4.0,True,-0.59583265,0.7299169
2022,10,1067,RACE,fernando-alonso,alpine,alpine@2022,7.0,5.0,True,-0.34355667,1.747197
2022,10,1067,RACE,lando-norris,mclaren,mclaren@2022,6.0,6.0,True,-0.5530897,1.9709442
2022,10,1067,RACE,max-verstappen,red-bull,red-bull@2022,2.0,7.0,True,-0.82734895,0.9490559
2022,10,1067,RACE,mick-schumacher,haas,haas@2022,19.0,8.0,True,0.15463443,2.123699
2022,10,1067,RACE,sebastian-vettel,aston-martin,aston-martin@2022,18.0,9.0,True,-0.08319141,2.4965506
2022,10,1067,RACE,kevin-magnussen,haas,haas@2022,17.0,10.0,True,0.20755756,2.123699
2022,10,1067,RACE,lance-stroll,aston-martin,aston-martin@2022,20.0,11.0,True,0.1613159,2.4965506
2022,10,1067,RACE,nicholas-latifi,williams,williams@2022,10.0,12.0,True,0.555121,2.7801957
2022,10,1067,RACE,daniel-ricciardo,mclaren,mclaren@2022,14.0,13.0,True,-0.011744775,1.9709442
2022,10,1067,RACE,yuki-tsunoda,alphatauri,alphatauri@2022,13.0,14.0,True,0.052787427,2.212966
2022,10,1067,RACE,esteban-ocon,alpine,alpine@2022,15.0,,False,-0.06421194,1.747197
2022,10,1067,RACE,pierre-gasly,alphatauri,alphatauri@2022,11.0,,False,-0.2353831,2.212966
2022,10,1067,RACE,valtteri-bottas,alfa-romeo,alfa-romeo@2022,12.0,,False,-0.1584841,2.0871623
2022,10,1067,RACE,george-russell,mercedes,mercedes@2022,8.0,,False,-0.3230159,1.4050053
2022,10,1067,RACE,guanyu-zhou,alfa-romeo,alfa-romeo@2022,9.0,,False,0.18060261,2.0871623
2022,10,1067,RACE,alexander-albon,williams,williams@2022,16.0,,False,-0.17774032,2.7801957
2022,11,1068,RACE,charles-leclerc,ferrari,ferrari@2022,2.0,1.0,True,-0.59583265,0.7299169
2022,11,1068,RACE,max-verstappen,red-bull,red-bull@2022,1.0,2.0,True,-0.82734895,0.9490559
2022,11,1068,RACE,lewis-hamilton,mercedes,mercedes@2022,8.0,3.0,True,-0.36061716,1.4050053
2022,11,1068,RACE,george-russell,mercedes,mercedes@2022,4.0,4.0,True,-0.3230159,1.4050053
2022,11,1068,RACE,esteban-ocon,alpine,alpine@2022,6.0,5.0,True,-0.06421194,1.747197
2022,11,1068,RACE,mick-schumacher,haas,haas@2022,9.0,6.0,True,0.15463443,2.123699
2022,11,1068,RACE,lando-norris,mclaren,mclaren@2022,10.0,7.0,True,-0.5530897,1.9709442
2022,11,1068,RACE,kevin-magnussen,haas,haas@2022,7.0,8.0,True,0.20755756,2.123699
2022,11,1068,RACE,daniel-ricciardo,mclaren,mclaren@2022,11.0,9.0,True,-0.011744775,1.9709442
2022,11,1068,RACE,fernando-alonso,alpine,alpine@2022,19.0,10.0,True,-0.34355667,1.747197
2022,11,1068,RACE,valtteri-bottas,alfa-romeo,alfa-romeo@2022,21.0,11.0,True,-0.1584841,2.0871623
2022,11,1068,RACE,alexander-albon,williams,williams@2022,15.0,12.0,True,-0.17774032,2.7801957
2022,11,1068,RACE,lance-stroll,aston-martin,aston-martin@2022,12.0,13.0,True,0.1613159,2.4965506
2022,11,1068,RACE,guanyu-zhou,alfa-romeo,alfa-romeo@2022,13.0,14.0,True,0.18060261,2.0871623
2022,11,1068,RACE,pierre-gasly,alphatauri,alphatauri@2022,14.0,15.0,True,-0.2353831,2.212966
2022,11,1068,RACE,yuki-tsunoda,alphatauri,alphatauri@2022,16.0,16.0,True,0.052787427,2.212966
2022,11,1068,RACE,sebastian-vettel,aston-martin,aston-martin@2022,18.0,17.0,True,-0.08319141,2.4965506
2022,11,1068,RACE,carlos-sainz-jr,ferrari,ferrari@2022,3.0,,False,-0.4152458,0.7299169
2022,11,1068,RACE,nicholas-latifi,williams,williams@2022,17.0,,False,0.555121,2.7801957
2022,11,1068,RACE,sergio-perez,red-bull,red-bull@2022,5.0,,False,-0.28612512,0.9490559
2022,12,1069,RACE,max-verstappen,red-bull,red-bull@2022,2.0,1.0,True,-0.82734895,0.9490559
2022,12,1069,RACE,lewis-hamilton,mercedes,mercedes@2022,4.0,2.0,True,-0.36061716,1.4050053
2022,12,1069,RACE,george-russell,mercedes,mercedes@2022,6.0,3.0,True,-0.3230159,1.4050053
2022,12,1069,RACE,sergio-perez,red-bull,red-bull@2022,3.0,4.0,True,-0.28612512,0.9490559
2022,12,1069,RACE,carlos-sainz-jr,ferrari,ferrari@2022,19.0,5.0,True,-0.4152458,0.7299169
2022,12,1069,RACE,fernando-alonso,alpine,alpine@2022,7.0,6.0,True,-0.34355667,1.747197
2022,12,1069,RACE,lando-norris,mclaren,mclaren@2022,5.0,7.0,True,-0.5530897,1.9709442
2022,12,1069,RACE,esteban-ocon,alpine,alpine@2022,10.0,8.0,True,-0.06421194,1.747197
2022,12,1069,RACE,daniel-ricciardo,mclaren,mclaren@2022,9.0,9.0,True,-0.011744775,1.9709442
2022,12,1069,RACE,lance-stroll,aston-martin,aston-martin@2022,15.0,10.0,True,0.1613159,2.4965506
2022,12,1069,RACE,sebastian-vettel,aston-martin,aston-martin@2022,12.0,11.0,True,-0.08319141,2.4965506
2022,12,1069,RACE,pierre-gasly,alphatauri,alphatauri@2022,14.0,12.0,True,-0.2353831,2.212966
2022,12,1069,RACE,alexander-albon,williams,williams@2022,13.0,13.0,True,-0.17774032,2.7801957
2022,12,1069,RACE,valtteri-bottas,alfa-romeo,alfa-romeo@2022,11.0,14.0,True,-0.1584841,2.0871623
2022,12,1069,RACE,mick-schumacher,haas,haas@2022,17.0,15.0,True,0.15463443,2.123699
2022,12,1069,RACE,guanyu-zhou,alfa-romeo,alfa-romeo@2022,16.0,16.0,True,0.18060261,2.0871623
2022,12,1069,RACE,nicholas-latifi,williams,williams@2022,18.0,,False,0.555121,2.7801957
2022,12,1069,RACE,kevin-magnussen,haas,haas@2022,20.0,,False,0.20755756,2.123699
2022,12,1069,RACE,charles-leclerc,ferrari,ferrari@2022,1.0,,False,-0.59583265,0.7299169
2022,12,1069,RACE,yuki-tsunoda,alphatauri,alphatauri@2022,8.0,,False,0.052787427,2.212966
2022,13,1070,RACE,max-verstappen,red-bull,red-bull@2022,10.0,1.0,True,-0.82734895,0.9490559
2022,13,1070,RACE,lewis-hamilton,mercedes,mercedes@2022,7.0,2.0,True,-0.36061716,1.4050053
2022,13,1070,RACE,george-russell,mercedes,mercedes@2022,1.0,3.0,True,-0.3230159,1.4050053
2022,13,1070,RACE,carlos-sainz-jr,ferrari,ferrari@2022,2.0,4.0,True,-0.4152458,0.7299169
2022,13,1070,RACE,sergio-perez,red-bull,red-bull@2022,11.0,5.0,True,-0.28612512,0.9490559
2022,13,1070,RACE,charles-leclerc,ferrari,ferrari@2022,3.0,6.0,True,-0.59583265,0.7299169
2022,13,1070,RACE,lando-norris,mclaren,mclaren@2022,4.0,7.0,True,-0.5530897,1.9709442
2022,13,1070,RACE,fernando-alonso,alpine,alpine@2022,6.0,8.0,True,-0.34355667,1.747197
2022,13,1070,RACE,esteban-ocon,alpine,alpine@2022,5.0,9.0,True,-0.06421194,1.747197
2022,13,1070,RACE,sebastian-vettel,aston-martin,aston-martin@2022,18.0,10.0,True,-0.08319141,2.4965506
2022,13,1070,RACE,lance-stroll,aston-martin,aston-martin@2022,14.0,11.0,True,0.1613159,2.4965506
2022,13,1070,RACE,pierre-gasly,alphatauri,alphatauri@2022,20.0,12.0,True,-0.2353831,2.212966
2022,13,1070,RACE,guanyu-zhou,alfa-romeo,alfa-romeo@2022,12.0,13.0,True,0.18060261,2.0871623
2022,13,1070,RACE,mick-schumacher,haas,haas@2022,15.0,14.0,True,0.15463443,2.123699
2022,13,1070,RACE,daniel-ricciardo,mclaren,mclaren@2022,9.0,15.0,True,-0.011744775,1.9709442
2022,13,1070,RACE,kevin-magnussen,haas,haas@2022,13.0,16.0,True,0.20755756,2.123699
2022,13,1070,RACE,alexander-albon,williams,williams@2022,17.0,17.0,True,-0.17774032,2.7801957
2022,13,1070,RACE,nicholas-latifi,williams,williams@2022,19.0,18.0,True,0.555121,2.7801957
2022,13,1070,RACE,yuki-tsunoda,alphatauri,alphatauri@2022,16.0,19.0,True,0.052787427,2.212966
2022,13,1070,RACE,valtteri-bottas,alfa-romeo,alfa-romeo@2022,8.0,20.0,True,-0.1584841,2.0871623
2022,14,1071,RACE,max-verstappen,red-bull,red-bull@2022,14.0,1.0,True,-0.82734895,0.9490559
2022,14,1071,RACE,sergio-perez,red-bull,red-bull@2022,2.0,2.0,True,-0.28612512,0.9490559
2022,14,1071,RACE,carlos-sainz-jr,ferrari,ferrari@2022,1.0,3.0,True,-0.4152458,0.7299169
2022,14,1071,RACE,george-russell,mercedes,mercedes@2022,5.0,4.0,True,-0.3230159,1.4050053
2022,14,1071,RACE,fernando-alonso,alpine,alpine@2022,3.0,5.0,True,-0.34355667,1.747197
2022,14,1071,RACE,charles-leclerc,ferrari,ferrari@2022,15.0,6.0,True,-0.59583265,0.7299169
2022,14,1071,RACE,esteban-ocon,alpine,alpine@2022,16.0,7.0,True,-0.06421194,1.747197
2022,14,1071,RACE,sebastian-vettel,aston-martin,aston-martin@2022,10.0,8.0,True,-0.08319141,2.4965506
2022,14,1071,RACE,pierre-gasly,alphatauri,alphatauri@2022,21.0,9.0,True,-0.2353831,2.212966
2022,14,1071,RACE,alexander-albon,williams,williams@2022,6.0,10.0,True,-0.17774032,2.7801957
2022,14,1071,RACE,lance-stroll,aston-martin,aston-martin@2022,9.0,11.0,True,0.1613159,2.4965506
2022,14,1071,RACE,lando-norris,mclaren,mclaren@2022,17.0,12.0,True,-0.5530897,1.9709442
2022,14,1071,RACE,yuki-tsunoda,alphatauri,alphatauri@2022,20.0,13.0,True,0.052787427,2.212966
2022,14,1071,RACE,guanyu-zhou,alfa-romeo,alfa-romeo@2022,18.0,14.0,True,0.18060261,2.0871623
2022,14,1071,RACE,daniel-ricciardo,mclaren,mclaren@2022,7.0,15.0,True,-0.011744775,1.9709442
2022,14,1071,RACE,kevin-magnussen,haas,haas@2022,12.0,16.0,True,0.20755756,2.123699
2022,14,1071,RACE,mick-schumacher,haas,haas@2022,19.0,17.0,True,0.15463443,2.123699
2022,14,1071,RACE,nicholas-latifi,williams,williams@2022,11.0,18.0,True,0.555121,2.7801957
2022,14,1071,RACE,valtteri-bottas,alfa-romeo,alfa-romeo@2022,13.0,,False,-0.1584841,2.0871623
2022,14,1071,RACE,lewis-hamilton,mercedes,mercedes@2022,4.0,,False,-0.36061716,1.4050053
2022,15,1072,RACE,max-verstappen,red-bull,red-bull@2022,1.0,1.0,True,-0.82734895,0.9490559
2022,15,1072,RACE,george-russell,mercedes,mercedes@2022,6.0,2.0,True,-0.3230159,1.4050053
2022,15,1072,RACE,charles-leclerc,ferrari,ferrari@2022,2.0,3.0,True,-0.59583265,0.7299169
2022,15,1072,RACE,lewis-hamilton,mercedes,mercedes@2022,4.0,4.0,True,-0.36061716,1.4050053
2022,15,1072,RACE,sergio-perez,red-bull,red-bull@2022,5.0,5.0,True,-0.28612512,0.9490559
2022,15,1072,RACE,fernando-alonso,alpine,alpine@2022,13.0,6.0,True,-0.34355667,1.747197
2022,15,1072,RACE,lando-norris,mclaren,mclaren@2022,7.0,7.0,True,-0.5530897,1.9709442
2022,15,1072,RACE,carlos-sainz-jr,ferrari,ferrari@2022,3.0,8.0,True,-0.4152458,0.7299169
2022,15,1072,RACE,esteban-ocon,alpine,alpine@2022,12.0,9.0,True,-0.06421194,1.747197
2022,15,1072,RACE,lance-stroll,aston-martin,aston-martin@2022,10.0,10.0,True,0.1613159,2.4965506
2022,15,1072,RACE,pierre-gasly,alphatauri,alphatauri@2022,11.0,11.0,True,-0.2353831,2.212966
2022,15,1072,RACE,alexander-albon,williams,williams@2022,15.0,12.0,True,-0.17774032,2.7801957
2022,15,1072,RACE,mick-schumacher,haas,haas@2022,8.0,13.0,True,0.15463443,2.123699
2022,15,1072,RACE,sebastian-vettel,aston-martin,aston-martin@2022,19.0,14.0,True,-0.08319141,2.4965506
2022,15,1072,RACE,kevin-magnussen,haas,haas@2022,18.0,15.0,True,0.20755756,2.123699
2022,15,1072,RACE,guanyu-zhou,alfa-romeo,alfa-romeo@2022,14.0,16.0,True,0.18060261,2.0871623
2022,15,1072,RACE,daniel-ricciardo,mclaren,mclaren@2022,17.0,17.0,True,-0.011744775,1.9709442
2022,15,1072,RACE,nicholas-latifi,williams,williams@2022,20.0,18.0,True,0.555121,2.7801957
2022,15,1072,RACE,valtteri-bottas,alfa-romeo,alfa-romeo@2022,16.0,,False,-0.1584841,2.0871623
2022,15,1072,RACE,yuki-tsunoda,alphatauri,alphatauri@2022,9.0,,False,0.052787427,2.212966
2022,16,1073,RACE,max-verstappen,red-bull,red-bull@2022,7.0,1.0,True,-0.82734895,0.9490559
2022,16,1073,RACE,charles-leclerc,ferrari,ferrari@2022,1.0,2.0,True,-0.59583265,0.7299169
2022,16,1073,RACE,george-russell,mercedes,mercedes@2022,2.0,3.0,True,-0.3230159,1.4050053
2022,16,1073,RACE,carlos-sainz-jr,ferrari,ferrari@2022,18.0,4.0,True,-0.4152458,0.7299169
2022,16,1073,RACE,lewis-hamilton,mercedes,mercedes@2022,19.0,5.0,True,-0.36061716,1.4050053
2022,16,1073,RACE,sergio-perez,red-bull,red-bull@2022,13.0,6.0,True,-0.28612512,0.9490559
2022,16,1073,RACE,lando-norris,mclaren,mclaren@2022,3.0,7.0,True,-0.5530897,1.9709442
2022,16,1073,RACE,pierre-gasly,alphatauri,alphatauri@2022,5.0,8.0,True,-0.2353831,2.212966
2022,16,1073,RACE,nyck-de-vries,williams,williams@2022,8.0,9.0,True,0.31375235,2.7801957
2022,16,1073,RACE,guanyu-zhou,alfa-romeo,alfa-romeo@2022,9.0,10.0,True,0.18060261,2.0871623
2022,16,1073,RACE,esteban-ocon,alpine,alpine@2022,14.0,11.0,True,-0.06421194,1.747197
2022,16,1073,RACE,mick-schumacher,haas,haas@2022,17.0,12.0,True,0.15463443,2.123699
2022,16,1073,RACE,valtteri-bottas,alfa-romeo,alfa-romeo@2022,15.0,13.0,True,-0.1584841,2.0871623
2022,16,1073,RACE,yuki-tsunoda,alphatauri,alphatauri@2022,20.0,14.0,True,0.052787427,2.212966
2022,16,1073,RACE,nicholas-latifi,williams,williams@2022,10.0,15.0,True,0.555121,2.7801957
2022,16,1073,RACE,kevin-magnussen,haas,haas@2022,16.0,16.0,True,0.20755756,2.123699
2022,16,1073,RACE,daniel-ricciardo,mclaren,mclaren@2022,4.0,,False,-0.011744775,1.9709442
2022,16,1073,RACE,lance-stroll,aston-martin,aston-martin@2022,12.0,,False,0.1613159,2.4965506
2022,16,1073,RACE,fernando-alonso,alpine,alpine@2022,6.0,,False,-0.34355667,1.747197
2022,16,1073,RACE,sebastian-vettel,aston-martin,aston-martin@2022,11.0,,False,-0.08319141,2.4965506
2022,17,1074,STREET,sergio-perez,red-bull,red-bull@2022,2.0,1.0,True,-0.28612512,0.9490559
2022,17,1074,STREET,charles-leclerc,ferrari,ferrari@2022,1.0,2.0,True,-0.59583265,0.7299169
2022,17,1074,STREET,carlos-sainz-jr,ferrari,ferrari@2022,4.0,3.0,True,-0.4152458,0.7299169
2022,17,1074,STREET,lando-norris,mclaren,mclaren@2022,6.0,4.0,True,-0.5530897,1.9709442
2022,17,1074,STREET,daniel-ricciardo,mclaren,mclaren@2022,16.0,5.0,True,-0.011744775,1.9709442
2022,17,1074,STREET,lance-stroll,aston-martin,aston-martin@2022,11.0,6.0,True,0.1613159,2.4965506
2022,17,1074,STREET,max-verstappen,red-bull,red-bull@2022,8.0,7.0,True,-0.82734895,0.9490559
2022,17,1074,STREET,sebastian-vettel,aston-martin,aston-martin@2022,13.0,8.0,True,-0.08319141,2.4965506
2022,17,1074,STREET,lewis-hamilton,mercedes,mercedes@2022,3.0,9.0,True,-0.36061716,1.4050053
2022,17,1074,STREET,pierre-gasly,alphatauri,alphatauri@2022,7.0,10.0,True,-0.2353831,2.212966
2022,17,1074,STREET,valtteri-bottas,alfa-romeo,alfa-romeo@2022,15.0,11.0,True,-0.1584841,2.0871623
2022,17,1074,STREET,kevin-magnussen,haas,haas@2022,9.0,12.0,True,0.20755756,2.123699
2022,17,1074,STREET,mick-schumacher,haas,haas@2022,12.0,13.0,True,0.15463443,2.123699
2022,17,1074,STREET,george-russell,mercedes,mercedes@2022,21.0,14.0,True,-0.3230159,1.4050053
2022,17,1074,STREET,yuki-tsunoda,alphatauri,alphatauri@2022,10.0,,False,0.052787427,2.212966
2022,17,1074,STREET,esteban-ocon,alpine,alpine@2022,17.0,,False,-0.06421194,1.747197
2022,17,1074,STREET,alexander-albon,williams,williams@2022,18.0,,False,-0.17774032,2.7801957
2022,17,1074,STREET,fernando-alonso,alpine,alpine@2022,5.0,,False,-0.34355667,1.747197
2022,17,1074,STREET,nicholas-latifi,williams,williams@2022,19.0,,False,0.555121,2.7801957
2022,17,1074,STREET,guanyu-zhou,alfa-romeo,alfa-romeo@2022,14.0,,False,0.18060261,2.0871623
2022,18,1075,RACE,max-verstappen,red-bull,red-bull@2022,1.0,1.0,True,-0.82734895,0.9490559
2022,18,1075,RACE,sergio-perez,red-bull,red-bull@2022,4.0,2.0,True,-0.28612512,0.9490559
2022,18,1075,RACE,charles-leclerc,ferrari,ferrari@2022,2.0,3.0,True,-0.59583265,0.7299169
2022,18,1075,RACE,esteban-ocon,alpine,alpine@2022,5.0,4.0,True,-0.06421194,1.747197
2022,18,1075,RACE,lewis-hamilton,mercedes,mercedes@2022,6.0,5.0,True,-0.36061716,1.4050053
2022,18,1075,RACE,sebastian-vettel,aston-martin,aston-martin@2022,9.0,6.0,True,-0.08319141,2.4965506
2022,18,1075,RACE,fernando-alonso,alpine,alpine@2022,7.0,7.0,True,-0.34355667,1.747197
2022,18,1075,RACE,george-russell,mercedes,mercedes@2022,8.0,8.0,True,-0.3230159,1.4050053
2022,18,1075,RACE,nicholas-latifi,williams,williams@2022,19.0,9.0,True,0.555121,2.7801957
2022,18,1075,RACE,lando-norris,mclaren,mclaren@2022,10.0,10.0,True,-0.5530897,1.9709442
2022,18,1075,RACE,daniel-ricciardo,mclaren,mclaren@2022,11.0,11.0,True,-0.011744775,1.9709442
2022,18,1075,RACE,lance-stroll,aston-martin,aston-martin@2022,18.0,12.0,True,0.1613159,2.4965506
2022,18,1075,RACE,yuki-tsunoda,alphatauri,alphatauri@2022,13.0,13.0,True,0.052787427,2.212966
2022,18,1075,RACE,kevin-magnussen,haas,haas@2022,17.0,14.0,True,0.20755756,2.123699
2022,18,1075,RACE,valtteri-bottas,alfa-romeo,alfa-romeo@2022,12.0,15.0,True,-0.1584841,2.0871623
2022,18,1075,RACE,guanyu-zhou,alfa-romeo,alfa-romeo@2022,14.0,16.0,True,0.18060261,2.0871623
2022,18,1075,RACE,mick-schumacher,haas,haas@2022,15.0,17.0,True,0.15463443,2.123699
2022,18,1075,RACE,pierre-gasly,alphatauri,alphatauri@2022,21.0,18.0,True,-0.2353831,2.212966
2022,18,1075,RACE,carlos-sainz-jr,ferrari,ferrari@2022,3.0,,False,-0.4152458,0.7299169
2022,18,1075,RACE,alexander-albon,williams,williams@2022,16.0,,False,-0.17774032,2.7801957
2022,19,1076,RACE,max-verstappen,red-bull,red-bull@2022,2.0,1.0,True,-0.82734895,0.9490559
2022,19,1076,RACE,lewis-hamilton,mercedes,mercedes@2022,3.0,2.0,True,-0.36061716,1.4050053
2022,19,1076,RACE,charles-leclerc,ferrari,ferrari@2022,12.0,3.0,True,-0.59583265,0.7299169
2022,19,1076,RACE,sergio-perez,red-bull,red-bull@2022,9.0,4.0,True,-0.28612512,0.9490559
2022,19,1076,RACE,george-russell,mercedes,mercedes@2022,4.0,5.0,True,-0.3230159,1.4050053
2022,19,1076,RACE,lando-norris,mclaren,mclaren@2022,6.0,6.0,True,-0.5530897,1.9709442
2022,19,1076,RACE,fernando-alonso,alpine,alpine@2022,14.0,7.0,True,-0.34355667,1.747197
2022,19,1076,RACE,sebastian-vettel,aston-martin,aston-martin@2022,10.0,8.0,True,-0.08319141,2.4965506
2022,19,1076,RACE,kevin-magnussen,haas,haas@2022,13.0,9.0,True,0.20755756,2.123699
2022,19,1076,RACE,yuki-tsunoda,alphatauri,alphatauri@2022,19.0,10.0,True,0.052787427,2.212966
2022,19,1076,RACE,esteban-ocon,alpine,alpine@2022,21.0,11.0,True,-0.06421194,1.747197
2022,19,1076,RACE,guanyu-zhou,alfa-romeo,alfa-romeo@2022,18.0,12.0,True,0.18060261,2.0871623
2022,19,1076,RACE,alexander-albon,williams,williams@2022,8.0,13.0,True,-0.17774032,2.7801957
2022,19,1076,RACE,pierre-gasly,alphatauri,alphatauri@2022,11.0,14.0,True,-0.2353831,2.212966
2022,19,1076,RACE,mick-schumacher,haas,haas@2022,16.0,15.0,True,0.15463443,2.123699
2022,19,1076,RACE,daniel-ricciardo,mclaren,mclaren@2022,15.0,16.0,True,-0.011744775,1.9709442
2022,19,1076,RACE,nicholas-latifi,williams,williams@2022,17.0,17.0,True,0.555121,2.7801957
2022,19,1076,RACE,lance-stroll,aston-martin,aston-martin@2022,5.0,,False,0.1613159,2.4965506
2022,19,1076,RACE,valtteri-bottas,alfa-romeo,alfa-romeo@2022,7.0,,False,-0.1584841,2.0871623
2022,19,1076,RACE,carlos-sainz-jr,ferrari,ferrari@2022,1.0,,False,-0.4152458,0.7299169
2022,20,1077,RACE,max-verstappen,red-bull,red-bull@2022,1.0,1.0,True,-0.82734895,0.9490559
2022,20,1077,RACE,lewis-hamilton,mercedes,mercedes@2022,3.0,2.0,True,-0.36061716,1.4050053
2022,20,1077,RACE,sergio-perez,red-bull,red-bull@2022,4.0,3.0,True,-0.28612512,0.9490559
2022,20,1077,RACE,george-russell,mercedes,mercedes@2022,2.0,4.0,True,-0.3230159,1.4050053
2022,20,1077,RACE,carlos-sainz-jr,ferrari,ferrari@2022,5.0,5.0,True,-0.4152458,0.7299169
2022,20,1077,RACE,charles-leclerc,ferrari,ferrari@2022,7.0,6.0,True,-0.59583265,0.7299169
2022,20,1077,RACE,daniel-ricciardo,mclaren,mclaren@2022,11.0,7.0,True,-0.011744775,1.9709442
2022,20,1077,RACE,esteban-ocon,alpine,alpine@2022,10.0,8.0,True,-0.06421194,1.747197
2022,20,1077,RACE,lando-norris,mclaren,mclaren@2022,8.0,9.0,True,-0.5530897,1.9709442
2022,20,1077,RACE,valtteri-bottas,alfa-romeo,alfa-romeo@2022,6.0,10.0,True,-0.1584841,2.0871623
2022,20,1077,RACE,pierre-gasly,alphatauri,alphatauri@2022,14.0,11.0,True,-0.2353831,2.212966
2022,20,1077,RACE,alexander-albon,williams,williams@2022,17.0,12.0,True,-0.17774032,2.7801957
2022,20,1077,RACE,guanyu-zhou,alfa-romeo,alfa-romeo@2022,12.0,13.0,True,0.18060261,2.0871623
2022,20,1077,RACE,sebastian-vettel,aston-martin,aston-martin@2022,16.0,14.0,True,-0.08319141,2.4965506
2022,20,1077,RACE,lance-stroll,aston-martin,aston-martin@2022,20.0,15.0,True,0.1613159,2.4965506
2022,20,1077,RACE,mick-schumacher,haas,haas@2022,15.0,16.0,True,0.15463443,2.123699
2022,20,1077,RACE,kevin-magnussen,haas,haas@2022,19.0,17.0,True,0.20755756,2.123699
2022,20,1077,RACE,nicholas-latifi,williams,williams@2022,18.0,18.0,True,0.555121,2.7801957
2022,20,1077,RACE,fernando-alonso,alpine,alpine@2022,9.0,19.0,True,-0.34355667,1.747197
2022,20,1077,RACE,yuki-tsunoda,alphatauri,alphatauri@2022,13.0,,False,0.052787427,2.212966
2022,21,1078,RACE,george-russell,mercedes,mercedes@2022,1.0,1.0,True,-0.3230159,1.4050053
2022,21,1078,RACE,lewis-hamilton,mercedes,mercedes@2022,2.0,2.0,True,-0.36061716,1.4050053
2022,21,1078,RACE,carlos-sainz-jr,ferrari,ferrari@2022,7.0,3.0,True,-0.4152458,0.7299169
2022,21,1078,RACE,charles-leclerc,ferrari,ferrari@2022,5.0,4.0,True,-0.59583265,0.7299169
2022,21,1078,RACE,fernando-alonso,alpine,alpine@2022,17.0,5.0,True,-0.34355667,1.747197
2022,21,1078,RACE,max-verstappen,red-bull,red-bull@2022,3.0,6.0,True,-0.82734895,0.9490559
2022,21,1078,RACE,sergio-perez,red-bull,red-bull@2022,4.0,7.0,True,-0.28612512,0.9490559
2022,21,1078,RACE,esteban-ocon,alpine,alpine@2022,16.0,8.0,True,-0.06421194,1.747197
2022,21,1078,RACE,valtteri-bottas,alfa-romeo,alfa-romeo@2022,14.0,9.0,True,-0.1584841,2.0871623
2022,21,1078,RACE,lance-stroll,aston-martin,aston-martin@2022,15.0,10.0,True,0.1613159,2.4965506
2022,21,1078,RACE,sebastian-vettel,aston-martin,aston-martin@2022,9.0,11.0,True,-0.08319141,2.4965506
2022,21,1078,RACE,guanyu-zhou,alfa-romeo,alfa-romeo@2022,13.0,12.0,True,0.18060261,2.0871623
2022,21,1078,RACE,mick-schumacher,haas,haas@2022,12.0,13.0,True,0.15463443,2.123699
2022,21,1078,RACE,pierre-gasly,alphatauri,alphatauri@2022,10.0,14.0,True,-0.2353831,2.212966
2022,21,1078,RACE,alexander-albon,williams,williams@2022,19.0,15.0,True,-0.17774032,2.7801957
2022,21,1078,RACE,nicholas-latifi,williams,williams@2022,18.0,16.0,True,0.555121,2.7801957
2022,21,1078,RACE,yuki-tsunoda,alphatauri,alphatauri@2022,21.0,17.0,True,0.052787427,2.212966
2022,21,1078,RACE,lando-norris,mclaren,mclaren@2022,6.0,,False,-0.5530897,1.9709442
2022,21,1078,RACE,kevin-magnussen,haas,haas@2022,8.0,,False,0.20755756,2.123699
2022,21,1078,RACE,daniel-ricciardo,mclaren,mclaren@2022,11.0,,False,-0.011744775,1.9709442
2022,22,1079,RACE,max-verstappen,red-bull,red-bull@2022,1.0,1.0,True,-0.82734895,0.9490559
2022,22,1079,RACE,charles-leclerc,ferrari,ferrari@2022,3.0,2.0,True,-0.59583265,0.7299169
2022,22,1079,RACE,sergio-perez,red-bull,red-bull@2022,2.0,3.0,True,-0.28612512,0.9490559
2022,22,1079,RACE,carlos-sainz-jr,ferrari,ferrari@2022,4.0,4.0,True,-0.4152458,0.7299169
2022,22,1079,RACE,george-russell,mercedes,mercedes@2022,6.0,5.0,True,-0.3230159,1.4050053
2022,22,1079,RACE,lando-norris,mclaren,mclaren@2022,7.0,6.0,True,-0.5530897,1.9709442
2022,22,1079,RACE,esteban-ocon,alpine,alpine@2022,8.0,7.0,True,-0.06421194,1.747197
2022,22,1079,RACE,lance-stroll,aston-martin,aston-martin@2022,14.0,8.0,True,0.1613159,2.4965506
2022,22,1079,RACE,daniel-ricciardo,mclaren,mclaren@2022,13.0,9.0,True,-0.011744775,1.9709442
2022,22,1079,RACE,sebastian-vettel,aston-martin,aston-martin@2022,9.0,10.0,True,-0.08319141,2.4965506
2022,22,1079,RACE,yuki-tsunoda,alphatauri,alphatauri@2022,11.0,11.0,True,0.052787427,2.212966
2022,22,1079,RACE,guanyu-zhou,alfa-romeo,alfa-romeo@2022,15.0,12.0,True,0.18060261,2.0871623
2022,22,1079,RACE,alexander-albon,williams,williams@2022,19.0,13.0,True,-0.17774032,2.7801957
2022,22,1079,RACE,pierre-gasly,alphatauri,alphatauri@2022,17.0,14.0,True,-0.2353831,2.212966
2022,22,1079,RACE,valtteri-bottas,alfa-romeo,alfa-romeo@2022,18.0,15.0,True,-0.1584841,2.0871623
2022,22,1079,RACE,mick-schumacher,haas,haas@2022,12.0,16.0,True,0.15463443,2.123699
2022,22,1079,RACE,kevin-magnussen,haas,haas@2022,16.0,17.0,True,0.20755756,2.123699
2022,22,1079,RACE,lewis-hamilton,mercedes,mercedes@2022,5.0,18.0,True,-0.36061716,1.4050053
2022,22,1079,RACE,nicholas-latifi,williams,williams@2022,20.0,19.0,True,0.555121,2.7801957
2022,22,1079,RACE,fernando-alonso,alpine,alpine@2022,10.0,,False,-0.34355667,1.747197
2023,1,1080,RACE,max-verstappen,red-bull,red-bull@2023,1.0,1.0,True,-0.9067317,1.0391952
2023,1,1080,RACE,sergio-perez,red-bull,red-bull@2023,2.0,2.0,True,-0.2815819,1.0391952
2023,1,1080,RACE,fernando-alonso,aston-martin,aston-martin@2023,5.0,3.0,True,-0.40836355,1.4195427
2023,1,1080,RACE,carlos-sainz-jr,ferrari,ferrari@2023,4.0,4.0,True,-0.4413722,0.9967215
2023,1,1080,RACE,lewis-hamilton,mercedes,mercedes@2023,7.0,5.0,True,-0.36117348,1.1204016
2023,1,1080,RACE,lance-stroll,aston-martin,aston-martin@2023,8.0,6.0,True,0.21318224,1.4195427
2023,1,1080,RACE,george-russell,mercedes,mercedes@2023,6.0,7.0,True,-0.36461863,1.1204016
2023,1,1080,RACE,valtteri-bottas,alfa-romeo,alfa-romeo@2023,12.0,8.0,True,-0.17265634,1.9421055
2023,1,1080,RACE,pierre-gasly,alpine,alpine@2023,20.0,9.0,True,-0.25462374,1.4068525
2023,1,1080,RACE,alexander-albon,williams,williams@2023,15.0,10.0,True,-0.20787385,1.8055661
2023,1,1080,RACE,yuki-tsunoda,alphatauri,alphatauri@2023,14.0,11.0,True,0.023489745,1.6534474
2023,1,1080,RACE,logan-sargeant,williams,williams@2023,16.0,12.0,True,0.4834564,1.8055661
2023,1,1080,RACE,kevin-magnussen,haas,haas@2023,17.0,13.0,True,0.25288573,1.7523906
2023,1,1080,RACE,nyck-de-vries,alphatauri,alphatauri@2023,19.0,14.0,True,0.3540807,1.6534474
2023,1,1080,RACE,nico-hulkenberg,haas,haas@2023,10.0,15.0,True,-0.16807047,1.7523906
2023,1,1080,RACE,guanyu-zhou,alfa-romeo,alfa-romeo@2023,13.0,16.0,True,0.21265902,1.9421055
2023,1,1080,RACE,lando-norris,mclaren,mclaren@2023,11.0,17.0,True,-0.56743425,1.4350437
2023,1,1080,RACE,esteban-ocon,alpine,alpine@2023,9.0,,False,-0.043327816,1.4068525
2023,1,1080,RACE,charles-leclerc,ferrari,ferrari@2023,3.0,,False,-0.61625826,0.9967215
2023,1,1080,RACE,oscar-piastri,mclaren,mclaren@2023,18.0,,False,-0.3326575,1.4350437
2023,2,1081,STREET,sergio-perez,red-bull,red-bull@2023,1.0,1.0,True,-0.2815819,1.0391952
2023,2,1081,STREET,max-verstappen,red-bull,red-bull@2023,15.0,2.0,True,-0.9067317,1.0391952
2023,2,1081,STREET,fernando-alonso,aston-martin,aston-martin@2023,2.0,3.0,True,-0.40836355,1.4195427
2023,2,1081,STREET,george-russell,mercedes,mercedes@2023,3.0,4.0,True,-0.36461863,1.1204016
2023,2,1081,STREET,lewis-hamilton,mercedes,mercedes@2023,7.0,5.0,True,-0.36117348,1.1204016
2023,2,1081,STREET,carlos-sainz-jr,ferrari,ferrari@2023,4.0,6.0,True,-0.4413722,0.9967215
2023,2,1081,STREET,charles-leclerc,ferrari,ferrari@2023,12.0,7.0,True,-0.61625826,0.9967215
2023,2,1081,STREET,esteban-ocon,alpine,alpine@2023,6.0,8.0,True,-0.043327816,1.4068525
2023,2,1081,STREET,pierre-gasly,alpine,alpine@2023,9.0,9.0,True,-0.25462374,1.4068525
2023,2,1081,STREET,kevin-magnussen,haas,haas@2023,13.0,10.0,True,0.25288573,1.7523906
2023,2,1081,STREET,yuki-tsunoda,alphatauri,alphatauri@2023,16.0,11.0,True,0.023489745,1.6534474
2023,2,1081,STREET,nico-hulkenberg,haas,haas@2023,10.0,12.0,True,-0.16807047,1.7523906
2023,2,1081,STREET,guanyu-zhou,alfa-romeo,alfa-romeo@2023,11.0,13.0,True,0.21265902,1.9421055
2023,2,1081,STREET,nyck-de-vries,alphatauri,alphatauri@2023,18.0,14.0,True,0.3540807,1.6534474
2023,2,1081,STREET,oscar-piastri,mclaren,mclaren@2023,8.0,15.0,True,-0.3326575,1.4350437
2023,2,1081,STREET,logan-sargeant,williams,williams@2023,20.0,16.0,True,0.4834564,1.8055661
2023,2,1081,STREET,lando-norris,mclaren,mclaren@2023,19.0,17.0,True,-0.56743425,1.4350437
2023,2,1081,STREET,valtteri-bottas,alfa-romeo,alfa-romeo@2023,14.0,18.0,True,-0.17265634,1.9421055
2023,2,1081,STREET,alexander-albon,williams,williams@2023,17.0,,False,-0.20787385,1.8055661
2023,2,1081,STREET,lance-stroll,aston-martin,aston-martin@2023,5.0,,False,0.21318224,1.4195427
2023,3,1082,STREET,max-verstappen,red-bull,red-bull@2023,1.0,1.0,True,-0.9067317,1.0391952
2023,3,1082,STREET,lewis-hamilton,mercedes,mercedes@2023,3.0,2.0,True,-0.36117348,1.1204016
2023,3,1082,STREET,fernando-alonso,aston-martin,aston-martin@2023,4.0,3.0,True,-0.40836355,1.4195427
2023,3,1082,STREET,lance-stroll,aston-martin,aston-martin@2023,6.0,4.0,True,0.21318224,1.4195427
2023,3,1082,STREET,sergio-perez,red-bull,red-bull@2023,21.0,5.0,True,-0.2815819,1.0391952
2023,3,1082,STREET,lando-norris,mclaren,mclaren@2023,13.0,6.0,True,-0.56743425,1.4350437
2023,3,1082,STREET,nico-hulkenberg,haas,haas@2023,10.0,7.0,True,-0.16807047,1.7523906
2023,3,1082,STREET,oscar-piastri,mclaren,mclaren@2023,16.0,8.0,True,-0.3326575,1.4350437
2023,3,1082,STREET,guanyu-zhou,alfa-romeo,alfa-romeo@2023,17.0,9.0,True,0.21265902,1.9421055
2023,3,1082,STREET,yuki-tsunoda,alphatauri,alphatauri@2023,12.0,10.0,True,0.023489745,1.6534474
2023,3,1082,STREET,valtteri-bottas,alfa-romeo,alfa-romeo@2023,21.0,11.0,True,-0.17265634,1.9421055
2023,3,1082,STREET,carlos-sainz-jr,ferrari,ferrari@2023,5.0,12.0,True,-0.4413722,0.9967215
2023,3,1082,STREET,pierre-gasly,alpine,alpine@2023,9.0,13.0,True,-0.25462374,1.4068525
2023,3,1082,STREET,esteban-ocon,alpine,alpine@2023,11.0,14.0,True,-0.043327816,1.4068525
2023,3,1082,STREET,nyck-de-vries,alphatauri,alphatauri@2023,15.0,15.0,True,0.3540807,1.6534474
2023,3,1082,STREET,logan-sargeant,williams,williams@2023,18.0,16.0,True,0.4834564,1.8055661
2023,3,1082,STREET,kevin-magnussen,haas,haas@2023,14.0,17.0,True,0.25288573,1.7523906
2023,3,1082,STREET,george-russell,mercedes,mercedes@2023,2.0,,False,-0.36461863,1.1204016
2023,3,1082,STREET,alexander-albon,williams,williams@2023,8.0,,False,-0.20787385,1.8055661
2023,3,1082,STREET,charles-leclerc,ferrari,ferrari@2023,7.0,,False,-0.61625826,0.9967215
2023,4,1083,STREET,sergio-perez,red-bull,red-bull@2023,3.0,1.0,True,-0.2815819,1.0391952
2023,4,1083,STREET,max-verstappen,red-bull,red-bull@2023,2.0,2.0,True,-0.9067317,1.0391952
2023,4,1083,STREET,charles-leclerc,ferrari,ferrari@2023,1.0,3.0,True,-0.61625826,0.9967215
2023,4,1083,STREET,fernando-alonso,aston-martin,aston-martin@2023,6.0,4.0,True,-0.40836355,1.4195427
2023,4,1083,STREET,carlos-sainz-jr,ferrari,ferrari@2023,4.0,5.0,True,-0.4413722,0.9967215
2023,4,1083,STREET,lewis-hamilton,mercedes,mercedes@2023,5.0,6.0,True,-0.36117348,1.1204016
2023,4,1083,STREET,lance-stroll,aston-martin,aston-martin@2023,9.0,7.0,True,0.21318224,1.4195427
2023,4,1083,STREET,george-russell,mercedes,mercedes@2023,11.0,8.0,True,-0.36461863,1.1204016
2023,4,1083,STREET,lando-norris,mclaren,mclaren@2023,7.0,9.0,True,-0.56743425,1.4350437
2023,4,1083,STREET,yuki-tsunoda,alphatauri,alphatauri@2023,8.0,10.0,True,0.023489745,1.6534474
2023,4,1083,STREET,oscar-piastri,mclaren,mclaren@2023,10.0,11.0,True,-0.3326575,1.4350437
2023,4,1083,STREET,alexander-albon,williams,williams@2023,12.0,12.0,True,-0.20787385,1.8055661
2023,4,1083,STREET,kevin-magnussen,haas,haas@2023,16.0,13.0,True,0.25288573,1.7523906
2023,4,1083,STREET,pierre-gasly,alpine,alpine@2023,17.0,14.0,True,-0.25462374,1.4068525
2023,4,1083,STREET,esteban-ocon,alpine,alpine@2023,21.0,15.0,True,-0.043327816,1.4068525
2023,4,1083,STREET,logan-sargeant,williams,williams@2023,14.0,16.0,True,0.4834564,1.8055661
2023,4,1083,STREET,nico-hulkenberg,haas,haas@2023,21.0,17.0,True,-0.16807047,1.7523906
2023,4,1083,STREET,valtteri-bottas,alfa-romeo,alfa-romeo@2023,13.0,18.0,True,-0.17265634,1.9421055
2023,4,1083,STREET,guanyu-zhou,alfa-romeo,alfa-romeo@2023,15.0,,False,0.21265902,1.9421055
2023,4,1083,STREET,nyck-de-vries,alphatauri,alphatauri@2023,18.0,,False,0.3540807,1.6534474
2023,5,1084,STREET,max-verstappen,red-bull,red-bull@2023,9.0,1.0,True,-0.9067317,1.0391952
2023,5,1084,STREET,sergio-perez,red-bull,red-bull@2023,1.0,2.0,True,-0.2815819,1.0391952
2023,5,1084,STREET,fernando-alonso,aston-martin,aston-martin@2023,2.0,3.0,True,-0.40836355,1.4195427
2023,5,1084,STREET,george-russell,mercedes,mercedes@2023,6.0,4.0,True,-0.36461863,1.1204016
2023,5,1084,STREET,carlos-sainz-jr,ferrari,ferrari@2023,3.0,5.0,True,-0.4413722,0.9967215
2023,5,1084,STREET,lewis-hamilton,mercedes,mercedes@2023,13.0,6.0,True,-0.36117348,1.1204016
2023,5,1084,STREET,charles-leclerc,ferrari,ferrari@2023,7.0,7.0,True,-0.61625826,0.9967215
2023,5,1084,STREET,pierre-gasly,alpine,alpine@2023,5.0,8.0,True,-0.25462374,1.4068525
2023,5,1084,STREET,esteban-ocon,alpine,alpine@2023,8.0,9.0,True,-0.043327816,1.4068525
2023,5,1084,STREET,kevin-magnussen,haas,haas@2023,4.0,10.0,True,0.25288573,1.7523906
2023,5,1084,STREET,yuki-tsunoda,alphatauri,alphatauri@2023,17.0,11.0,True,0.023489745,1.6534474
2023,5,1084,STREET,lance-stroll,aston-martin,aston-martin@2023,18.0,12.0,True,0.21318224,1.4195427
2023,5,1084,STREET,valtteri-bottas,alfa-romeo,alfa-romeo@2023,10.0,13.0,True,-0.17265634,1.9421055
2023,5,1084,STREET,alexander-albon,williams,williams@2023,11.0,14.0,True,-0.20787385,1.8055661
2023,5,1084,STREET,nico-hulkenberg,haas,haas@2023,12.0,15.0,True,-0.16807047,1.7523906
2023,5,1084,STREET,guanyu-zhou,alfa-romeo,alfa-romeo@2023,14.0,16.0,True,0.21265902,1.9421055
2023,5,1084,STREET,lando-norris,mclaren,mclaren@2023,16.0,17.0,True,-0.56743425,1.4350437
2023,5,1084,STREET,nyck-de-vries,alphatauri,alphatauri@2023,15.0,18.0,True,0.3540807,1.6534474
2023,5,1084,STREET,oscar-piastri,mclaren,mclaren@2023,19.0,19.0,True,-0.3326575,1.4350437
2023,5,1084,STREET,logan-sargeant,williams,williams@2023,20.0,20.0,True,0.4834564,1.8055661
2023,6,1085,STREET,max-verstappen,red-bull,red-bull@2023,1.0,1.0,True,-0.9067317,1.0391952
2023,6,1085,STREET,fernando-alonso,aston-martin,aston-martin@2023,2.0,2.0,True,-0.40836355,1.4195427
2023,6,1085,STREET,esteban-ocon,alpine,alpine@2023,3.0,3.0,True,-0.043327816,1.4068525
2023,6,1085,STREET,lewis-hamilton,mercedes,mercedes@2023,5.0,4.0,True,-0.36117348,1.1204016
2023,6,1085,STREET,george-russell,mercedes,mercedes@2023,8.0,5.0,True,-0.36461863,1.1204016
2023,6,1085,STREET,charles-leclerc,ferrari,ferrari@2023,6.0,6.0,True,-0.61625826,0.9967215
2023,6,1085,STREET,pierre-gasly,alpine,alpine@2023,7.0,7.0,True,-0.25462374,1.4068525
2023,6,1085,STREET,carlos-sainz-jr,ferrari,ferrari@2023,4.0,8.0,True,-0.4413722,0.9967215
2023,6,1085,STREET,lando-norris,mclaren,mclaren@2023,10.0,9.0,True,-0.56743425,1.4350437
2023,6,1085,STREET,oscar-piastri,mclaren,mclaren@2023,11.0,10.0,True,-0.3326575,1.4350437
2023,6,1085,STREET,valtteri-bottas,alfa-romeo,alfa-romeo@2023,15.0,11.0,True,-0.17265634,1.9421055
2023,6,1085,STREET,nyck-de-vries,alphatauri,alphatauri@2023,12.0,12.0,True,0.3540807,1.6534474
2023,6,1085,STREET,guanyu-zhou,alfa-romeo,alfa-romeo@2023,19.0,13.0,True,0.21265902,1.9421055
2023,6,1085,STREET,alexander-albon,williams,williams@2023,13.0,14.0,True,-0.20787385,1.8055661
2023,6,1085,STREET,yuki-tsunoda,alphatauri,alphatauri@2023,9.0,15.0,True,0.023489745,1.6534474
2023,6,1085,STREET,sergio-perez,red-bull,red-bull@2023,20.0,16.0,True,-0.2815819,1.0391952
2023,6,1085,STREET,nico-hulkenberg,haas,haas@2023,18.0,17.0,True,-0.16807047,1.7523906
2023,6,1085,STREET,logan-sargeant,williams,williams@2023,16.0,18.0,True,0.4834564,1.8055661
2023,6,1085,STREET,kevin-magnussen,haas,haas@2023,17.0,19.0,True,0.25288573,1.7523906
2023,6,1085,STREET,lance-stroll,aston-martin,aston-martin@2023,14.0,,False,0.21318224,1.4195427
2023,7,1086,RACE,max-verstappen,red-bull,red-bull@2023,1.0,1.0,True,-0.9067317,1.0391952
2023,7,1086,RACE,lewis-hamilton,mercedes,mercedes@2023,4.0,2.0,True,-0.36117348,1.1204016
2023,7,1086,RACE,george-russell,mercedes,mercedes@2023,12.0,3.0,True,-0.36461863,1.1204016
2023,7,1086,RACE,sergio-perez,red-bull,red-bull@2023,11.0,4.0,True,-0.2815819,1.0391952
2023,7,1086,RACE,carlos-sainz-jr,ferrari,ferrari@2023,2.0,5.0,True,-0.4413722,0.9967215
2023,7,1086,RACE,lance-stroll,aston-martin,aston-martin@2023,5.0,6.0,True,0.21318224,1.4195427
2023,7,1086,RACE,fernando-alonso,aston-martin,aston-martin@2023,8.0,7.0,True,-0.40836355,1.4195427
2023,7,1086,RACE,esteban-ocon,alpine,alpine@2023,6.0,8.0,True,-0.043327816,1.4068525
2023,7,1086,RACE,guanyu-zhou,alfa-romeo,alfa-romeo@2023,13.0,9.0,True,0.21265902,1.9421055
2023,7,1086,RACE,pierre-gasly,alpine,alpine@2023,10.0,10.0,True,-0.25462374,1.4068525
2023,7,1086,RACE,charles-leclerc,ferrari,ferrari@2023,21.0,11.0,True,-0.61625826,0.9967215
2023,7,1086,RACE,yuki-tsunoda,alphatauri,alphatauri@2023,15.0,12.0,True,0.023489745,1.6534474
2023,7,1086,RACE,oscar-piastri,mclaren,mclaren@2023,9.0,13.0,True,-0.3326575,1.4350437
2023,7,1086,RACE,nyck-de-vries,alphatauri,alphatauri@2023,14.0,14.0,True,0.3540807,1.6534474
2023,7,1086,RACE,nico-hulkenberg,haas,haas@2023,7.0,15.0,True,-0.16807047,1.7523906
2023,7,1086,RACE,alexander-albon,williams,williams@2023,18.0,16.0,True,-0.20787385,1.8055661
2023,7,1086,RACE,lando-norris,mclaren,mclaren@2023,3.0,17.0,True,-0.56743425,1.4350437
2023,7,1086,RACE,kevin-magnussen,haas,haas@2023,17.0,18.0,True,0.25288573,1.7523906
2023,7,1086,RACE,valtteri-bottas,alfa-romeo,alfa-romeo@2023,16.0,19.0,True,-0.17265634,1.9421055
2023,7,1086,RACE,logan-sargeant,williams,williams@2023,21.0,20.0,True,0.4834564,1.8055661
2023,8,1087,STREET,max-verstappen,red-bull,red-bull@2023,1.0,1.0,True,-0.9067317,1.0391952
2023,8,1087,STREET,fernando-alonso,aston-martin,aston-martin@2023,2.0,2.0,True,-0.40836355,1.4195427
2023,8,1087,STREET,lewis-hamilton,mercedes,mercedes@2023,3.0,3.0,True,-0.36117348,1.1204016
2023,8,1087,STREET,charles-leclerc,ferrari,ferrari@2023,10.0,4.0,True,-0.61625826,0.9967215
2023,8,1087,STREET,carlos-sainz-jr,ferrari,ferrari@2023,11.0,5.0,True,-0.4413722,0.9967215
2023,8,1087,STREET,sergio-perez,red-bull,red-bull@2023,12.0,6.0,True,-0.2815819,1.0391952
2023,8,1087,STREET,alexander-albon,williams,williams@2023,9.0,7.0,True,-0.20787385,1.8055661
2023,8,1087,STREET,esteban-ocon,alpine,alpine@2023,6.0,8.0,True,-0.043327816,1.4068525
2023,8,1087,STREET,lance-stroll,aston-martin,aston-martin@2023,16.0,9.0,True,0.21318224,1.4195427
2023,8,1087,STREET,valtteri-bottas,alfa-romeo,alfa-romeo@2023,14.0,10.0,True,-0.17265634,1.9421055
2023,8,1087,STREET,oscar-piastri,mclaren,mclaren@2023,8.0,11.0,True,-0.3326575,1.4350437
2023,8,1087,STREET,pierre-gasly,alpine,alpine@2023,15.0,12.0,True,-0.25462374,1.4068525
2023,8,1087,STREET,lando-norris,mclaren,mclaren@2023,7.0,13.0,True,-0.56743425,1.4350437
2023,8,1087,STREET,yuki-tsunoda,alphatauri,alphatauri@2023,19.0,14.0,True,0.023489745,1.6534474
2023,8,1087,STREET,nico-hulkenberg,haas,haas@2023,5.0,15.0,True,-0.16807047,1.7523906
2023,8,1087,STREET,guanyu-zhou,alfa-romeo,alfa-romeo@2023,20.0,16.0,True,0.21265902,1.9421055
2023,8,1087,STREET,kevin-magnussen,haas,haas@2023,13.0,17.0,True,0.25288573,1.7523906
2023,8,1087,STREET,nyck-de-vries,alphatauri,alphatauri@2023,17.0,18.0,True,0.3540807,1.6534474
2023,8,1087,STREET,george-russell,mercedes,mercedes@2023,4.0,,False,-0.36461863,1.1204016
2023,8,1087,STREET,logan-sargeant,williams,williams@2023,18.0,,False,0.4834564,1.8055661
2023,9,1088,RACE,max-verstappen,red-bull,red-bull@2023,1.0,1.0,True,-0.9067317,1.0391952
2023,9,1088,RACE,charles-leclerc,ferrari,ferrari@2023,2.0,2.0,True,-0.61625826,0.9967215
2023,9,1088,RACE,sergio-perez,red-bull,red-bull@2023,15.0,3.0,True,-0.2815819,1.0391952
2023,9,1088,RACE,lando-norris,mclaren,mclaren@2023,4.0,4.0,True,-0.56743425,1.4350437
2023,9,1088,RACE,fernando-alonso,aston-martin,aston-martin@2023,7.0,5.0,True,-0.40836355,1.4195427
2023,9,1088,RACE,carlos-sainz-jr,ferrari,ferrari@2023,3.0,6.0,True,-0.4413722,0.9967215
2023,9,1088,RACE,george-russell,mercedes,mercedes@2023,11.0,7.0,True,-0.36461863,1.1204016
2023,9,1088,RACE,lewis-hamilton,mercedes,mercedes@2023,5.0,8.0,True,-0.36117348,1.1204016
2023,9,1088,RACE,lance-stroll,aston-martin,aston-martin@2023,6.0,9.0,True,0.21318224,1.4195427
2023,9,1088,RACE,pierre-gasly,alpine,alpine@2023,9.0,10.0,True,-0.25462374,1.4068525
2023,9,1088,RACE,alexander-albon,williams,williams@2023,10.0,11.0,True,-0.20787385,1.8055661
2023,9,1088,RACE,guanyu-zhou,alfa-romeo,alfa-romeo@2023,17.0,12.0,True,0.21265902,1.9421055
2023,9,1088,RACE,logan-sargeant,williams,williams@2023,18.0,13.0,True,0.4834564,1.8055661
2023,9,1088,RACE,esteban-ocon,alpine,alpine@2023,12.0,14.0,True,-0.043327816,1.4068525
2023,9,1088,RACE,valtteri-bottas,alfa-romeo,alfa-romeo@2023,21.0,15.0,True,-0.17265634,1.9421055
2023,9,1088,RACE,oscar-piastri,mclaren,mclaren@2023,13.0,16.0,True,-0.3326575,1.4350437
2023,9,1088,RACE,nyck-de-vries,alphatauri,alphatauri@2023,21.0,17.0,True,0.3540807,1.6534474
2023,9,1088,RACE,kevin-magnussen,haas,haas@2023,21.0,18.0,True,0.25288573,1.7523906
2023,9,1088,RACE,yuki-tsunoda,alphatauri,alphatauri@2023,16.0,19.0,True,0.023489745,1.6534474
2023,9,1088,RACE,nico-hulkenberg,haas,haas@2023,8.0,,False,-0.16807047,1.7523906
2023,10,1089,RACE,max-verstappen,red-bull,red-bull@2023,1.0,1.0,True,-0.9067317,1.0391952
2023,10,1089,RACE,lando-norris,mclaren,mclaren@2023,2.0,2.0,True,-0.56743425,1.4350437
2023,10,1089,RACE,lewis-hamilton,mercedes,mercedes@2023,7.0,3.0,True,-0.36117348,1.1204016
2023,10,1089,RACE,oscar-piastri,mclaren,mclaren@2023,3.0,4.0,True,-0.3326575,1.4350437
2023,10,1089,RACE,george-russell,mercedes,mercedes@2023,6.0,5.0,True,-0.36461863,1.1204016
2023,10,1089,RACE,sergio-perez,red-bull,red-bull@2023,15.0,6.0,True,-0.2815819,1.0391952
2023,10,1089,RACE,fernando-alonso,aston-martin,aston-martin@2023,9.0,7.0,True,-0.40836355,1.4195427
2023,10,1089,RACE,alexander-albon,williams,williams@2023,8.0,8.0,True,-0.20787385,1.8055661
2023,10,1089,RACE,charles-leclerc,ferrari,ferrari@2023,4.0,9.0,True,-0.61625826,0.9967215
2023,10,1089,RACE,carlos-sainz-jr,ferrari,ferrari@2023,5.0,10.0,True,-0.4413722,0.9967215
2023,10,1089,RACE,logan-sargeant,williams,williams@2023,14.0,11.0,True,0.4834564,1.8055661
2023,10,1089,RACE,valtteri-bottas,alfa-romeo,alfa-romeo@2023,20.0,12.0,True,-0.17265634,1.9421055
2023,10,1089,RACE,nico-hulkenberg,haas,haas@2023,11.0,13.0,True,-0.16807047,1.7523906
2023,10,1089,RACE,lance-stroll,aston-martin,aston-martin@2023,12.0,14.0,True,0.21318224,1.4195427
2023,10,1089,RACE,guanyu-zhou,alfa-romeo,alfa-romeo@2023,17.0,15.0,True,0.21265902,1.9421055
2023,10,1089,RACE,yuki-tsunoda,alphatauri,alphatauri@2023,16.0,16.0,True,0.023489745,1.6534474
2023,10,1089,RACE,nyck-de-vries,alphatauri,alphatauri@2023,18.0,17.0,True,0.3540807,1.6534474
2023,10,1089,RACE,pierre-gasly,alpine,alpine@2023,10.0,18.0,True,-0.25462374,1.4068525
2023,10,1089,RACE,kevin-magnussen,haas,haas@2023,19.0,,False,0.25288573,1.7523906
2023,10,1089,RACE,esteban-ocon,alpine,alpine@2023,13.0,,False,-0.043327816,1.4068525
2023,11,1090,RACE,max-verstappen,red-bull,red-bull@2023,2.0,1.0,True,-0.9067317,1.0391952
2023,11,1090,RACE,lando-norris,mclaren,mclaren@2023,3.0,2.0,True,-0.56743425,1.4350437
2023,11,1090,RACE,sergio-perez,red-bull,red-bull@2023,9.0,3.0,True,-0.2815819,1.0391952
2023,11,1090,RACE,lewis-hamilton,mercedes,mercedes@2023,1.0,4.0,True,-0.36117348,1.1204016
2023,11,1090,RACE,oscar-piastri,mclaren,mclaren@2023,4.0,5.0,True,-0.3326575,1.4350437
2023,11,1090,RACE,george-russell,mercedes,mercedes@2023,18.0,6.0,True,-0.36461863,1.1204016
2023,11,1090,RACE,charles-leclerc,ferrari,ferrari@2023,6.0,7.0,True,-0.61625826,0.9967215
2023,11,1090,RACE,carlos-sainz-jr,ferrari,ferrari@2023,11.0,8.0,True,-0.4413722,0.9967215
2023,11,1090,RACE,fernando-alonso,aston-martin,aston-martin@2023,8.0,9.0,True,-0.40836355,1.4195427
2023,11,1090,RACE,lance-stroll,aston-martin,aston-martin@2023,14.0,10.0,True,0.21318224,1.4195427
2023,11,1090,RACE,alexander-albon,williams,williams@2023,16.0,11.0,True,-0.20787385,1.8055661
2023,11,1090,RACE,valtteri-bottas,alfa-romeo,alfa-romeo@2023,7.0,12.0,True,-0.17265634,1.9421055
2023,11,1090,RACE,daniel-ricciardo,alphatauri,alphatauri@2023,13.0,13.0,True,-0.011404925,1.6534474
2023,11,1090,RACE,nico-hulkenberg,haas,haas@2023,10.0,14.0,True,-0.16807047,1.7523906
2023,11,1090,RACE,yuki-tsunoda,alphatauri,alphatauri@2023,17.0,15.0,True,0.023489745,1.6534474
2023,11,1090,RACE,guanyu-zhou,alfa-romeo,alfa-romeo@2023,5.0,16.0,True,0.21265902,1.9421055
2023,11,1090,RACE,kevin-magnussen,haas,haas@2023,19.0,17.0,True,0.25288573,1.7523906
2023,11,1090,RACE,logan-sargeant,williams,williams@2023,20.0,18.0,True,0.4834564,1.8055661
2023,11,1090,RACE,esteban-ocon,alpine,alpine@2023,12.0,,False,-0.043327816,1.4068525
2023,11,1090,RACE,pierre-gasly,alpine,alpine@2023,15.0,,False,-0.25462374,1.4068525
2023,12,1091,RACE,max-verstappen,red-bull,red-bull@2023,6.0,1.0,True,-0.9067317,1.0391952
2023,12,1091,RACE,sergio-perez,red-bull,red-bull@2023,2.0,2.0,True,-0.2815819,1.0391952
2023,12,1091,RACE,charles-leclerc,ferrari,ferrari@2023,1.0,3.0,True,-0.61625826,0.9967215
2023,12,1091,RACE,lewis-hamilton,mercedes,mercedes@2023,3.0,4.0,True,-0.36117348,1.1204016
2023,12,1091,RACE,fernando-alonso,aston-martin,aston-martin@2023,9.0,5.0,True,-0.40836355,1.4195427
2023,12,1091,RACE,george-russell,mercedes,mercedes@2023,8.0,6.0,True,-0.36461863,1.1204016
2023,12,1091,RACE,lando-norris,mclaren,mclaren@2023,7.0,7.0,True,-0.56743425,1.4350437
2023,12,1091,RACE,esteban-ocon,alpine,alpine@2023,14.0,8.0,True,-0.043327816,1.4068525
2023,12,1091,RACE,lance-stroll,aston-martin,aston-martin@2023,10.0,9.0,True,0.21318224,1.4195427
2023,12,1091,RACE,yuki-tsunoda,alphatauri,alphatauri@2023,11.0,10.0,True,0.023489745,1.6534474
2023,12,1091,RACE,pierre-gasly,alpine,alpine@2023,12.0,11.0,True,-0.25462374,1.4068525
2023,12,1091,RACE,valtteri-bottas,alfa-romeo,alfa-romeo@2023,13.0,12.0,True,-0.17265634,1.9421055
2023,12,1091,RACE,guanyu-zhou,alfa-romeo,alfa-romeo@2023,17.0,13.0,True,0.21265902,1.9421055
2023,12,1091,RACE,alexander-albon,williams,williams@2023,15.0,14.0,True,-0.20787385,1.8055661
2023,12,1091,RACE,kevin-magnussen,haas,haas@2023,16.0,15.0,True,0.25288573,1.7523906
2023,12,1091,RACE,daniel-ricciardo,alphatauri,alphatauri@2023,19.0,16.0,True,-0.011404925,1.6534474
2023,12,1091,RACE,logan-sargeant,williams,williams@2023,18.0,17.0,True,0.4834564,1.8055661
2023,12,1091,RACE,nico-hulkenberg,haas,haas@2023,21.0,18.0,True,-0.16807047,1.7523906
2023,12,1091,RACE,carlos-sainz-jr,ferrari,ferrari@2023,4.0,,False,-0.4413722,0.9967215
2023,12,1091,RACE,oscar-piastri,mclaren,mclaren@2023,5.0,,False,-0.3326575,1.4350437
2023,13,1092,RACE,max-verstappen,red-bull,red-bull@2023,1.0,1.0,True,-0.9067317,1.0391952
2023,13,1092,RACE,fernando-alonso,aston-martin,aston-martin@2023,5.0,2.0,True,-0.40836355,1.4195427
2023,13,1092,RACE,pierre-gasly,alpine,alpine@2023,12.0,3.0,True,-0.25462374,1.4068525
2023,13,1092,RACE,sergio-perez,red-bull,red-bull@2023,7.0,4.0,True,-0.2815819,1.0391952
2023,13,1092,RACE,carlos-sainz-jr,ferrari,ferrari@2023,6.0,5.0,True,-0.4413722,0.9967215
2023,13,1092,RACE,lewis-hamilton,mercedes,mercedes@2023,13.0,6.0,True,-0.36117348,1.1204016
2023,13,1092,RACE,lando-norris,mclaren,mclaren@2023,2.0,7.0,True,-0.56743425,1.4350437
2023,13,1092,RACE,alexander-albon,williams,williams@2023,4.0,8.0,True,-0.20787385,1.8055661
2023,13,1092,RACE,oscar-piastri,mclaren,mclaren@2023,8.0,9.0,True,-0.3326575,1.4350437
2023,13,1092,RACE,esteban-ocon,alpine,alpine@2023,16.0,10.0,True,-0.043327816,1.4068525
2023,13,1092,RACE,lance-stroll,aston-martin,aston-martin@2023,11.0,11.0,True,0.21318224,1.4195427
2023,13,1092,RACE,nico-hulkenberg,haas,haas@2023,14.0,12.0,True,-0.16807047,1.7523906
2023,13,1092,RACE,liam-lawson,alphatauri,alphatauri@2023,19.0,13.0,True,0.16889858,1.6534474
2023,13,1092,RACE,valtteri-bottas,alfa-romeo,alfa-romeo@2023,18.0,14.0,True,-0.17265634,1.9421055
2023,13,1092,RACE,yuki-tsunoda,alphatauri,alphatauri@2023,17.0,15.0,True,0.023489745,1.6534474
2023,13,1092,RACE,kevin-magnussen,haas,haas@2023,21.0,16.0,True,0.25288573,1.7523906
2023,13,1092,RACE,george-russell,mercedes,mercedes@2023,3.0,17.0,True,-0.36461863,1.1204016
2023,13,1092,RACE,guanyu-zhou,alfa-romeo,alfa-romeo@2023,15.0,,False,0.21265902,1.9421055
2023,13,1092,RACE,charles-leclerc,ferrari,ferrari@2023,9.0,,False,-0.61625826,0.9967215
2023,13,1092,RACE,logan-sargeant,williams,williams@2023,10.0,,False,0.4834564,1.8055661
2023,14,1093,RACE,max-verstappen,red-bull,red-bull@2023,2.0,1.0,True,-0.9067317,1.0391952
2023,14,1093,RACE,sergio-perez,red-bull,red-bull@2023,5.0,2.0,True,-0.2815819,1.0391952
2023,14,1093,RACE,carlos-sainz-jr,ferrari,ferrari@2023,1.0,3.0,True,-0.4413722,0.9967215
2023,14,1093,RACE,charles-leclerc,ferrari,ferrari@2023,3.0,4.0,True,-0.61625826,0.9967215
2023,14,1093,RACE,george-russell,mercedes,mercedes@2023,4.0,5.0,True,-0.36461863,1.1204016
2023,14,1093,RACE,lewis-hamilton,mercedes,mercedes@2023,8.0,6.0,True,-0.36117348,1.1204016
2023,14,1093,RACE,alexander-albon,williams,williams@2023,6.0,7.0,True,-0.20787385,1.8055661
2023,14,1093,RACE,lando-norris,mclaren,mclaren@2023,9.0,8.0,True,-0.56743425,1.4350437
2023,14,1093,RACE,fernando-alonso,aston-martin,aston-martin@2023,10.0,9.0,True,-0.40836355,1.4195427
2023,14,1093,RACE,valtteri-bottas,alfa-romeo,alfa-romeo@2023,14.0,10.0,True,-0.17265634,1.9421055
2023,14,1093,RACE,liam-lawson,alphatauri,alphatauri@2023,12.0,11.0,True,0.16889858,1.6534474
2023,14,1093,RACE,oscar-piastri,mclaren,mclaren@2023,7.0,12.0,True,-0.3326575,1.4350437
2023,14,1093,RACE,logan-sargeant,williams,williams@2023,15.0,13.0,True,0.4834564,1.8055661
2023,14,1093,RACE,guanyu-zhou,alfa-romeo,alfa-romeo@2023,16.0,14.0,True,0.21265902,1.9421055
2023,14,1093,RACE,pierre-gasly,alpine,alpine@2023,17.0,15.0,True,-0.25462374,1.4068525
2023,14,1093,RACE,lance-stroll,aston-martin,aston-martin@2023,20.0,16.0,True,0.21318224,1.4195427
2023,14,1093,RACE,nico-hulkenberg,haas,haas@2023,13.0,17.0,True,-0.16807047,1.7523906
2023,14,1093,RACE,kevin-magnussen,haas,haas@2023,19.0,18.0,True,0.25288573,1.7523906
2023,14,1093,RACE,esteban-ocon,alpine,alpine@2023,18.0,,False,-0.043327816,1.4068525
2023,15,1094,STREET,carlos-sainz-jr,ferrari,ferrari@2023,1.0,1.0,True,-0.4413722,0.9967215
2023,15,1094,STREET,lando-norris,mclaren,mclaren@2023,4.0,2.0,True,-0.56743425,1.4350437
2023,15,1094,STREET,lewis-hamilton,mercedes,mercedes@2023,5.0,3.0,True,-0.36117348,1.1204016
2023,15,1094,STREET,charles-leclerc,ferrari,ferrari@2023,3.0,4.0,True,-0.61625826,0.9967215
2023,15,1094,STREET,max-verstappen,red-bull,red-bull@2023,11.0,5.0,True,-0.9067317,1.0391952
2023,15,1094,STREET,pierre-gasly,alpine,alpine@2023,12.0,6.0,True,-0.25462374,1.4068525
2023,15,1094,STREET,oscar-piastri,mclaren,mclaren@2023,17.0,7.0,True,-0.3326575,1.4350437
2023,15,1094,STREET,sergio-perez,red-bull,red-bull@2023,13.0,8.0,True,-0.2815819,1.0391952
2023,15,1094,STREET,liam-lawson,alphatauri,alphatauri@2023,10.0,9.0,True,0.16889858,1.6534474
2023,15,1094,STREET,kevin-magnussen,haas,haas@2023,6.0,10.0,True,0.25288573,1.7523906
2023,15,1094,STREET,alexander-albon,williams,williams@2023,14.0,11.0,True,-0.20787385,1.8055661
2023,15,1094,STREET,guanyu-zhou,alfa-romeo,alfa-romeo@2023,21.0,12.0,True,0.21265902,1.9421055
2023,15,1094,STREET,nico-hulkenberg,haas,haas@2023,9.0,13.0,True,-0.16807047,1.7523906
2023,15,1094,STREET,logan-sargeant,williams,williams@2023,18.0,14.0,True,0.4834564,1.8055661
2023,15,1094,STREET,fernando-alonso,aston-martin,aston-martin@2023,7.0,15.0,True,-0.40836355,1.4195427
2023,15,1094,STREET,george-russell,mercedes,mercedes@2023,2.0,16.0,True,-0.36461863,1.1204016
2023,15,1094,STREET,valtteri-bottas,alfa-romeo,alfa-romeo@2023,16.0,,False,-0.17265634,1.9421055
2023,15,1094,STREET,esteban-ocon,alpine,alpine@2023,8.0,,False,-0.043327816,1.4068525
2023,15,1094,STREET,yuki-tsunoda,alphatauri,alphatauri@2023,15.0,,False,0.023489745,1.6534474
2023,16,1095,RACE,max-verstappen,red-bull,red-bull@2023,1.0,1.0,True,-0.9067317,1.0391952
2023,16,1095,RACE,lando-norris,mclaren,mclaren@2023,3.0,2.0,True,-0.56743425,1.4350437
2023,16,1095,RACE,oscar-piastri,mclaren,mclaren@2023,2.0,3.0,True,-0.3326575,1.4350437
2023,16,1095,RACE,charles-leclerc,ferrari,ferrari@2023,4.0,4.0,True,-0.61625826,0.9967215
2023,16,1095,RACE,lewis-hamilton,mercedes,mercedes@2023,7.0,5.0,True,-0.36117348,1.1204016
2023,16,1095,RACE,carlos-sainz-jr,ferrari,ferrari@2023,6.0,6.0,True,-0.4413722,0.9967215
2023,16,1095,RACE,george-russell,mercedes,mercedes@2023,8.0,7.0,True,-0.36461863,1.1204016
2023,16,1095,RACE,fernando-alonso,aston-martin,aston-martin@2023,10.0,8.0,True,-0.40836355,1.4195427
2023,16,1095,RACE,esteban-ocon,alpine,alpine@2023,14.0,9.0,True,-0.043327816,1.4068525
2023,16,1095,RACE,pierre-gasly,alpine,alpine@2023,12.0,10.0,True,-0.25462374,1.4068525
2023,16,1095,RACE,liam-lawson,alphatauri,alphatauri@2023,11.0,11.0,True,0.16889858,1.6534474
2023,16,1095,RACE,yuki-tsunoda,alphatauri,alphatauri@2023,9.0,12.0,True,0.023489745,1.6534474
2023,16,1095,RACE,guanyu-zhou,alfa-romeo,alfa-romeo@2023,19.0,13.0,True,0.21265902,1.9421055
2023,16,1095,RACE,nico-hulkenberg,haas,haas@2023,18.0,14.0,True,-0.16807047,1.7523906
2023,16,1095,RACE,kevin-magnussen,haas,haas@2023,15.0,15.0,True,0.25288573,1.7523906
2023,16,1095,RACE,alexander-albon,williams,williams@2023,13.0,,False,-0.20787385,1.8055661
2023,16,1095,RACE,logan-sargeant,williams,williams@2023,20.0,,False,0.4834564,1.8055661
2023,16,1095,RACE,lance-stroll,aston-martin,aston-martin@2023,17.0,,False,0.21318224,1.4195427
2023,16,1095,RACE,sergio-perez,red-bull,red-bull@2023,5.0,,False,-0.2815819,1.0391952
2023,16,1095,RACE,valtteri-bottas,alfa-romeo,alfa-romeo@2023,16.0,,False,-0.17265634,1.9421055
2023,17,1096,RACE,max-verstappen,red-bull,red-bull@2023,1.0,1.0,True,-0.9067317,1.0391952
2023,17,1096,RACE,oscar-piastri,mclaren,mclaren@2023,6.0,2.0,True,-0.3326575,1.4350437
2023,17,1096,RACE,lando-norris,mclaren,mclaren@2023,10.0,3.0,True,-0.56743425,1.4350437
2023,17,1096,RACE,george-russell,mercedes,mercedes@2023,2.0,4.0,True,-0.36461863,1.1204016
2023,17,1096,RACE,charles-leclerc,ferrari,ferrari@2023,5.0,5.0,True,-0.61625826,0.9967215
2023,17,1096,RACE,fernando-alonso,aston-martin,aston-martin@2023,4.0,6.0,True,-0.40836355,1.4195427
2023,17,1096,RACE,esteban-ocon,alpine,alpine@2023,8.0,7.0,True,-0.043327816,1.4068525
2023,17,1096,RACE,valtteri-bottas,alfa-romeo,alfa-romeo@2023,9.0,8.0,True,-0.17265634,1.9421055
2023,17,1096,RACE,guanyu-zhou,alfa-romeo,alfa-romeo@2023,19.0,9.0,True,0.21265902,1.9421055
2023,17,1096,RACE,sergio-perez,red-bull,red-bull@2023,20.0,10.0,True,-0.2815819,1.0391952
2023,17,1096,RACE,lance-stroll,aston-martin,aston-martin@2023,16.0,11.0,True,0.21318224,1.4195427
2023,17,1096,RACE,pierre-gasly,alpine,alpine@2023,7.0,12.0,True,-0.25462374,1.4068525
2023,17,1096,RACE,alexander-albon,williams,williams@2023,13.0,13.0,True,-0.20787385,1.8055661
2023,17,1096,RACE,kevin-magnussen,haas,haas@2023,18.0,14.0,True,0.25288573,1.7523906
2023,17,1096,RACE,yuki-tsunoda,alphatauri,alphatauri@2023,11.0,15.0,True,0.023489745,1.6534474
2023,17,1096,RACE,nico-hulkenberg,haas,haas@2023,12.0,16.0,True,-0.16807047,1.7523906
2023,17,1096,RACE,liam-lawson,alphatauri,alphatauri@2023,17.0,17.0,True,0.16889858,1.6534474
2023,17,1096,RACE,logan-sargeant,williams,williams@2023,15.0,,False,0.4834564,1.8055661
2023,17,1096,RACE,lewis-hamilton,mercedes,mercedes@2023,3.0,,False,-0.36117348,1.1204016
2023,18,1097,RACE,max-verstappen,red-bull,red-bull@2023,6.0,1.0,True,-0.9067317,1.0391952
2023,18,1097,RACE,lando-norris,mclaren,mclaren@2023,2.0,2.0,True,-0.56743425,1.4350437
2023,18,1097,RACE,carlos-sainz-jr,ferrari,ferrari@2023,4.0,3.0,True,-0.4413722,0.9967215
2023,18,1097,RACE,sergio-perez,red-bull,red-bull@2023,9.0,4.0,True,-0.2815819,1.0391952
2023,18,1097,RACE,george-russell,mercedes,mercedes@2023,5.0,5.0,True,-0.36461863,1.1204016
2023,18,1097,RACE,pierre-gasly,alpine,alpine@2023,7.0,6.0,True,-0.25462374,1.4068525
2023,18,1097,RACE,lance-stroll,aston-martin,aston-martin@2023,21.0,7.0,True,0.21318224,1.4195427
2023,18,1097,RACE,yuki-tsunoda,alphatauri,alphatauri@2023,11.0,8.0,True,0.023489745,1.6534474
2023,18,1097,RACE,alexander-albon,williams,williams@2023,15.0,9.0,True,-0.20787385,1.8055661
2023,18,1097,RACE,logan-sargeant,williams,williams@2023,16.0,10.0,True,0.4834564,1.8055661
2023,18,1097,RACE,nico-hulkenberg,haas,haas@2023,21.0,11.0,True,-0.16807047,1.7523906
2023,18,1097,RACE,valtteri-bottas,alfa-romeo,alfa-romeo@2023,13.0,12.0,True,-0.17265634,1.9421055
2023,18,1097,RACE,guanyu-zhou,alfa-romeo,alfa-romeo@2023,12.0,13.0,True,0.21265902,1.9421055
2023,18,1097,RACE,kevin-magnussen,haas,haas@2023,21.0,14.0,True,0.25288573,1.7523906
2023,18,1097,RACE,daniel-ricciardo,alphatauri,alphatauri@2023,14.0,15.0,True,-0.011404925,1.6534474
2023,18,1097,RACE,fernando-alonso,aston-martin,aston-martin@2023,21.0,,False,-0.40836355,1.4195427
2023,18,1097,RACE,oscar-piastri,mclaren,mclaren@2023,10.0,,False,-0.3326575,1.4350437
2023,18,1097,RACE,esteban-ocon,alpine,alpine@2023,8.0,,False,-0.043327816,1.4068525
2023,18,1097,RACE,lewis-hamilton,mercedes,mercedes@2023,3.0,,False,-0.36117348,1.1204016
2023,18,1097,RACE,charles-leclerc,ferrari,ferrari@2023,1.0,,False,-0.61625826,0.9967215
2023,19,1098,RACE,max-verstappen,red-bull,red-bull@2023,3.0,1.0,True,-0.9067317,1.0391952
2023,19,1098,RACE,lewis-hamilton,mercedes,mercedes@2023,6.0,2.0,True,-0.36117348,1.1204016
2023,19,1098,RACE,charles-leclerc,ferrari,ferrari@2023,1.0,3.0,True,-0.61625826,0.9967215
2023,19,1098,RACE,carlos-sainz-jr,ferrari,ferrari@2023,2.0,4.0,True,-0.4413722,0.9967215
2023,19,1098,RACE,lando-norris,mclaren,mclaren@2023,17.0,5.0,True,-0.56743425,1.4350437
2023,19,1098,RACE,george-russell,mercedes,mercedes@2023,8.0,6.0,True,-0.36461863,1.1204016
2023,19,1098,RACE,daniel-ricciardo,alphatauri,alphatauri@2023,4.0,7.0,True,-0.011404925,1.6534474
2023,19,1098,RACE,oscar-piastri,mclaren,mclaren@2023,7.0,8.0,True,-0.3326575,1.4350437
2023,19,1098,RACE,alexander-albon,williams,williams@2023,14.0,9.0,True,-0.20787385,1.8055661
2023,19,1098,RACE,esteban-ocon,alpine,alpine@2023,15.0,10.0,True,-0.043327816,1.4068525
2023,19,1098,RACE,pierre-gasly,alpine,alpine@2023,11.0,11.0,True,-0.25462374,1.4068525
2023,19,1098,RACE,yuki-tsunoda,alphatauri,alphatauri@2023,18.0,12.0,True,0.023489745,1.6534474
2023,19,1098,RACE,nico-hulkenberg,haas,haas@2023,12.0,13.0,True,-0.16807047,1.7523906
2023,19,1098,RACE,guanyu-zhou,alfa-romeo,alfa-romeo@2023,10.0,14.0,True,0.21265902,1.9421055
2023,19,1098,RACE,valtteri-bottas,alfa-romeo,alfa-romeo@2023,9.0,15.0,True,-0.17265634,1.9421055
2023,19,1098,RACE,logan-sargeant,williams,williams@2023,19.0,16.0,True,0.4834564,1.8055661
2023,19,1098,RACE,lance-stroll,aston-martin,aston-martin@2023,21.0,17.0,True,0.21318224,1.4195427
2023,19,1098,RACE,fernando-alonso,aston-martin,aston-martin@2023,13.0,,False,-0.40836355,1.4195427
2023,19,1098,RACE,kevin-magnussen,haas,haas@2023,16.0,,False,0.25288573,1.7523906
2023,19,1098,RACE,sergio-perez,red-bull,red-bull@2023,5.0,,False,-0.2815819,1.0391952
2023,20,1099,RACE,max-verstappen,red-bull,red-bull@2023,1.0,1.0,True,-0.9067317,1.0391952
2023,20,1099,RACE,lando-norris,mclaren,mclaren@2023,6.0,2.0,True,-0.56743425,1.4350437
2023,20,1099,RACE,fernando-alonso,aston-martin,aston-martin@2023,4.0,3.0,True,-0.40836355,1.4195427
2023,20,1099,RACE,sergio-perez,red-bull,red-bull@2023,9.0,4.0,True,-0.2815819,1.0391952
2023,20,1099,RACE,lance-stroll,aston-martin,aston-martin@2023,3.0,5.0,True,0.21318224,1.4195427
2023,20,1099,RACE,carlos-sainz-jr,ferrari,ferrari@2023,7.0,6.0,True,-0.4413722,0.9967215
2023,20,1099,RACE,pierre-gasly,alpine,alpine@2023,15.0,7.0,True,-0.25462374,1.4068525
2023,20,1099,RACE,lewis-hamilton,mercedes,mercedes@2023,5.0,8.0,True,-0.36117348,1.1204016
2023,20,1099,RACE,yuki-tsunoda,alphatauri,alphatauri@2023,16.0,9.0,True,0.023489745,1.6534474
2023,20,1099,RACE,esteban-ocon,alpine,alpine@2023,14.0,10.0,True,-0.043327816,1.4068525
2023,20,1099,RACE,logan-sargeant,williams,williams@2023,19.0,11.0,True,0.4834564,1.8055661
2023,20,1099,RACE,nico-hulkenberg,haas,haas@2023,11.0,12.0,True,-0.16807047,1.7523906
2023,20,1099,RACE,daniel-ricciardo,alphatauri,alphatauri@2023,17.0,13.0,True,-0.011404925,1.6534474
2023,20,1099,RACE,oscar-piastri,mclaren,mclaren@2023,10.0,14.0,True,-0.3326575,1.4350437
2023,20,1099,RACE,george-russell,mercedes,mercedes@2023,8.0,,False,-0.36461863,1.1204016
2023,20,1099,RACE,valtteri-bottas,alfa-romeo,alfa-romeo@2023,18.0,,False,-0.17265634,1.9421055
2023,20,1099,RACE,guanyu-zhou,alfa-romeo,alfa-romeo@2023,20.0,,False,0.21265902,1.9421055
2023,20,1099,RACE,kevin-magnussen,haas,haas@2023,12.0,,False,0.25288573,1.7523906
2023,20,1099,RACE,alexander-albon,williams,williams@2023,13.0,,False,-0.20787385,1.8055661
2023,21,1100,STREET,max-verstappen,red-bull,red-bull@2023,2.0,1.0,True,-0.9067317,1.0391952
2023,21,1100,STREET,charles-leclerc,ferrari,ferrari@2023,1.0,2.0,True,-0.61625826,0.9967215
2023,21,1100,STREET,sergio-perez,red-bull,red-bull@2023,11.0,3.0,True,-0.2815819,1.0391952
2023,21,1100,STREET,esteban-ocon,alpine,alpine@2023,16.0,4.0,True,-0.043327816,1.4068525
2023,21,1100,STREET,lance-stroll,aston-martin,aston-martin@2023,19.0,5.0,True,0.21318224,1.4195427
2023,21,1100,STREET,carlos-sainz-jr,ferrari,ferrari@2023,12.0,6.0,True,-0.4413722,0.9967215
2023,21,1100,STREET,lewis-hamilton,mercedes,mercedes@2023,10.0,7.0,True,-0.36117348,1.1204016
2023,21,1100,STREET,george-russell,mercedes,mercedes@2023,3.0,8.0,True,-0.36461863,1.1204016
2023,21,1100,STREET,fernando-alonso,aston-martin,aston-martin@2023,9.0,9.0,True,-0.40836355,1.4195427
2023,21,1100,STREET,oscar-piastri,mclaren,mclaren@2023,18.0,10.0,True,-0.3326575,1.4350437
2023,21,1100,STREET,pierre-gasly,alpine,alpine@2023,4.0,11.0,True,-0.25462374,1.4068525
2023,21,1100,STREET,alexander-albon,williams,williams@2023,5.0,12.0,True,-0.20787385,1.8055661
2023,21,1100,STREET,kevin-magnussen,haas,haas@2023,8.0,13.0,True,0.25288573,1.7523906
2023,21,1100,STREET,daniel-ricciardo,alphatauri,alphatauri@2023,14.0,14.0,True,-0.011404925,1.6534474
2023,21,1100,STREET,guanyu-zhou,alfa-romeo,alfa-romeo@2023,17.0,15.0,True,0.21265902,1.9421055
2023,21,1100,STREET,logan-sargeant,williams,williams@2023,6.0,16.0,True,0.4834564,1.8055661
2023,21,1100,STREET,valtteri-bottas,alfa-romeo,alfa-romeo@2023,7.0,17.0,True,-0.17265634,1.9421055
2023,21,1100,STREET,yuki-tsunoda,alphatauri,alphatauri@2023,20.0,18.0,True,0.023489745,1.6534474
2023,21,1100,STREET,nico-hulkenberg,haas,haas@2023,13.0,19.0,True,-0.16807047,1.7523906
2023,21,1100,STREET,lando-norris,mclaren,mclaren@2023,15.0,,False,-0.56743425,1.4350437
2023,22,1101,RACE,max-verstappen,red-bull,red-bull@2023,1.0,1.0,True,-0.9067317,1.0391952
2023,22,1101,RACE,charles-leclerc,ferrari,ferrari@2023,2.0,2.0,True,-0.61625826,0.9967215
2023,22,1101,RACE,george-russell,mercedes,mercedes@2023,4.0,3.0,True,-0.36461863,1.1204016
2023,22,1101,RACE,sergio-perez,red-bull,red-bull@2023,9.0,4.0,True,-0.2815819,1.0391952
2023,22,1101,RACE,lando-norris,mclaren,mclaren@2023,5.0,5.0,True,-0.56743425,1.4350437
2023,22,1101,RACE,oscar-piastri,mclaren,mclaren@2023,3.0,6.0,True,-0.3326575,1.4350437
2023,22,1101,RACE,fernando-alonso,aston-martin,aston-martin@2023,7.0,7.0,True,-0.40836355,1.4195427
2023,22,1101,RACE,yuki-tsunoda,alphatauri,alphatauri@2023,6.0,8.0,True,0.023489745,1.6534474
2023,22,1101,RACE,lewis-hamilton,mercedes,mercedes@2023,11.0,9.0,True,-0.36117348,1.1204016
2023,22,1101,RACE,lance-stroll,aston-martin,aston-martin@2023,13.0,10.0,True,0.21318224,1.4195427
2023,22,1101,RACE,daniel-ricciardo,alphatauri,alphatauri@2023,15.0,11.0,True,-0.011404925,1.6534474
2023,22,1101,RACE,esteban-ocon,alpine,alpine@2023,12.0,12.0,True,-0.043327816,1.4068525
2023,22,1101,RACE,pierre-gasly,alpine,alpine@2023,10.0,13.0,True,-0.25462374,1.4068525
2023,22,1101,RACE,alexander-albon,williams,williams@2023,14.0,14.0,True,-0.20787385,1.8055661
2023,22,1101,RACE,nico-hulkenberg,haas,haas@2023,8.0,15.0,True,-0.16807047,1.7523906
2023,22,1101,RACE,logan-sargeant,williams,williams@2023,20.0,16.0,True,0.4834564,1.8055661
2023,22,1101,RACE,guanyu-zhou,alfa-romeo,alfa-romeo@2023,19.0,17.0,True,0.21265902,1.9421055
2023,22,1101,RACE,carlos-sainz-jr,ferrari,ferrari@2023,16.0,18.0,True,-0.4413722,0.9967215
2023,22,1101,RACE,valtteri-bottas,alfa-romeo,alfa-romeo@2023,18.0,19.0,True,-0.17265634,1.9421055
2023,22,1101,RACE,kevin-magnussen,haas,haas@2023,17.0,20.0,True,0.25288573,1.7523906
2024,1,1102,RACE,max-verstappen,red-bull,red-bull@2024,1.0,1.0,True,-0.9659571,1.1605814
2024,1,1102,RACE,sergio-perez,red-bull,red-bull@2024,5.0,2.0,True,-0.2824937,1.1605814
2024,1,1102,RACE,carlos-sainz-jr,ferrari,ferrari@2024,4.0,3.0,True,-0.5018739,1.0864964
2024,1,1102,RACE,charles-leclerc,ferrari,ferrari@2024,2.0,4.0,True,-0.58655053,1.0864964
2024,1,1102,RACE,george-russell,mercedes,mercedes@2024,3.0,5.0,True,-0.4253553,1.0349032
2024,1,1102,RACE,lando-norris,mclaren,mclaren@2024,7.0,6.0,True,-0.57045776,0.9142383
2024,1,1102,RACE,lewis-hamilton,mercedes,mercedes@2024,9.0,7.0,True,-0.33233768,1.0349032
2024,1,1102,RACE,oscar-piastri,mclaren,mclaren@2024,8.0,8.0,True,-0.36600307,0.9142383
2024,1,1102,RACE,fernando-alonso,aston-martin,aston-martin@2024,6.0,9.0,True,-0.40362716,1.4316872
2024,1,1102,RACE,lance-stroll,aston-martin,aston-martin@2024,12.0,10.0,True,0.20226607,1.4316872
2024,1,1102,RACE,guanyu-zhou,kick-sauber,kick-sauber@2024,17.0,11.0,True,0.24411723,2.1796486
2024,1,1102,RACE,kevin-magnussen,haas,haas@2024,15.0,12.0,True,0.23086666,1.5213836
2024,1,1102,RACE,daniel-ricciardo,rb,rb@2024,14.0,13.0,True,0.06556385,1.430086
2024,1,1102,RACE,yuki-tsunoda,rb,rb@2024,11.0,14.0,True,-0.04753442,1.430086
2024,1,1102,RACE,alexander-albon,williams,williams@2024,13.0,15.0,True,-0.19408624,1.6907625
2024,1,1102,RACE,nico-hulkenberg,haas,haas@2024,10.0,16.0,True,-0.1522843,1.5213836
2024,1,1102,RACE,esteban-ocon,alpine,alpine@2024,19.0,17.0,True,-0.020382995,1.7644897
2024,1,1102,RACE,pierre-gasly,alpine,alpine@2024,20.0,18.0,True,-0.2667529,1.7644897
2024,1,1102,RACE,valtteri-bottas,kick-sauber,kick-sauber@2024,16.0,19.0,True,-0.1962949,2.1796486
2024,1,1102,RACE,logan-sargeant,williams,williams@2024,18.0,20.0,True,0.48179394,1.6907625
2024,2,1103,STREET,max-verstappen,red-bull,red-bull@2024,1.0,1.0,True,-0.9659571,1.1605814
2024,2,1103,STREET,sergio-perez,red-bull,red-bull@2024,3.0,2.0,True,-0.2824937,1.1605814
2024,2,1103,STREET,charles-leclerc,ferrari,ferrari@2024,2.0,3.0,True,-0.58655053,1.0864964
2024,2,1103,STREET,oscar-piastri,mclaren,mclaren@2024,5.0,4.0,True,-0.36600307,0.9142383
2024,2,1103,STREET,fernando-alonso,aston-martin,aston-martin@2024,4.0,5.0,True,-0.40362716,1.4316872
2024,2,1103,STREET,george-russell,mercedes,mercedes@2024,7.0,6.0,True,-0.4253553,1.0349032
2024,2,1103,STREET,oliver-bearman,ferrari,ferrari@2024,11.0,7.0,True,-0.14362265,1.0864964
2024,2,1103,STREET,lando-norris,mclaren,mclaren@2024,6.0,8.0,True,-0.57045776,0.9142383
2024,2,1103,STREET,lewis-hamilton,mercedes,mercedes@2024,8.0,9.0,True,-0.33233768,1.0349032
2024,2,1103,STREET,nico-hulkenberg,haas,haas@2024,15.0,10.0,True,-0.1522843,1.5213836
2024,2,1103,STREET,alexander-albon,williams,williams@2024,12.0,11.0,True,-0.19408624,1.6907625
2024,2,1103,STREET,kevin-magnussen,haas,haas@2024,13.0,12.0,True,0.23086666,1.5213836
2024,2,1103,STREET,esteban-ocon,alpine,alpine@2024,17.0,13.0,True,-0.020382995,1.7644897
2024,2,1103,STREET,logan-sargeant,williams,williams@2024,19.0,14.0,True,0.48179394,1.6907625
2024,2,1103,STREET,yuki-tsunoda,rb,rb@2024,9.0,15.0,True,-0.04753442,1.430086
2024,2,1103,STREET,daniel-ricciardo,rb,rb@2024,14.0,16.0,True,0.06556385,1.430086
2024,2,1103,STREET,valtteri-bottas,kick-sauber,kick-sauber@2024,16.0,17.0,True,-0.1962949,2.1796486
2024,2,1103,STREET,guanyu-zhou,kick-sauber,kick-sauber@2024,20.0,18.0,True,0.24411723,2.1796486
2024,2,1103,STREET,lance-stroll,aston-martin,aston-martin@2024,10.0,,False,0.20226607,1.4316872
2024,2,1103,STREET,pierre-gasly,alpine,alpine@2024,18.0,,False,-0.2667529,1.7644897
2024,3,1104,STREET,carlos-sainz-jr,ferrari,ferrari@2024,2.0,1.0,True,-0.5018739,1.0864964
2024,3,1104,STREET,charles-leclerc,ferrari,ferrari@2024,4.0,2.0,True,-0.58655053,1.0864964
2024,3,1104,STREET,lando-norris,mclaren,mclaren@2024,3.0,3.0,True,-0.57045776,0.9142383
2024,3,1104,STREET,oscar-piastri,mclaren,mclaren@2024,5.0,4.0,True,-0.36600307,0.9142383
2024,3,1104,STREET,sergio-perez,red-bull,red-bull@2024,6.0,5.0,True,-0.2824937,1.1605814
2024,3,1104,STREET,lance-stroll,aston-martin,aston-martin@2024,9.0,6.0,True,0.20226607,1.4316872
2024,3,1104,STREET,yuki-tsunoda,rb,rb@2024,8.0,7.0,True,-0.04753442,1.430086
2024,3,1104,STREET,fernando-alonso,aston-martin,aston-martin@2024,10.0,8.0,True,-0.40362716,1.4316872
2024,3,1104,STREET,nico-hulkenberg,haas,haas@2024,16.0,9.0,True,-0.1522843,1.5213836
2024,3,1104,STREET,kevin-magnussen,haas,haas@2024,14.0,10.0,True,0.23086666,1.5213836
2024,3,1104,STREET,alexander-albon,williams,williams@2024,12.0,11.0,True,-0.19408624,1.6907625
2024,3,1104,STREET,daniel-ricciardo,rb,rb@2024,18.0,12.0,True,0.06556385,1.430086
2024,3,1104,STREET,pierre-gasly,alpine,alpine@2024,17.0,13.0,True,-0.2667529,1.7644897
2024,3,1104,STREET,valtteri-bottas,kick-sauber,kick-sauber@2024,13.0,14.0,True,-0.1962949,2.1796486
2024,3,1104,STREET,guanyu-zhou,kick-sauber,kick-sauber@2024,21.0,15.0,True,0.24411723,2.1796486
2024,3,1104,STREET,esteban-ocon,alpine,alpine@2024,15.0,16.0,True,-0.020382995,1.7644897
2024,3,1104,STREET,george-russell,mercedes,mercedes@2024,7.0,17.0,True,-0.4253553,1.0349032
2024,3,1104,STREET,lewis-hamilton,mercedes,mercedes@2024,11.0,,False,-0.33233768,1.0349032
2024,3,1104,STREET,max-verstappen,red-bull,red-bull@2024,1.0,,False,-0.9659571,1.1605814
2024,4,1105,RACE,max-verstappen,red-bull,red-bull@2024,1.0,1.0,True,-0.9659571,1.1605814
2024,4,1105,RACE,sergio-perez,red-bull,red-bull@2024,2.0,2.0,True,-0.2824937,1.1605814
2024,4,1105,RACE,carlos-sainz-jr,ferrari,ferrari@2024,4.0,3.0,True,-0.5018739,1.0864964
2024,4,1105,RACE,charles-leclerc,ferrari,ferrari@2024,8.0,4.0,True,-0.58655053,1.0864964
2024,4,1105,RACE,lando-norris,mclaren,mclaren@2024,3.0,5.0,True,-0.57045776,0.9142383
2024,4,1105,RACE,fernando-alonso,aston-martin,aston-martin@2024,5.0,6.0,True,-0.40362716,1.4316872
2024,4,1105,RACE,george-russell,mercedes,mercedes@2024,9.0,7.0,True,-0.4253553,1.0349032
2024,4,1105,RACE,oscar-piastri,mclaren,mclaren@2024,6.0,8.0,True,-0.36600307,0.9142383
2024,4,1105,RACE,lewis-hamilton,mercedes,mercedes@2024,7.0,9.0,True,-0.33233768,1.0349032
2024,4,1105,RACE,yuki-tsunoda,rb,rb@2024,10.0,10.0,True,-0.04753442,1.430086
2024,4,1105,RACE,nico-hulkenberg,haas,haas@2024,12.0,11.0,True,-0.1522843,1.5213836
2024,4,1105,RACE,lance-stroll,aston-martin,aston-martin@2024,16.0,12.0,True,0.20226607,1.4316872
2024,4,1105,RACE,kevin-magnussen,haas,haas@2024,18.0,13.0,True,0.23086666,1.5213836
2024,4,1105,RACE,valtteri-bottas,kick-sauber,kick-sauber@2024,13.0,14.0,True,-0.1962949,2.1796486
2024,4,1105,RACE,esteban-ocon,alpine,alpine@2024,15.0,15.0,True,-0.020382995,1.7644897
2024,4,1105,RACE,pierre-gasly,alpine,alpine@2024,17.0,16.0,True,-0.2667529,1.7644897
2024,4,1105,RACE,logan-sargeant,williams,williams@2024,19.0,17.0,True,0.48179394,1.6907625
2024,4,1105,RACE,guanyu-zhou,kick-sauber,kick-sauber@2024,20.0,,False,0.24411723,2.1796486
2024,4,1105,RACE,daniel-ricciardo,rb,rb@2024,11.0,,False,0.06556385,1.430086
2024,4,1105,RACE,alexander-albon,williams,williams@2024,14.0,,False,-0.19408624,1.6907625
2024,5,1106,RACE,max-verstappen,red-bull,red-bull@2024,1.0,1.0,True,-0.9659571,1.1605814
2024,5,1106,RACE,lando-norris,mclaren,mclaren@2024,4.0,2.0,True,-0.57045776,0.9142383
2024,5,1106,RACE,sergio-perez,red-bull,red-bull@2024,2.0,3.0,True,-0.2824937,1.1605814
2024,5,1106,RACE,charles-leclerc,ferrari,ferrari@2024,6.0,4.0,True,-0.58655053,1.0864964
2024,5,1106,RACE,carlos-sainz-jr,ferrari,ferrari@2024,7.0,5.0,True,-0.5018739,1.0864964
2024,5,1106,RACE,george-russell,mercedes,mercedes@2024,8.0,6.0,True,-0.4253553,1.0349032
2024,5,1106,RACE,fernando-alonso,aston-martin,aston-martin@2024,3.0,7.0,True,-0.40362716,1.4316872
2024,5,1106,RACE,oscar-piastri,mclaren,mclaren@2024,5.0,8.0,True,-0.36600307,0.9142383
2024,5,1106,RACE,lewis-hamilton,mercedes,mercedes@2024,18.0,9.0,True,-0.33233768,1.0349032
2024,5,1106,RACE,nico-hulkenberg,haas,haas@2024,9.0,10.0,True,-0.1522843,1.5213836
2024,5,1106,RACE,esteban-ocon,alpine,alpine@2024,13.0,11.0,True,-0.020382995,1.7644897
2024,5,1106,RACE,alexander-albon,williams,williams@2024,14.0,12.0,True,-0.19408624,1.6907625
2024,5,1106,RACE,pierre-gasly,alpine,alpine@2024,15.0,13.0,True,-0.2667529,1.7644897
2024,5,1106,RACE,guanyu-zhou,kick-sauber,kick-sauber@2024,16.0,14.0,True,0.24411723,2.1796486
2024,5,1106,RACE,lance-stroll,aston-martin,aston-martin@2024,11.0,15.0,True,0.20226607,1.4316872
2024,5,1106,RACE,kevin-magnussen,haas,haas@2024,17.0,16.0,True,0.23086666,1.5213836
2024,5,1106,RACE,logan-sargeant,williams,williams@2024,21.0,17.0,True,0.48179394,1.6907625
2024,5,1106,RACE,daniel-ricciardo,rb,rb@2024,12.0,,False,0.06556385,1.430086
2024,5,1106,RACE,yuki-tsunoda,rb,rb@2024,19.0,,False,-0.04753442,1.430086
2024,5,1106,RACE,valtteri-bottas,kick-sauber,kick-sauber@2024,10.0,,False,-0.1962949,2.1796486
2024,6,1107,STREET,lando-norris,mclaren,mclaren@2024,5.0,1.0,True,-0.57045776,0.9142383
2024,6,1107,STREET,max-verstappen,red-bull,red-bull@2024,1.0,2.0,True,-0.9659571,1.1605814
2024,6,1107,STREET,charles-leclerc,ferrari,ferrari@2024,2.0,3.0,True,-0.58655053,1.0864964
2024,6,1107,STREET,sergio-perez,red-bull,red-bull@2024,4.0,4.0,True,-0.2824937,1.1605814
2024,6,1107,STREET,carlos-sainz-jr,ferrari,ferrari@2024,3.0,5.0,True,-0.5018739,1.0864964
2024,6,1107,STREET,lewis-hamilton,mercedes,mercedes@2024,8.0,6.0,True,-0.33233768,1.0349032
2024,6,1107,STREET,yuki-tsunoda,rb,rb@2024,10.0,7.0,True,-0.04753442,1.430086
2024,6,1107,STREET,george-russell,mercedes,mercedes@2024,7.0,8.0,True,-0.4253553,1.0349032
2024,6,1107,STREET,fernando-alonso,aston-martin,aston-martin@2024,15.0,9.0,True,-0.40362716,1.4316872
2024,6,1107,STREET,esteban-ocon,alpine,alpine@2024,13.0,10.0,True,-0.020382995,1.7644897
2024,6,1107,STREET,nico-hulkenberg,haas,haas@2024,9.0,11.0,True,-0.1522843,1.5213836
2024,6,1107,STREET,pierre-gasly,alpine,alpine@2024,12.0,12.0,True,-0.2667529,1.7644897
2024,6,1107,STREET,oscar-piastri,mclaren,mclaren@2024,6.0,13.0,True,-0.36600307,0.9142383
2024,6,1107,STREET,guanyu-zhou,kick-sauber,kick-sauber@2024,19.0,14.0,True,0.24411723,2.1796486
2024,6,1107,STREET,daniel-ricciardo,rb,rb@2024,20.0,15.0,True,0.06556385,1.430086
2024,6,1107,STREET,valtteri-bottas,kick-sauber,kick-sauber@2024,16.0,16.0,True,-0.1962949,2.1796486
2024,6,1107,STREET,lance-stroll,aston-martin,aston-martin@2024,11.0,17.0,True,0.20226607,1.4316872
2024,6,1107,STREET,alexander-albon,williams,williams@2024,14.0,18.0,True,-0.19408624,1.6907625
2024,6,1107,STREET,kevin-magnussen,haas,haas@2024,18.0,19.0,True,0.23086666,1.5213836
2024,6,1107,STREET,logan-sargeant,williams,williams@2024,17.0,,False,0.48179394,1.6907625
2024,7,1108,RACE,max-verstappen,red-bull,red-bull@2024,1.0,1.0,True,-0.9659571,1.1605814
2024,7,1108,RACE,lando-norris,mclaren,mclaren@2024,2.0,2.0,True,-0.57045776,0.9142383
2024,7,1108,RACE,charles-leclerc,ferrari,ferrari@2024,3.0,3.0,True,-0.58655053,1.0864964
2024,7,1108,RACE,oscar-piastri,mclaren,mclaren@2024,5.0,4.0,True,-0.36600307,0.9142383
2024,7,1108,RACE,carlos-sainz-jr,ferrari,ferrari@2024,4.0,5.0,True,-0.5018739,1.0864964
2024,7,1108,RACE,lewis-hamilton,mercedes,mercedes@2024,8.0,6.0,True,-0.33233768,1.0349032
2024,7,1108,RACE,george-russell,mercedes,mercedes@2024,6.0,7.0,True,-0.4253553,1.0349032
2024,7,1108,RACE,sergio-perez,red-bull,red-bull@2024,11.0,8.0,True,-0.2824937,1.1605814
2024,7,1108,RACE,lance-stroll,aston-martin,aston-martin@2024,13.0,9.0,True,0.20226607,1.4316872
2024,7,1108,RACE,yuki-tsunoda,rb,rb@2024,7.0,10.0,True,-0.04753442,1.430086
2024,7,1108,RACE,nico-hulkenberg,haas,haas@2024,10.0,11.0,True,-0.1522843,1.5213836
2024,7,1108,RACE,kevin-magnussen,haas,haas@2024,18.0,12.0,True,0.23086666,1.5213836
2024,7,1108,RACE,daniel-ricciardo,rb,rb@2024,9.0,13.0,True,0.06556385,1.430086
2024,7,1108,RACE,esteban-ocon,alpine,alpine@2024,12.0,14.0,True,-0.020382995,1.7644897
2024,7,1108,RACE,guanyu-zhou,kick-sauber,kick-sauber@2024,17.0,15.0,True,0.24411723,2.1796486
2024,7,1108,RACE,pierre-gasly,alpine,alpine@2024,15.0,16.0,True,-0.2667529,1.7644897
2024,7,1108,RACE,logan-sargeant,williams,williams@2024,19.0,17.0,True,0.48179394,1.6907625
2024,7,1108,RACE,valtteri-bottas,kick-sauber,kick-sauber@2024,16.0,18.0,True,-0.1962949,2.1796486
2024,7,1108,RACE,fernando-alonso,aston-martin,aston-martin@2024,21.0,19.0,True,-0.40362716,1.4316872
2024,7,1108,RACE,alexander-albon,williams,williams@2024,14.0,,False,-0.19408624,1.6907625
2024,8,1109,STREET,charles-leclerc,ferrari,ferrari@2024,1.0,1.0,True,-0.58655053,1.0864964
2024,8,1109,STREET,oscar-piastri,mclaren,mclaren@2024,2.0,2.0,True,-0.36600307,0.9142383
2024,8,1109,STREET,carlos-sainz-jr,ferrari,ferrari@2024,3.0,3.0,True,-0.5018739,1.0864964
2024,8,1109,STREET,lando-norris,mclaren,mclaren@2024,4.0,4.0,True,-0.57045776,0.9142383
2024,8,1109,STREET,george-russell,mercedes,mercedes@2024,5.0,5.0,True,-0.4253553,1.0349032
2024,8,1109,STREET,max-verstappen,red-bull,red-bull@2024,6.0,6.0,True,-0.9659571,1.1605814
2024,8,1109,STREET,lewis-hamilton,mercedes,mercedes@2024,7.0,7.0,True,-0.33233768,1.0349032
2024,8,1109,STREET,yuki-tsunoda,rb,rb@2024,8.0,8.0,True,-0.04753442,1.430086
2024,8,1109,STREET,alexander-albon,williams,williams@2024,9.0,9.0,True,-0.19408624,1.6907625
2024,8,1109,STREET,pierre-gasly,alpine,alpine@2024,10.0,10.0,True,-0.2667529,1.7644897
2024,8,1109,STREET,fernando-alonso,aston-martin,aston-martin@2024,14.0,11.0,True,-0.40362716,1.4316872
2024,8,1109,STREET,daniel-ricciardo,rb,rb@2024,12.0,12.0,True,0.06556385,1.430086
2024,8,1109,STREET,valtteri-bottas,kick-sauber,kick-sauber@2024,17.0,13.0,True,-0.1962949,2.1796486
2024,8,1109,STREET,lance-stroll,aston-martin,aston-martin@2024,13.0,14.0,True,0.20226607,1.4316872
2024,8,1109,STREET,logan-sargeant,williams,williams@2024,15.0,15.0,True,0.48179394,1.6907625
2024,8,1109,STREET,guanyu-zhou,kick-sauber,kick-sauber@2024,18.0,16.0,True,0.24411723,2.1796486
2024,8,1109,STREET,esteban-ocon,alpine,alpine@2024,11.0,,False,-0.020382995,1.7644897
2024,8,1109,STREET,sergio-perez,red-bull,red-bull@2024,16.0,,False,-0.2824937,1.1605814
2024,8,1109,STREET,nico-hulkenberg,haas,haas@2024,19.0,,False,-0.1522843,1.5213836
2024,8,1109,STREET,kevin-magnussen,haas,haas@2024,20.0,,False,0.23086666,1.5213836
2024,9,1110,STREET,max-verstappen,red-bull,red-bull@2024,2.0,1.0,True,-0.9659571,1.1605814
2024,9,1110,STREET,lando-norris,mclaren,mclaren@2024,3.0,2.0,True,-0.57045776,0.9142383
2024,9,1110,STREET,george-russell,mercedes,mercedes@2024,1.0,3.0,True,-0.4253553,1.0349032
2024,9,1110,STREET,lewis-hamilton,mercedes,mercedes@2024,7.0,4.0,True,-0.33233768,1.0349032
2024,9,1110,STREET,oscar-piastri,mclaren,mclaren@2024,4.0,5.0,True,-0.36600307,0.9142383
2024,9,1110,STREET,fernando-alonso,aston-martin,aston-martin@2024,6.0,6.0,True,-0.40362716,1.4316872
2024,9,1110,STREET,lance-stroll,aston-martin,aston-martin@2024,9.0,7.0,True,0.20226607,1.4316872
2024,9,1110,STREET,daniel-ricciardo,rb,rb@2024,5.0,8.0,True,0.06556385,1.430086
2024,9,1110,STREET,pierre-gasly,alpine,alpine@2024,15.0,9.0,True,-0.2667529,1.7644897
2024,9,1110,STREET,esteban-ocon,alpine,alpine@2024,18.0,10.0,True,-0.020382995,1.7644897
2024,9,1110,STREET,nico-hulkenberg,haas,haas@2024,17.0,11.0,True,-0.1522843,1.5213836
2024,9,1110,STREET,kevin-magnussen,haas,haas@2024,14.0,12.0,True,0.23086666,1.5213836
2024,9,1110,STREET,valtteri-bottas,kick-sauber,kick-sauber@2024,21.0,13.0,True,-0.1962949,2.1796486
2024,9,1110,STREET,yuki-tsunoda,rb,rb@2024,8.0,14.0,True,-0.04753442,1.430086
2024,9,1110,STREET,guanyu-zhou,kick-sauber,kick-sauber@2024,21.0,15.0,True,0.24411723,2.1796486
2024,9,1110,STREET,carlos-sainz-jr,ferrari,ferrari@2024,12.0,,False,-0.5018739,1.0864964
2024,9,1110,STREET,alexander-albon,williams,williams@2024,10.0,,False,-0.19408624,1.6907625
2024,9,1110,STREET,sergio-perez,red-bull,red-bull@2024,16.0,,False,-0.2824937,1.1605814
2024,9,1110,STREET,charles-leclerc,ferrari,ferrari@2024,11.0,,False,-0.58655053,1.0864964
2024,9,1110,STREET,logan-sargeant,williams,williams@2024,13.0,,False,0.48179394,1.6907625
2024,10,1111,RACE,max-verstappen,red-bull,red-bull@2024,2.0,1.0,True,-0.9659571,1.1605814
2024,10,1111,RACE,lando-norris,mclaren,mclaren@2024,1.0,2.0,True,-0.57045776,0.9142383
2024,10,1111,RACE,lewis-hamilton,mercedes,mercedes@2024,3.0,3.0,True,-0.33233768,1.0349032
2024,10,1111,RACE,george-russell,mercedes,mercedes@2024,4.0,4.0,True,-0.4253553,1.0349032
2024,10,1111,RACE,charles-leclerc,ferrari,ferrari@2024,5.0,5.0,True,-0.58655053,1.0864964
2024,10,1111,RACE,carlos-sainz-jr,ferrari,ferrari@2024,6.0,6.0,True,-0.5018739,1.0864964
2024,10,1111,RACE,oscar-piastri,mclaren,mclaren@2024,9.0,7.0,True,-0.36600307,0.9142383
2024,10,1111,RACE,sergio-perez,red-bull,red-bull@2024,11.0,8.0,True,-0.2824937,1.1605814
2024,10,1111,RACE,pierre-gasly,alpine,alpine@2024,7.0,9.0,True,-0.2667529,1.7644897
2024,10,1111,RACE,esteban-ocon,alpine,alpine@2024,8.0,10.0,True,-0.020382995,1.7644897
2024,10,1111,RACE,nico-hulkenberg,haas,haas@2024,13.0,11.0,True,-0.1522843,1.5213836
2024,10,1111,RACE,fernando-alonso,aston-martin,aston-martin@2024,10.0,12.0,True,-0.40362716,1.4316872
2024,10,1111,RACE,guanyu-zhou,kick-sauber,kick-sauber@2024,15.0,13.0,True,0.24411723,2.1796486
2024,10,1111,RACE,lance-stroll,aston-martin,aston-martin@2024,14.0,14.0,True,0.20226607,1.4316872
2024,10,1111,RACE,daniel-ricciardo,rb,rb@2024,18.0,15.0,True,0.06556385,1.430086
2024,10,1111,RACE,valtteri-bottas,kick-sauber,kick-sauber@2024,12.0,16.0,True,-0.1962949,2.1796486
2024,10,1111,RACE,kevin-magnussen,haas,haas@2024,16.0,17.0,True,0.23086666,1.5213836
2024,10,1111,RACE,alexander-albon,williams,williams@2024,21.0,18.0,True,-0.19408624,1.6907625
2024,10,1111,RACE,yuki-tsunoda,rb,rb@2024,17.0,19.0,True,-0.04753442,1.430086
2024,10,1111,RACE,logan-sargeant,williams,williams@2024,19.0,20.0,True,0.48179394,1.6907625
2024,11,1112,RACE,george-russell,mercedes,mercedes@2024,3.0,1.0,True,-0.4253553,1.0349032
2024,11,1112,RACE,oscar-piastri,mclaren,mclaren@2024,7.0,2.0,True,-0.36600307,0.9142383
2024,11,1112,RACE,carlos-sainz-jr,ferrari,ferrari@2024,4.0,3.0,True,-0.5018739,1.0864964
2024,11,1112,RACE,lewis-hamilton,mercedes,mercedes@2024,5.0,4.0,True,-0.33233768,1.0349032
2024,11,1112,RACE,max-verstappen,red-bull,red-bull@2024,1.0,5.0,True,-0.9659571,1.1605814
2024,11,1112,RACE,nico-hulkenberg,haas,haas@2024,9.0,6.0,True,-0.1522843,1.5213836
2024,11,1112,RACE,sergio-perez,red-bull,red-bull@2024,8.0,7.0,True,-0.2824937,1.1605814
2024,11,1112,RACE,kevin-magnussen,haas,haas@2024,12.0,8.0,True,0.23086666,1.5213836
2024,11,1112,RACE,daniel-ricciardo,rb,rb@2024,11.0,9.0,True,0.06556385,1.430086
2024,11,1112,RACE,pierre-gasly,alpine,alpine@2024,13.0,10.0,True,-0.2667529,1.7644897
2024,11,1112,RACE,charles-leclerc,ferrari,ferrari@2024,6.0,11.0,True,-0.58655053,1.0864964
2024,11,1112,RACE,esteban-ocon,alpine,alpine@2024,10.0,12.0,True,-0.020382995,1.7644897
2024,11,1112,RACE,lance-stroll,aston-martin,aston-martin@2024,17.0,13.0,True,0.20226607,1.4316872
2024,11,1112,RACE,yuki-tsunoda,rb,rb@2024,14.0,14.0,True,-0.04753442,1.430086
2024,11,1112,RACE,alexander-albon,williams,williams@2024,16.0,15.0,True,-0.19408624,1.6907625
2024,11,1112,RACE,valtteri-bottas,kick-sauber,kick-sauber@2024,18.0,16.0,True,-0.1962949,2.1796486
2024,11,1112,RACE,guanyu-zhou,kick-sauber,kick-sauber@2024,21.0,17.0,True,0.24411723,2.1796486
2024,11,1112,RACE,fernando-alonso,aston-martin,aston-martin@2024,15.0,18.0,True,-0.40362716,1.4316872
2024,11,1112,RACE,logan-sargeant,williams,williams@2024,19.0,19.0,True,0.48179394,1.6907625
2024,11,1112,RACE,lando-norris,mclaren,mclaren@2024,2.0,20.0,True,-0.57045776,0.9142383
2024,12,1113,RACE,lewis-hamilton,mercedes,mercedes@2024,2.0,1.0,True,-0.33233768,1.0349032
2024,12,1113,RACE,max-verstappen,red-bull,red-bull@2024,4.0,2.0,True,-0.9659571,1.1605814
2024,12,1113,RACE,lando-norris,mclaren,mclaren@2024,3.0,3.0,True,-0.57045776,0.9142383
2024,12,1113,RACE,oscar-piastri,mclaren,mclaren@2024,5.0,4.0,True,-0.36600307,0.9142383
2024,12,1113,RACE,carlos-sainz-jr,ferrari,ferrari@2024,7.0,5.0,True,-0.5018739,1.0864964
2024,12,1113,RACE,nico-hulkenberg,haas,haas@2024,6.0,6.0,True,-0.1522843,1.5213836
2024,12,1113,RACE,lance-stroll,aston-martin,aston-martin@2024,8.0,7.0,True,0.20226607,1.4316872
2024,12,1113,RACE,fernando-alonso,aston-martin,aston-martin@2024,10.0,8.0,True,-0.40362716,1.4316872
2024,12,1113,RACE,alexander-albon,williams,williams@2024,9.0,9.0,True,-0.19408624,1.6907625
2024,12,1113,RACE,yuki-tsunoda,rb,rb@2024,13.0,10.0,True,-0.04753442,1.430086
2024,12,1113,RACE,logan-sargeant,williams,williams@2024,12.0,11.0,True,0.48179394,1.6907625
2024,12,1113,RACE,kevin-magnussen,haas,haas@2024,17.0,12.0,True,0.23086666,1.5213836
2024,12,1113,RACE,daniel-ricciardo,rb,rb@2024,15.0,13.0,True,0.06556385,1.430086
2024,12,1113,RACE,charles-leclerc,ferrari,ferrari@2024,11.0,14.0,True,-0.58655053,1.0864964
2024,12,1113,RACE,valtteri-bottas,kick-sauber,kick-sauber@2024,16.0,15.0,True,-0.1962949,2.1796486
2024,12,1113,RACE,esteban-ocon,alpine,alpine@2024,18.0,16.0,True,-0.020382995,1.7644897
2024,12,1113,RACE,sergio-perez,red-bull,red-bull@2024,21.0,17.0,True,-0.2824937,1.1605814
2024,12,1113,RACE,guanyu-zhou,kick-sauber,kick-sauber@2024,14.0,18.0,True,0.24411723,2.1796486
2024,12,1113,RACE,george-russell,mercedes,mercedes@2024,1.0,,False,-0.4253553,1.0349032
2024,13,1114,RACE,oscar-piastri,mclaren,mclaren@2024,2.0,1.0,True,-0.36600307,0.9142383
2024,13,1114,RACE,lando-norris,mclaren,mclaren@2024,1.0,2.0,True,-0.57045776,0.9142383
2024,13,1114,RACE,lewis-hamilton,mercedes,mercedes@2024,5.0,3.0,True,-0.33233768,1.0349032
2024,13,1114,RACE,charles-leclerc,ferrari,ferrari@2024,6.0,4.0,True,-0.58655053,1.0864964
2024,13,1114,RACE,max-verstappen,red-bull,red-bull@2024,3.0,5.0,True,-0.9659571,1.1605814
2024,13,1114,RACE,carlos-sainz-jr,ferrari,ferrari@2024,4.0,6.0,True,-0.5018739,1.0864964
2024,13,1114,RACE,sergio-perez,red-bull,red-bull@2024,16.0,7.0,True,-0.2824937,1.1605814
2024,13,1114,RACE,george-russell,mercedes,mercedes@2024,17.0,8.0,True,-0.4253553,1.0349032
2024,13,1114,RACE,yuki-tsunoda,rb,rb@2024,10.0,9.0,True,-0.04753442,1.430086
2024,13,1114,RACE,lance-stroll,aston-martin,aston-martin@2024,8.0,10.0,True,0.20226607,1.4316872
2024,13,1114,RACE,fernando-alonso,aston-martin,aston-martin@2024,7.0,11.0,True,-0.40362716,1.4316872
2024,13,1114,RACE,daniel-ricciardo,rb,rb@2024,9.0,12.0,True,0.06556385,1.430086
2024,13,1114,RACE,nico-hulkenberg,haas,haas@2024,11.0,13.0,True,-0.1522843,1.5213836
2024,13,1114,RACE,alexander-albon,williams,williams@2024,13.0,14.0,True,-0.19408624,1.6907625
2024,13,1114,RACE,kevin-magnussen,haas,haas@2024,15.0,15.0,True,0.23086666,1.5213836
2024,13,1114,RACE,valtteri-bottas,kick-sauber,kick-sauber@2024,12.0,16.0,True,-0.1962949,2.1796486
2024,13,1114,RACE,logan-sargeant,williams,williams@2024,14.0,17.0,True,0.48179394,1.6907625
2024,13,1114,RACE,esteban-ocon,alpine,alpine@2024,19.0,18.0,True,-0.020382995,1.7644897
2024,13,1114,RACE,guanyu-zhou,kick-sauber,kick-sauber@2024,18.0,19.0,True,0.24411723,2.1796486
2024,13,1114,RACE,pierre-gasly,alpine,alpine@2024,21.0,,False,-0.2667529,1.7644897
2024,14,1115,RACE,lewis-hamilton,mercedes,mercedes@2024,3.0,1.0,True,-0.33233768,1.0349032
2024,14,1115,RACE,oscar-piastri,mclaren,mclaren@2024,5.0,2.0,True,-0.36600307,0.9142383
2024,14,1115,RACE,charles-leclerc,ferrari,ferrari@2024,1.0,3.0,True,-0.58655053,1.0864964
2024,14,1115,RACE,max-verstappen,red-bull,red-bull@2024,11.0,4.0,True,-0.9659571,1.1605814
2024,14,1115,RACE,lando-norris,mclaren,mclaren@2024,4.0,5.0,True,-0.57045776,0.9142383
2024,14,1115,RACE,carlos-sainz-jr,ferrari,ferrari@2024,7.0,6.0,True,-0.5018739,1.0864964
2024,14,1115,RACE,sergio-perez,red-bull,red-bull@2024,2.0,7.0,True,-0.2824937,1.1605814
2024,14,1115,RACE,fernando-alonso,aston-martin,aston-martin@2024,8.0,8.0,True,-0.40362716,1.4316872
2024,14,1115,RACE,esteban-ocon,alpine,alpine@2024,9.0,9.0,True,-0.020382995,1.7644897
2024,14,1115,RACE,daniel-ricciardo,rb,rb@2024,13.0,10.0,True,0.06556385,1.430086
2024,14,1115,RACE,lance-stroll,aston-martin,aston-martin@2024,15.0,11.0,True,0.20226607,1.4316872
2024,14,1115,RACE,alexander-albon,williams,williams@2024,10.0,12.0,True,-0.19408624,1.6907625
2024,14,1115,RACE,pierre-gasly,alpine,alpine@2024,12.0,13.0,True,-0.2667529,1.7644897
2024,14,1115,RACE,kevin-magnussen,haas,haas@2024,17.0,14.0,True,0.23086666,1.5213836
2024,14,1115,RACE,valtteri-bottas,kick-sauber,kick-sauber@2024,14.0,15.0,True,-0.1962949,2.1796486
2024,14,1115,RACE,yuki-tsunoda,rb,rb@2024,20.0,16.0,True,-0.04753442,1.430086
2024,14,1115,RACE,logan-sargeant,williams,williams@2024,18.0,17.0,True,0.48179394,1.6907625
2024,14,1115,RACE,nico-hulkenberg,haas,haas@2024,16.0,18.0,True,-0.1522843,1.5213836
2024,14,1115,RACE,guanyu-zhou,kick-sauber,kick-sauber@2024,19.0,,False,0.24411723,2.1796486
2024,14,1115,RACE,george-russell,mercedes,mercedes@2024,6.0,,False,-0.4253553,1.0349032
2024,15,1116,RACE,lando-norris,mclaren,mclaren@2024,1.0,1.0,True,-0.57045776,0.9142383
2024,15,1116,RACE,max-verstappen,red-bull,red-bull@2024,2.0,2.0,True,-0.9659571,1.1605814
2024,15,1116,RACE,charles-leclerc,ferrari,ferrari@2024,6.0,3.0,True,-0.58655053,1.0864964
2024,15,1116,RACE,oscar-piastri,mclaren,mclaren@2024,3.0,4.0,True,-0.36600307,0.9142383
2024,15,1116,RACE,carlos-sainz-jr,ferrari,ferrari@2024,10.0,5.0,True,-0.5018739,1.0864964
2024,15,1116,RACE,sergio-perez,red-bull,red-bull@2024,5.0,6.0,True,-0.2824937,1.1605814
2024,15,1116,RACE,george-russell,mercedes,mercedes@2024,4.0,7.0,True,-0.4253553,1.0349032
2024,15,1116,RACE,lewis-hamilton,mercedes,mercedes@2024,14.0,8.0,True,-0.33233768,1.0349032
2024,15,1116,RACE,pierre-gasly,alpine,alpine@2024,9.0,9.0,True,-0.2667529,1.7644897
2024,15,1116,RACE,fernando-alonso,aston-martin,aston-martin@2024,7.0,10.0,True,-0.40362716,1.4316872
2024,15,1116,RACE,nico-hulkenberg,haas,haas@2024,12.0,11.0,True,-0.1522843,1.5213836
2024,15,1116,RACE,daniel-ricciardo,rb,rb@2024,13.0,12.0,True,0.06556385,1.430086
2024,15,1116,RACE,lance-stroll,aston-martin,aston-martin@2024,8.0,13.0,True,0.20226607,1.4316872
2024,15,1116,RACE,alexander-albon,williams,williams@2024,19.0,14.0,True,-0.19408624,1.6907625
2024,15,1116,RACE,esteban-ocon,alpine,alpine@2024,15.0,15.0,True,-0.020382995,1.7644897
2024,15,1116,RACE,logan-sargeant,williams,williams@2024,18.0,16.0,True,0.48179394,1.6907625
2024,15,1116,RACE,yuki-tsunoda,rb,rb@2024,11.0,17.0,True,-0.04753442,1.430086
2024,15,1116,RACE,kevin-magnussen,haas,haas@2024,21.0,18.0,True,0.23086666,1.5213836
2024,15,1116,RACE,valtteri-bottas,kick-sauber,kick-sauber@2024,16.0,19.0,True,-0.1962949,2.1796486
2024,15,1116,RACE,guanyu-zhou,kick-sauber,kick-sauber@2024,17.0,20.0,True,0.24411723,2.1796486
2024,16,1117,RACE,charles-leclerc,ferrari,ferrari@2024,4.0,1.0,True,-0.58655053,1.0864964
2024,16,1117,RACE,oscar-piastri,mclaren,mclaren@2024,2.0,2.0,True,-0.36600307,0.9142383
2024,16,1117,RACE,lando-norris,mclaren,mclaren@2024,1.0,3.0,True,-0.57045776,0.9142383
2024,16,1117,RACE,carlos-sainz-jr,ferrari,ferrari@2024,5.0,4.0,True,-0.5018739,1.0864964
2024,16,1117,RACE,lewis-hamilton,mercedes,mercedes@2024,6.0,5.0,True,-0.33233768,1.0349032
2024,16,1117,RACE,max-verstappen,red-bull,red-bull@2024,7.0,6.0,True,-0.9659571,1.1605814
2024,16,1117,RACE,george-russell,mercedes,mercedes@2024,3.0,7.0,True,-0.4253553,1.0349032
2024,16,1117,RACE,sergio-perez,red-bull,red-bull@2024,8.0,8.0,True,-0.2824937,1.1605814
2024,16,1117,RACE,alexander-albon,williams,williams@2024,9.0,9.0,True,-0.19408624,1.6907625
2024,16,1117,RACE,kevin-magnussen,haas,haas@2024,13.0,10.0,True,0.23086666,1.5213836
2024,16,1117,RACE,fernando-alonso,aston-martin,aston-martin@2024,11.0,11.0,True,-0.40362716,1.4316872
2024,16,1117,RACE,franco-colapinto,williams,williams@2024,18.0,12.0,True,0.18672827,1.6907625
2024,16,1117,RACE,daniel-ricciardo,rb,rb@2024,12.0,13.0,True,0.06556385,1.430086
2024,16,1117,RACE,esteban-ocon,alpine,alpine@2024,15.0,14.0,True,-0.020382995,1.7644897
2024,16,1117,RACE,pierre-gasly,alpine,alpine@2024,14.0,15.0,True,-0.2667529,1.7644897
2024,16,1117,RACE,valtteri-bottas,kick-sauber,kick-sauber@2024,19.0,16.0,True,-0.1962949,2.1796486
2024,16,1117,RACE,nico-hulkenberg,haas,haas@2024,10.0,17.0,True,-0.1522843,1.5213836
2024,16,1117,RACE,guanyu-zhou,kick-sauber,kick-sauber@2024,20.0,18.0,True,0.24411723,2.1796486
2024,16,1117,RACE,lance-stroll,aston-martin,aston-martin@2024,17.0,19.0,True,0.20226607,1.4316872
2024,16,1117,RACE,yuki-tsunoda,rb,rb@2024,16.0,,False,-0.04753442,1.430086
2024,17,1118,STREET,oscar-piastri,mclaren,mclaren@2024,2.0,1.0,True,-0.36600307,0.9142383
2024,17,1118,STREET,charles-leclerc,ferrari,ferrari@2024,1.0,2.0,True,-0.58655053,1.0864964
2024,17,1118,STREET,george-russell,mercedes,mercedes@2024,5.0,3.0,True,-0.4253553,1.0349032
2024,17,1118,STREET,lando-norris,mclaren,mclaren@2024,15.0,4.0,True,-0.57045776,0.9142383
2024,17,1118,STREET,max-verstappen,red-bull,red-bull@2024,6.0,5.0,True,-0.9659571,1.1605814
2024,17,1118,STREET,fernando-alonso,aston-martin,aston-martin@2024,7.0,6.0,True,-0.40362716,1.4316872
2024,17,1118,STREET,alexander-albon,williams,williams@2024,9.0,7.0,True,-0.19408624,1.6907625
2024,17,1118,STREET,franco-colapinto,williams,williams@2024,8.0,8.0,True,0.18672827,1.6907625
2024,17,1118,STREET,lewis-hamilton,mercedes,mercedes@2024,21.0,9.0,True,-0.33233768,1.0349032
2024,17,1118,STREET,oliver-bearman,haas,haas@2024,10.0,10.0,True,-0.14362265,1.5213836
2024,17,1118,STREET,nico-hulkenberg,haas,haas@2024,12.0,11.0,True,-0.1522843,1.5213836
2024,17,1118,STREET,pierre-gasly,alpine,alpine@2024,18.0,12.0,True,-0.2667529,1.7644897
2024,17,1118,STREET,daniel-ricciardo,rb,rb@2024,14.0,13.0,True,0.06556385,1.430086
2024,17,1118,STREET,guanyu-zhou,kick-sauber,kick-sauber@2024,17.0,14.0,True,0.24411723,2.1796486
2024,17,1118,STREET,esteban-ocon,alpine,alpine@2024,21.0,15.0,True,-0.020382995,1.7644897
2024,17,1118,STREET,valtteri-bottas,kick-sauber,kick-sauber@2024,16.0,16.0,True,-0.1962949,2.1796486
2024,17,1118,STREET,sergio-perez,red-bull,red-bull@2024,4.0,17.0,True,-0.2824937,1.1605814
2024,17,1118,STREET,carlos-sainz-jr,ferrari,ferrari@2024,3.0,18.0,True,-0.5018739,1.0864964
2024,17,1118,STREET,lance-stroll,aston-martin,aston-martin@2024,13.0,19.0,True,0.20226607,1.4316872
2024,17,1118,STREET,yuki-tsunoda,rb,rb@2024,11.0,,False,-0.04753442,1.430086
2024,18,1119,STREET,lando-norris,mclaren,mclaren@2024,1.0,1.0,True,-0.57045776,0.9142383
2024,18,1119,STREET,max-verstappen,red-bull,red-bull@2024,2.0,2.0,True,-0.9659571,1.1605814
2024,18,1119,STREET,oscar-piastri,mclaren,mclaren@2024,5.0,3.0,True,-0.36600307,0.9142383
2024,18,1119,STREET,george-russell,mercedes,mercedes@2024,4.0,4.0,True,-0.4253553,1.0349032
2024,18,1119,STREET,charles-leclerc,ferrari,ferrari@2024,9.0,5.0,True,-0.58655053,1.0864964
2024,18,1119,STREET,lewis-hamilton,mercedes,mercedes@2024,3.0,6.0,True,-0.33233768,1.0349032
2024,18,1119,STREET,carlos-sainz-jr,ferrari,ferrari@2024,10.0,7.0,True,-0.5018739,1.0864964
2024,18,1119,STREET,fernando-alonso,aston-martin,aston-martin@2024,7.0,8.0,True,-0.40362716,1.4316872
2024,18,1119,STREET,nico-hulkenberg,haas,haas@2024,6.0,9.0,True,-0.1522843,1.5213836
2024,18,1119,STREET,sergio-perez,red-bull,red-bull@2024,13.0,10.0,True,-0.2824937,1.1605814
2024,18,1119,STREET,franco-colapinto,williams,williams@2024,12.0,11.0,True,0.18672827,1.6907625
2024,18,1119,STREET,yuki-tsunoda,rb,rb@2024,8.0,12.0,True,-0.04753442,1.430086
2024,18,1119,STREET,esteban-ocon,alpine,alpine@2024,15.0,13.0,True,-0.020382995,1.7644897
2024,18,1119,STREET,lance-stroll,aston-martin,aston-martin@2024,17.0,14.0,True,0.20226607,1.4316872
2024,18,1119,STREET,guanyu-zhou,kick-sauber,kick-sauber@2024,20.0,15.0,True,0.24411723,2.1796486
2024,18,1119,STREET,valtteri-bottas,kick-sauber,kick-sauber@2024,19.0,16.0,True,-0.1962949,2.1796486
2024,18,1119,STREET,pierre-gasly,alpine,alpine@2024,18.0,17.0,True,-0.2667529,1.7644897
2024,18,1119,STREET,daniel-ricciardo,rb,rb@2024,16.0,18.0,True,0.06556385,1.430086
2024,18,1119,STREET,kevin-magnussen,haas,haas@2024,14.0,19.0,True,0.23086666,1.5213836
2024,18,1119,STREET,alexander-albon,williams,williams@2024,11.0,,False,-0.19408624,1.6907625
2024,19,1120,RACE,charles-leclerc,ferrari,ferrari@2024,4.0,1.0,True,-0.58655053,1.0864964
2024,19,1120,RACE,carlos-sainz-jr,ferrari,ferrari@2024,3.0,2.0,True,-0.5018739,1.0864964
2024,19,1120,RACE,max-verstappen,red-bull,red-bull@2024,2.0,3.0,True,-0.9659571,1.1605814
2024,19,1120,RACE,lando-norris,mclaren,mclaren@2024,1.0,4.0,True,-0.57045776,0.9142383
2024,19,1120,RACE,oscar-piastri,mclaren,mclaren@2024,5.0,5.0,True,-0.36600307,0.9142383
2024,19,1120,RACE,george-russell,mercedes,mercedes@2024,21.0,6.0,True,-0.4253553,1.0349032
2024,19,1120,RACE,sergio-perez,red-bull,red-bull@2024,9.0,7.0,True,-0.2824937,1.1605814
2024,19,1120,RACE,nico-hulkenberg,haas,haas@2024,11.0,8.0,True,-0.1522843,1.5213836
2024,19,1120,RACE,liam-lawson,rb,rb@2024,19.0,9.0,True,0.19173855,1.430086
2024,19,1120,RACE,franco-colapinto,williams,williams@2024,15.0,10.0,True,0.18672827,1.6907625
2024,19,1120,RACE,kevin-magnussen,haas,haas@2024,8.0,11.0,True,0.23086666,1.5213836
2024,19,1120,RACE,pierre-gasly,alpine,alpine@2024,6.0,12.0,True,-0.2667529,1.7644897
2024,19,1120,RACE,fernando-alonso,aston-martin,aston-martin@2024,7.0,13.0,True,-0.40362716,1.4316872
2024,19,1120,RACE,yuki-tsunoda,rb,rb@2024,10.0,14.0,True,-0.04753442,1.430086
2024,19,1120,RACE,lance-stroll,aston-martin,aston-martin@2024,13.0,15.0,True,0.20226607,1.4316872
2024,19,1120,RACE,alexander-albon,williams,williams@2024,14.0,16.0,True,-0.19408624,1.6907625
2024,19,1120,RACE,valtteri-bottas,kick-sauber,kick-sauber@2024,16.0,17.0,True,-0.1962949,2.1796486
2024,19,1120,RACE,esteban-ocon,alpine,alpine@2024,12.0,18.0,True,-0.020382995,1.7644897
2024,19,1120,RACE,guanyu-zhou,kick-sauber,kick-sauber@2024,18.0,19.0,True,0.24411723,2.1796486
2024,19,1120,RACE,lewis-hamilton,mercedes,mercedes@2024,17.0,,False,-0.33233768,1.0349032
2024,20,1121,RACE,carlos-sainz-jr,ferrari,ferrari@2024,1.0,1.0,True,-0.5018739,1.0864964
2024,20,1121,RACE,lando-norris,mclaren,mclaren@2024,3.0,2.0,True,-0.57045776,0.9142383
2024,20,1121,RACE,charles-leclerc,ferrari,ferrari@2024,4.0,3.0,True,-0.58655053,1.0864964
2024,20,1121,RACE,lewis-hamilton,mercedes,mercedes@2024,6.0,4.0,True,-0.33233768,1.0349032
2024,20,1121,RACE,george-russell,mercedes,mercedes@2024,5.0,5.0,True,-0.4253553,1.0349032
2024,20,1121,RACE,max-verstappen,red-bull,red-bull@2024,2.0,6.0,True,-0.9659571,1.1605814
2024,20,1121,RACE,kevin-magnussen,haas,haas@2024,7.0,7.0,True,0.23086666,1.5213836
2024,20,1121,RACE,oscar-piastri,mclaren,mclaren@2024,17.0,8.0,True,-0.36600307,0.9142383
2024,20,1121,RACE,nico-hulkenberg,haas,haas@2024,10.0,9.0,True,-0.1522843,1.5213836
2024,20,1121,RACE,pierre-gasly,alpine,alpine@2024,8.0,10.0,True,-0.2667529,1.7644897
2024,20,1121,RACE,lance-stroll,aston-martin,aston-martin@2024,14.0,11.0,True,0.20226607,1.4316872
2024,20,1121,RACE,franco-colapinto,williams,williams@2024,16.0,12.0,True,0.18672827,1.6907625
2024,20,1121,RACE,esteban-ocon,alpine,alpine@2024,21.0,13.0,True,-0.020382995,1.7644897
2024,20,1121,RACE,valtteri-bottas,kick-sauber,kick-sauber@2024,15.0,14.0,True,-0.1962949,2.1796486
2024,20,1121,RACE,guanyu-zhou,kick-sauber,kick-sauber@2024,19.0,15.0,True,0.24411723,2.1796486
2024,20,1121,RACE,liam-lawson,rb,rb@2024,12.0,16.0,True,0.19173855,1.430086
2024,20,1121,RACE,sergio-perez,red-bull,red-bull@2024,18.0,17.0,True,-0.2824937,1.1605814
2024,20,1121,RACE,fernando-alonso,aston-martin,aston-martin@2024,13.0,,False,-0.40362716,1.4316872
2024,20,1121,RACE,alexander-albon,williams,williams@2024,9.0,,False,-0.19408624,1.6907625
2024,20,1121,RACE,yuki-tsunoda,rb,rb@2024,11.0,,False,-0.04753442,1.430086
2024,21,1122,RACE,max-verstappen,red-bull,red-bull@2024,17.0,1.0,True,-0.9659571,1.1605814
2024,21,1122,RACE,esteban-ocon,alpine,alpine@2024,4.0,2.0,True,-0.020382995,1.7644897
2024,21,1122,RACE,pierre-gasly,alpine,alpine@2024,13.0,3.0,True,-0.2667529,1.7644897
2024,21,1122,RACE,george-russell,mercedes,mercedes@2024,2.0,4.0,True,-0.4253553,1.0349032
2024,21,1122,RACE,charles-leclerc,ferrari,ferrari@2024,6.0,5.0,True,-0.58655053,1.0864964
2024,21,1122,RACE,lando-norris,mclaren,mclaren@2024,1.0,6.0,True,-0.57045776,0.9142383
2024,21,1122,RACE,yuki-tsunoda,rb,rb@2024,3.0,7.0,True,-0.04753442,1.430086
2024,21,1122,RACE,oscar-piastri,mclaren,mclaren@2024,8.0,8.0,True,-0.36600307,0.9142383
2024,21,1122,RACE,liam-lawson,rb,rb@2024,5.0,9.0,True,0.19173855,1.430086
2024,21,1122,RACE,lewis-hamilton,mercedes,mercedes@2024,14.0,10.0,True,-0.33233768,1.0349032
2024,21,1122,RACE,sergio-perez,red-bull,red-bull@2024,12.0,11.0,True,-0.2824937,1.1605814
2024,21,1122,RACE,oliver-bearman,haas,haas@2024,15.0,12.0,True,-0.14362265,1.5213836
2024,21,1122,RACE,valtteri-bottas,kick-sauber,kick-sauber@2024,11.0,13.0,True,-0.1962949,2.1796486
2024,21,1122,RACE,fernando-alonso,aston-martin,aston-martin@2024,9.0,14.0,True,-0.40362716,1.4316872
2024,21,1122,RACE,guanyu-zhou,kick-sauber,kick-sauber@2024,19.0,15.0,True,0.24411723,2.1796486
2024,21,1122,RACE,carlos-sainz-jr,ferrari,ferrari@2024,21.0,,False,-0.5018739,1.0864964
2024,21,1122,RACE,franco-colapinto,williams,williams@2024,16.0,,False,0.18672827,1.6907625
2024,21,1122,RACE,nico-hulkenberg,haas,haas@2024,18.0,,False,-0.1522843,1.5213836
2024,22,1123,STREET,george-russell,mercedes,mercedes@2024,1.0,1.0,True,-0.4253553,1.0349032
2024,22,1123,STREET,lewis-hamilton,mercedes,mercedes@2024,10.0,2.0,True,-0.33233768,1.0349032
2024,22,1123,STREET,carlos-sainz-jr,ferrari,ferrari@2024,2.0,3.0,True,-0.5018739,1.0864964
2024,22,1123,STREET,charles-leclerc,ferrari,ferrari@2024,4.0,4.0,True,-0.58655053,1.0864964
2024,22,1123,STREET,max-verstappen,red-bull,red-bull@2024,5.0,5.0,True,-0.9659571,1.1605814
2024,22,1123,STREET,lando-norris,mclaren,mclaren@2024,6.0,6.0,True,-0.57045776,0.9142383
2024,22,1123,STREET,oscar-piastri,mclaren,mclaren@2024,8.0,7.0,True,-0.36600307,0.9142383
2024,22,1123,STREET,nico-hulkenberg,haas,haas@2024,9.0,8.0,True,-0.1522843,1.5213836
2024,22,1123,STREET,yuki-tsunoda,rb,rb@2024,7.0,9.0,True,-0.04753442,1.430086
2024,22,1123,STREET,sergio-perez,red-bull,red-bull@2024,15.0,10.0,True,-0.2824937,1.1605814
2024,22,1123,STREET,fernando-alonso,aston-martin,aston-martin@2024,16.0,11.0,True,-0.40362716,1.4316872
2024,22,1123,STREET,kevin-magnussen,haas,haas@2024,12.0,12.0,True,0.23086666,1.5213836
2024,22,1123,STREET,guanyu-zhou,kick-sauber,kick-sauber@2024,13.0,13.0,True,0.24411723,2.1796486
2024,22,1123,STREET,franco-colapinto,williams,williams@2024,21.0,14.0,True,0.18672827,1.6907625
2024,22,1123,STREET,lance-stroll,aston-martin,aston-martin@2024,18.0,15.0,True,0.20226607,1.4316872
2024,22,1123,STREET,liam-lawson,rb,rb@2024,14.0,16.0,True,0.19173855,1.430086
2024,22,1123,STREET,esteban-ocon,alpine,alpine@2024,11.0,17.0,True,-0.020382995,1.7644897
2024,22,1123,STREET,valtteri-bottas,kick-sauber,kick-sauber@2024,19.0,18.0,True,-0.1962949,2.1796486
2024,22,1123,STREET,alexander-albon,williams,williams@2024,17.0,,False,-0.19408624,1.6907625
2024,22,1123,STREET,pierre-gasly,alpine,alpine@2024,3.0,,False,-0.2667529,1.7644897
2024,23,1124,RACE,max-verstappen,red-bull,red-bull@2024,2.0,1.0,True,-0.9659571,1.1605814
2024,23,1124,RACE,charles-leclerc,ferrari,ferrari@2024,5.0,2.0,True,-0.58655053,1.0864964
2024,23,1124,RACE,oscar-piastri,mclaren,mclaren@2024,4.0,3.0,True,-0.36600307,0.9142383
2024,23,1124,RACE,george-russell,mercedes,mercedes@2024,1.0,4.0,True,-0.4253553,1.0349032
2024,23,1124,RACE,pierre-gasly,alpine,alpine@2024,11.0,5.0,True,-0.2667529,1.7644897
2024,23,1124,RACE,carlos-sainz-jr,ferrari,ferrari@2024,7.0,6.0,True,-0.5018739,1.0864964
2024,23,1124,RACE,fernando-alonso,aston-martin,aston-martin@2024,8.0,7.0,True,-0.40362716,1.4316872
2024,23,1124,RACE,guanyu-zhou,kick-sauber,kick-sauber@2024,12.0,8.0,True,0.24411723,2.1796486
2024,23,1124,RACE,kevin-magnussen,haas,haas@2024,10.0,9.0,True,0.23086666,1.5213836
2024,23,1124,RACE,lando-norris,mclaren,mclaren@2024,3.0,10.0,True,-0.57045776,0.9142383
2024,23,1124,RACE,valtteri-bottas,kick-sauber,kick-sauber@2024,13.0,11.0,True,-0.1962949,2.1796486
2024,23,1124,RACE,lewis-hamilton,mercedes,mercedes@2024,6.0,12.0,True,-0.33233768,1.0349032
2024,23,1124,RACE,yuki-tsunoda,rb,rb@2024,14.0,13.0,True,-0.04753442,1.430086
2024,23,1124,RACE,liam-lawson,rb,rb@2024,17.0,14.0,True,0.19173855,1.430086
2024,23,1124,RACE,alexander-albon,williams,williams@2024,16.0,15.0,True,-0.19408624,1.6907625
2024,23,1124,RACE,nico-hulkenberg,haas,haas@2024,18.0,,False,-0.1522843,1.5213836
2024,23,1124,RACE,sergio-perez,red-bull,red-bull@2024,9.0,,False,-0.2824937,1.1605814
2024,23,1124,RACE,lance-stroll,aston-martin,aston-martin@2024,15.0,,False,0.20226607,1.4316872
2024,23,1124,RACE,franco-colapinto,williams,williams@2024,19.0,,False,0.18672827,1.6907625
2024,23,1124,RACE,esteban-ocon,alpine,alpine@2024,20.0,,False,-0.020382995,1.7644897
2024,24,1125,RACE,lando-norris,mclaren,mclaren@2024,1.0,1.0,True,-0.57045776,0.9142383
2024,24,1125,RACE,carlos-sainz-jr,ferrari,ferrari@2024,3.0,2.0,True,-0.5018739,1.0864964
2024,24,1125,RACE,charles-leclerc,ferrari,ferrari@2024,19.0,3.0,True,-0.58655053,1.0864964
2024,24,1125,RACE,lewis-hamilton,mercedes,mercedes@2024,16.0,4.0,True,-0.33233768,1.0349032
2024,24,1125,RACE,george-russell,mercedes,mercedes@2024,6.0,5.0,True,-0.4253553,1.0349032
2024,24,1125,RACE,max-verstappen,red-bull,red-bull@2024,4.0,6.0,True,-0.9659571,1.1605814
2024,24,1125,RACE,pierre-gasly,alpine,alpine@2024,5.0,7.0,True,-0.2667529,1.7644897
2024,24,1125,RACE,nico-hulkenberg,haas,haas@2024,7.0,8.0,True,-0.1522843,1.5213836
2024,24,1125,RACE,fernando-alonso,aston-martin,aston-martin@2024,8.0,9.0,True,-0.40362716,1.4316872
2024,24,1125,RACE,oscar-piastri,mclaren,mclaren@2024,2.0,10.0,True,-0.36600307,0.9142383
2024,24,1125,RACE,alexander-albon,williams,williams@2024,18.0,11.0,True,-0.19408624,1.6907625
2024,24,1125,RACE,yuki-tsunoda,rb,rb@2024,11.0,12.0,True,-0.04753442,1.430086
2024,24,1125,RACE,guanyu-zhou,kick-sauber,kick-sauber@2024,15.0,13.0,True,0.24411723,2.1796486
2024,24,1125,RACE,lance-stroll,aston-martin,aston-martin@2024,13.0,14.0,True,0.20226607,1.4316872
2024,24,1125,RACE,jack-doohan,alpine,alpine@2024,17.0,15.0,True,-0.041217964,1.7644897
2024,24,1125,RACE,kevin-magnussen,haas,haas@2024,14.0,16.0,True,0.23086666,1.5213836
2024,24,1125,RACE,liam-lawson,rb,rb@2024,12.0,17.0,True,0.19173855,1.430086
2024,24,1125,RACE,valtteri-bottas,kick-sauber,kick-sauber@2024,9.0,,False,-0.1962949,2.1796486
2024,24,1125,RACE,franco-colapinto,williams,williams@2024,20.0,,False,0.18672827,1.6907625
2024,24,1125,RACE,sergio-perez,red-bull,red-bull@2024,10.0,,False,-0.2824937,1.1605814
2025,1,1126,STREET,lando-norris,mclaren,mclaren@2025,1.0,1.0,True,-0.5380594,0.6696423
2025,1,1126,STREET,max-verstappen,red-bull,red-bull@2025,3.0,2.0,True,-1.0146251,1.3593341
2025,1,1126,STREET,george-russell,mercedes,mercedes@2025,4.0,3.0,True,-0.43206987,0.84557253
2025,1,1126,STREET,kimi-antonelli,mercedes,mercedes@2025,16.0,4.0,True,-0.11220446,0.84557253
2025,1,1126,STREET,alexander-albon,williams,williams@2025,6.0,5.0,True,-0.20742597,1.487691
2025,1,1126,STREET,lance-stroll,aston-martin,aston-martin@2025,13.0,6.0,True,0.23555966,1.5899465
2025,1,1126,STREET,nico-hulkenberg,kick-sauber,kick-sauber@2025,17.0,7.0,True,-0.14220457,1.856274
2025,1,1126,STREET,charles-leclerc,ferrari,ferrari@2025,7.0,8.0,True,-0.5906597,1.1802008
2025,1,1126,STREET,oscar-piastri,mclaren,mclaren@2025,2.0,9.0,True,-0.41608033,0.6696423
2025,1,1126,STREET,lewis-hamilton,ferrari,ferrari@2025,8.0,10.0,True,-0.33977053,1.1802008
2025,1,1126,STREET,pierre-gasly,alpine,alpine@2025,9.0,11.0,True,-0.2994297,1.695354
2025,1,1126,STREET,yuki-tsunoda,racing-bulls,racing-bulls@2025,5.0,12.0,True,-0.066154785,1.0509859
2025,1,1126,STREET,esteban-ocon,haas,haas@2025,19.0,13.0,True,0.026754865,1.6651124
2025,1,1126,STREET,oliver-bearman,haas,haas@2025,21.0,14.0,True,-0.19136234,1.6651124
2025,1,1126,STREET,liam-lawson,red-bull,red-bull@2025,21.0,,False,0.23860592,1.3593341
2025,1,1126,STREET,gabriel-bortoleto,kick-sauber,kick-sauber@2025,15.0,,False,-0.15418129,1.856274
2025,1,1126,STREET,fernando-alonso,aston-martin,aston-martin@2025,12.0,,False,-0.4414754,1.5899465
2025,1,1126,STREET,carlos-sainz-jr,williams,williams@2025,10.0,,False,-0.49597552,1.487691
2025,1,1126,STREET,jack-doohan,alpine,alpine@2025,14.0,,False,-0.05117169,1.695354
2025,1,1126,STREET,isack-hadjar,racing-bulls,racing-bulls@2025,11.0,,False,-0.02482833,1.0509859
2025,2,1127,RACE,oscar-piastri,mclaren,mclaren@2025,1.0,1.0,True,-0.41608033,0.6696423
2025,2,1127,RACE,lando-norris,mclaren,mclaren@2025,3.0,2.0,True,-0.5380594,0.6696423
2025,2,1127,RACE,george-russell,mercedes,mercedes@2025,2.0,3.0,True,-0.43206987,0.84557253
2025,2,1127,RACE,max-verstappen,red-bull,red-bull@2025,4.0,4.0,True,-1.0146251,1.3593341
2025,2,1127,RACE,esteban-ocon,haas,haas@2025,11.0,5.0,True,0.026754865,1.6651124
2025,2,1127,RACE,kimi-antonelli,mercedes,mercedes@2025,8.0,6.0,True,-0.11220446,0.84557253
2025,2,1127,RACE,alexander-albon,williams,williams@2025,10.0,7.0,True,-0.20742597,1.487691
2025,2,1127,RACE,oliver-bearman,haas,haas@2025,17.0,8.0,True,-0.19136234,1.6651124
2025,2,1127,RACE,lance-stroll,aston-martin,aston-martin@2025,14.0,9.0,True,0.23555966,1.5899465
2025,2,1127,RACE,carlos-sainz-jr,williams,williams@2025,15.0,10.0,True,-0.49597552,1.487691
2025,2,1127,RACE,isack-hadjar,racing-bulls,racing-bulls@2025,7.0,11.0,True,-0.02482833,1.0509859
2025,2,1127,RACE,liam-lawson,red-bull,red-bull@2025,21.0,12.0,True,0.23860592,1.3593341
2025,2,1127,RACE,jack-doohan,alpine,alpine@2025,18.0,13.0,True,-0.05117169,1.695354
2025,2,1127,RACE,gabriel-bortoleto,kick-sauber,kick-sauber@2025,19.0,14.0,True,-0.15418129,1.856274
2025,2,1127,RACE,nico-hulkenberg,kick-sauber,kick-sauber@2025,12.0,15.0,True,-0.14220457,1.856274
2025,2,1127,RACE,yuki-tsunoda,racing-bulls,racing-bulls@2025,9.0,16.0,True,-0.066154785,1.0509859
2025,2,1127,RACE,fernando-alonso,aston-martin,aston-martin@2025,13.0,,False,-0.4414754,1.5899465
2025,2,1127,RACE,charles-leclerc,ferrari,ferrari@2025,6.0,,False,-0.5906597,1.1802008
2025,2,1127,RACE,lewis-hamilton,ferrari,ferrari@2025,5.0,,False,-0.33977053,1.1802008
2025,2,1127,RACE,pierre-gasly,alpine,alpine@2025,16.0,,False,-0.2994297,1.695354
2025,3,1128,RACE,max-verstappen,red-bull,red-bull@2025,1.0,1.0,True,-1.0146251,1.3593341
2025,3,1128,RACE,lando-norris,mclaren,mclaren@2025,2.0,2.0,True,-0.5380594,0.6696423
2025,3,1128,RACE,oscar-piastri,mclaren,mclaren@2025,3.0,3.0,True,-0.41608033,0.6696423
2025,3,1128,RACE,charles-leclerc,ferrari,ferrari@2025,4.0,4.0,True,-0.5906597,1.1802008
2025,3,1128,RACE,george-russell,mercedes,mercedes@2025,5.0,5.0,True,-0.43206987,0.84557253
2025,3,1128,RACE,kimi-antonelli,mercedes,mercedes@2025,6.0,6.0,True,-0.11220446,0.84557253
2025,3,1128,RACE,lewis-hamilton,ferrari,ferrari@2025,8.0,7.0,True,-0.33977053,1.1802008
2025,3,1128,RACE,isack-hadjar,racing-bulls,racing-bulls@2025,7.0,8.0,True,-0.02482833,1.0509859
2025,3,1128,RACE,alexander-albon,williams,williams@2025,9.0,9.0,True,-0.20742597,1.487691
2025,3,1128,RACE,oliver-bearman,haas,haas@2025,10.0,10.0,True,-0.19136234,1.6651124
2025,3,1128,RACE,fernando-alonso,aston-martin,aston-martin@2025,12.0,11.0,True,-0.4414754,1.5899465
2025,3,1128,RACE,yuki-tsunoda,red-bull,red-bull@2025,14.0,12.0,True,-0.066154785,1.3593341
2025,3,1128,RACE,pierre-gasly,alpine,alpine@2025,11.0,13.0,True,-0.2994297,1.695354
2025,3,1128,RACE,carlos-sainz-jr,williams,williams@2025,15.0,14.0,True,-0.49597552,1.487691
2025,3,1128,RACE,jack-doohan,alpine,alpine@2025,19.0,15.0,True,-0.05117169,1.695354
2025,3,1128,RACE,nico-hulkenberg,kick-sauber,kick-sauber@2025,16.0,16.0,True,-0.14220457,1.856274
2025,3,1128,RACE,liam-lawson,racing-bulls,racing-bulls@2025,13.0,17.0,True,0.23860592,1.0509859
2025,3,1128,RACE,esteban-ocon,haas,haas@2025,18.0,18.0,True,0.026754865,1.6651124
2025,3,1128,RACE,gabriel-bortoleto,kick-sauber,kick-sauber@2025,17.0,19.0,True,-0.15418129,1.856274
2025,3,1128,RACE,lance-stroll,aston-martin,aston-martin@2025,20.0,20.0,True,0.23555966,1.5899465
2025,4,1129,RACE,oscar-piastri,mclaren,mclaren@2025,1.0,1.0,True,-0.41608033,0.6696423
2025,4,1129,RACE,george-russell,mercedes,mercedes@2025,3.0,2.0,True,-0.43206987,0.84557253
2025,4,1129,RACE,lando-norris,mclaren,mclaren@2025,6.0,3.0,True,-0.5380594,0.6696423
2025,4,1129,RACE,charles-leclerc,ferrari,ferrari@2025,2.0,4.0,True,-0.5906597,1.1802008
2025,4,1129,RACE,lewis-hamilton,ferrari,ferrari@2025,9.0,5.0,True,-0.33977053,1.1802008
2025,4,1129,RACE,max-verstappen,red-bull,red-bull@2025,7.0,6.0,True,-1.0146251,1.3593341
2025,4,1129,RACE,pierre-gasly,alpine,alpine@2025,4.0,7.0,True,-0.2994297,1.695354
2025,4,1129,RACE,esteban-ocon,haas,haas@2025,14.0,8.0,True,0.026754865,1.6651124
2025,4,1129,RACE,yuki-tsunoda,red-bull,red-bull@2025,10.0,9.0,True,-0.066154785,1.3593341
2025,4,1129,RACE,oliver-bearman,haas,haas@2025,20.0,10.0,True,-0.19136234,1.6651124
2025,4,1129,RACE,kimi-antonelli,mercedes,mercedes@2025,5.0,11.0,True,-0.11220446,0.84557253
2025,4,1129,RACE,alexander-albon,williams,williams@2025,15.0,12.0,True,-0.20742597,1.487691
2025,4,1129,RACE,isack-hadjar,racing-bulls,racing-bulls@2025,12.0,13.0,True,-0.02482833,1.0509859
2025,4,1129,RACE,jack-doohan,alpine,alpine@2025,11.0,14.0,True,-0.05117169,1.695354
2025,4,1129,RACE,fernando-alonso,aston-martin,aston-martin@2025,13.0,15.0,True,-0.4414754,1.5899465
2025,4,1129,RACE,liam-lawson,racing-bulls,racing-bulls@2025,17.0,16.0,True,0.23860592,1.0509859
2025,4,1129,RACE,lance-stroll,aston-martin,aston-martin@2025,19.0,17.0,True,0.23555966,1.5899465
2025,4,1129,RACE,gabriel-bortoleto,kick-sauber,kick-sauber@2025,18.0,18.0,True,-0.15418129,1.856274
2025,4,1129,RACE,carlos-sainz-jr,williams,williams@2025,8.0,,False,-0.49597552,1.487691
2025,4,1129,RACE,nico-hulkenberg,kick-sauber,kick-sauber@2025,16.0,,False,-0.14220457,1.856274
2025,5,1130,STREET,oscar-piastri,mclaren,mclaren@2025,2.0,1.0,True,-0.41608033,0.6696423
2025,5,1130,STREET,max-verstappen,red-bull,red-bull@2025,1.0,2.0,True,-1.0146251,1.3593341
2025,5,1130,STREET,charles-leclerc,ferrari,ferrari@2025,4.0,3.0,True,-0.5906597,1.1802008
2025,5,1130,STREET,lando-norris,mclaren,mclaren@2025,10.0,4.0,True,-0.5380594,0.6696423
2025,5,1130,STREET,george-russell,mercedes,mercedes@2025,3.0,5.0,True,-0.43206987,0.84557253
2025,5,1130,STREET,kimi-antonelli,mercedes,mercedes@2025,5.0,6.0,True,-0.11220446,0.84557253
2025,5,1130,STREET,lewis-hamilton,ferrari,ferrari@2025,7.0,7.0,True,-0.33977053,1.1802008
2025,5,1130,STREET,carlos-sainz-jr,williams,williams@2025,6.0,8.0,True,-0.49597552,1.487691
2025,5,1130,STREET,alexander-albon,williams,williams@2025,11.0,9.0,True,-0.20742597,1.487691
2025,5,1130,STREET,isack-hadjar,racing-bulls,racing-bulls@2025,14.0,10.0,True,-0.02482833,1.0509859
2025,5,1130,STREET,fernando-alonso,aston-martin,aston-martin@2025,13.0,11.0,True,-0.4414754,1.5899465
2025,5,1130,STREET,liam-lawson,racing-bulls,racing-bulls@2025,12.0,12.0,True,0.23860592,1.0509859
2025,5,1130,STREET,oliver-bearman,haas,haas@2025,15.0,13.0,True,-0.19136234,1.6651124
2025,5,1130,STREET,esteban-ocon,haas,haas@2025,19.0,14.0,True,0.026754865,1.6651124
2025,5,1130,STREET,nico-hulkenberg,kick-sauber,kick-sauber@2025,18.0,15.0,True,-0.14220457,1.856274
2025,5,1130,STREET,lance-stroll,aston-martin,aston-martin@2025,16.0,16.0,True,0.23555966,1.5899465
2025,5,1130,STREET,jack-doohan,alpine,alpine@2025,17.0,17.0,True,-0.05117169,1.695354
2025,5,1130,STREET,gabriel-bortoleto,kick-sauber,kick-sauber@2025,20.0,18.0,True,-0.15418129,1.856274
2025,5,1130,STREET,yuki-tsunoda,red-bull,red-bull@2025,8.0,,False,-0.066154785,1.3593341
2025,5,1130,STREET,pierre-gasly,alpine,alpine@2025,9.0,,False,-0.2994297,1.695354
2025,6,1131,STREET,oscar-piastri,mclaren,mclaren@2025,4.0,1.0,True,-0.41608033,0.6696423
2025,6,1131,STREET,lando-norris,mclaren,mclaren@2025,2.0,2.0,True,-0.5380594,0.6696423
2025,6,1131,STREET,george-russell,mercedes,mercedes@2025,5.0,3.0,True,-0.43206987,0.84557253
2025,6,1131,STREET,max-verstappen,red-bull,red-bull@2025,1.0,4.0,True,-1.0146251,1.3593341
2025,6,1131,STREET,alexander-albon,williams,williams@2025,7.0,5.0,True,-0.20742597,1.487691
2025,6,1131,STREET,kimi-antonelli,mercedes,mercedes@2025,3.0,6.0,True,-0.11220446,0.84557253
2025,6,1131,STREET,charles-leclerc,ferrari,ferrari@2025,8.0,7.0,True,-0.5906597,1.1802008
2025,6,1131,STREET,lewis-hamilton,ferrari,ferrari@2025,12.0,8.0,True,-0.33977053,1.1802008
2025,6,1131,STREET,carlos-sainz-jr,williams,williams@2025,6.0,9.0,True,-0.49597552,1.487691
2025,6,1131,STREET,yuki-tsunoda,red-bull,red-bull@2025,10.0,10.0,True,-0.066154785,1.3593341
2025,6,1131,STREET,isack-hadjar,racing-bulls,racing-bulls@2025,11.0,11.0,True,-0.02482833,1.0509859
2025,6,1131,STREET,esteban-ocon,haas,haas@2025,9.0,12.0,True,0.026754865,1.6651124
2025,6,1131,STREET,pierre-gasly,alpine,alpine@2025,21.0,13.0,True,-0.2994297,1.695354
2025,6,1131,STREET,nico-hulkenberg,kick-sauber,kick-sauber@2025,16.0,14.0,True,-0.14220457,1.856274
2025,6,1131,STREET,fernando-alonso,aston-martin,aston-martin@2025,17.0,15.0,True,-0.4414754,1.5899465
2025,6,1131,STREET,lance-stroll,aston-martin,aston-martin@2025,18.0,16.0,True,0.23555966,1.5899465
2025,6,1131,STREET,liam-lawson,racing-bulls,racing-bulls@2025,15.0,,False,0.23860592,1.0509859
2025,6,1131,STREET,gabriel-bortoleto,kick-sauber,kick-sauber@2025,13.0,,False,-0.15418129,1.856274
2025,6,1131,STREET,oliver-bearman,haas,haas@2025,19.0,,False,-0.19136234,1.6651124
2025,6,1131,STREET,jack-doohan,alpine,alpine@2025,14.0,,False,-0.05117169,1.695354
2025,7,1132,RACE,max-verstappen,red-bull,red-bull@2025,2.0,1.0,True,-1.0146251,1.3593341
2025,7,1132,RACE,lando-norris,mclaren,mclaren@2025,4.0,2.0,True,-0.5380594,0.6696423
2025,7,1132,RACE,oscar-piastri,mclaren,mclaren@2025,1.0,3.0,True,-0.41608033,0.6696423
2025,7,1132,RACE,lewis-hamilton,ferrari,ferrari@2025,12.0,4.0,True,-0.33977053,1.1802008
2025,7,1132,RACE,alexander-albon,williams,williams@2025,7.0,5.0,True,-0.20742597,1.487691
2025,7,1132,RACE,charles-leclerc,ferrari,ferrari@2025,11.0,6.0,True,-0.5906597,1.1802008
2025,7,1132,RACE,george-russell,mercedes,mercedes@2025,3.0,7.0,True,-0.43206987,0.84557253
2025,7,1132,RACE,carlos-sainz-jr,williams,williams@2025,6.0,8.0,True,-0.49597552,1.487691
2025,7,1132,RACE,isack-hadjar,racing-bulls,racing-bulls@2025,9.0,9.0,True,-0.02482833,1.0509859
2025,7,1132,RACE,yuki-tsunoda,red-bull,red-bull@2025,21.0,10.0,True,-0.066154785,1.3593341
2025,7,1132,RACE,fernando-alonso,aston-martin,aston-martin@2025,5.0,11.0,True,-0.4414754,1.5899465
2025,7,1132,RACE,nico-hulkenberg,kick-sauber,kick-sauber@2025,17.0,12.0,True,-0.14220457,1.856274
2025,7,1132,RACE,pierre-gasly,alpine,alpine@2025,10.0,13.0,True,-0.2994297,1.695354
2025,7,1132,RACE,liam-lawson,racing-bulls,racing-bulls@2025,15.0,14.0,True,0.23860592,1.0509859
2025,7,1132,RACE,lance-stroll,aston-martin,aston-martin@2025,8.0,15.0,True,0.23555966,1.5899465
2025,7,1132,RACE,franco-colapinto,alpine,alpine@2025,16.0,16.0,True,0.22676034,1.695354
2025,7,1132,RACE,oliver-bearman,haas,haas@2025,19.0,17.0,True,-0.19136234,1.6651124
2025,7,1132,RACE,gabriel-bortoleto,kick-sauber,kick-sauber@2025,14.0,18.0,True,-0.15418129,1.856274
2025,7,1132,RACE,kimi-antonelli,mercedes,mercedes@2025,13.0,,False,-0.11220446,0.84557253
2025,7,1132,RACE,esteban-ocon,haas,haas@2025,18.0,,False,0.026754865,1.6651124
2025,8,1133,STREET,lando-norris,mclaren,mclaren@2025,1.0,1.0,True,-0.5380594,0.6696423
2025,8,1133,STREET,charles-leclerc,ferrari,ferrari@2025,2.0,2.0,True,-0.5906597,1.1802008
2025,8,1133,STREET,oscar-piastri,mclaren,mclaren@2025,3.0,3.0,True,-0.41608033,0.6696423
2025,8,1133,STREET,max-verstappen,red-bull,red-bull@2025,4.0,4.0,True,-1.0146251,1.3593341
2025,8,1133,STREET,lewis-hamilton,ferrari,ferrari@2025,7.0,5.0,True,-0.33977053,1.1802008
2025,8,1133,STREET,isack-hadjar,racing-bulls,racing-bulls@2025,5.0,6.0,True,-0.02482833,1.0509859
2025,8,1133,STREET,esteban-ocon,haas,haas@2025,8.0,7.0,True,0.026754865,1.6651124
2025,8,1133,STREET,liam-lawson,racing-bulls,racing-bulls@2025,9.0,8.0,True,0.23860592,1.0509859
2025,8,1133,STREET,alexander-albon,williams,williams@2025,10.0,9.0,True,-0.20742597,1.487691
2025,8,1133,STREET,carlos-sainz-jr,williams,williams@2025,11.0,10.0,True,-0.49597552,1.487691
2025,8,1133,STREET,george-russell,mercedes,mercedes@2025,14.0,11.0,True,-0.43206987,0.84557253
2025,8,1133,STREET,oliver-bearman,haas,haas@2025,20.0,12.0,True,-0.19136234,1.6651124
2025,8,1133,STREET,franco-colapinto,alpine,alpine@2025,18.0,13.0,True,0.22676034,1.695354
2025,8,1133,STREET,gabriel-bortoleto,kick-sauber,kick-sauber@2025,16.0,14.0,True,-0.15418129,1.856274
2025,8,1133,STREET,lance-stroll,aston-martin,aston-martin@2025,19.0,15.0,True,0.23555966,1.5899465
2025,8,1133,STREET,nico-hulkenberg,kick-sauber,kick-sauber@2025,13.0,16.0,True,-0.14220457,1.856274
2025,8,1133,STREET,yuki-tsunoda,red-bull,red-bull@2025,12.0,17.0,True,-0.066154785,1.3593341
2025,8,1133,STREET,kimi-antonelli,mercedes,mercedes@2025,15.0,18.0,True,-0.11220446,0.84557253
2025,8,1133,STREET,fernando-alonso,aston-martin,aston-martin@2025,6.0,,False,-0.4414754,1.5899465
2025,8,1133,STREET,pierre-gasly,alpine,alpine@2025,17.0,,False,-0.2994297,1.695354
2025,9,1134,RACE,oscar-piastri,mclaren,mclaren@2025,1.0,1.0,True,-0.41608033,0.6696423
2025,9,1134,RACE,lando-norris,mclaren,mclaren@2025,2.0,2.0,True,-0.5380594,0.6696423
2025,9,1134,RACE,charles-leclerc,ferrari,ferrari@2025,7.0,3.0,True,-0.5906597,1.1802008
2025,9,1134,RACE,george-russell,mercedes,mercedes@2025,4.0,4.0,True,-0.43206987,0.84557253
2025,9,1134,RACE,nico-hulkenberg,kick-sauber,kick-sauber@2025,15.0,5.0,True,-0.14220457,1.856274
2025,9,1134,RACE,lewis-hamilton,ferrari,ferrari@2025,5.0,6.0,True,-0.33977053,1.1802008
2025,9,1134,RACE,isack-hadjar,racing-bulls,racing-bulls@2025,9.0,7.0,True,-0.02482833,1.0509859
2025,9,1134,RACE,pierre-gasly,alpine,alpine@2025,8.0,8.0,True,-0.2994297,1.695354
2025,9,1134,RACE,fernando-alonso,aston-martin,aston-martin@2025,10.0,9.0,True,-0.4414754,1.5899465
2025,9,1134,RACE,max-verstappen,red-bull,red-bull@2025,3.0,10.0,True,-1.0146251,1.3593341
2025,9,1134,RACE,liam-lawson,racing-bulls,racing-bulls@2025,13.0,11.0,True,0.23860592,1.0509859
2025,9,1134,RACE,gabriel-bortoleto,kick-sauber,kick-sauber@2025,12.0,12.0,True,-0.15418129,1.856274
2025,9,1134,RACE,yuki-tsunoda,red-bull,red-bull@2025,21.0,13.0,True,-0.066154785,1.3593341
2025,9,1134,RACE,carlos-sainz-jr,williams,williams@2025,17.0,14.0,True,-0.49597552,1.487691
2025,9,1134,RACE,franco-colapinto,alpine,alpine@2025,18.0,15.0,True,0.22676034,1.695354
2025,9,1134,RACE,esteban-ocon,haas,haas@2025,16.0,16.0,True,0.026754865,1.6651124
2025,9,1134,RACE,oliver-bearman,haas,haas@2025,14.0,17.0,True,-0.19136234,1.6651124
2025,9,1134,RACE,kimi-antonelli,mercedes,mercedes@2025,6.0,,False,-0.11220446,0.84557253
2025,9,1134,RACE,alexander-albon,williams,williams@2025,11.0,,False,-0.20742597,1.487691
2025,10,1135,STREET,george-russell,mercedes,mercedes@2025,1.0,1.0,True,-0.43206987,0.84557253
2025,10,1135,STREET,max-verstappen,red-bull,red-bull@2025,2.0,2.0,True,-1.0146251,1.3593341
2025,10,1135,STREET,kimi-antonelli,mercedes,mercedes@2025,4.0,3.0,True,-0.11220446,0.84557253
2025,10,1135,STREET,oscar-piastri,mclaren,mclaren@2025,3.0,4.0,True,-0.41608033,0.6696423
2025,10,1135,STREET,charles-leclerc,ferrari,ferrari@2025,8.0,5.0,True,-0.5906597,1.1802008
2025,10,1135,STREET,lewis-hamilton,ferrari,ferrari@2025,5.0,6.0,True,-0.33977053,1.1802008
2025,10,1135,STREET,fernando-alonso,aston-martin,aston-martin@2025,6.0,7.0,True,-0.4414754,1.5899465
2025,10,1135,STREET,nico-hulkenberg,kick-sauber,kick-sauber@2025,11.0,8.0,True,-0.14220457,1.856274
2025,10,1135,STREET,esteban-ocon,haas,haas@2025,14.0,9.0,True,0.026754865,1.6651124
2025,10,1135,STREET,carlos-sainz-jr,williams,williams@2025,16.0,10.0,True,-0.49597552,1.487691
2025,10,1135,STREET,oliver-bearman,haas,haas@2025,13.0,11.0,True,-0.19136234,1.6651124
2025,10,1135,STREET,yuki-tsunoda,red-bull,red-bull@2025,18.0,12.0,True,-0.066154785,1.3593341
2025,10,1135,STREET,franco-colapinto,alpine,alpine@2025,10.0,13.0,True,0.22676034,1.695354
2025,10,1135,STREET,gabriel-bortoleto,kick-sauber,kick-sauber@2025,15.0,14.0,True,-0.15418129,1.856274
2025,10,1135,STREET,pierre-gasly,alpine,alpine@2025,21.0,15.0,True,-0.2994297,1.695354
2025,10,1135,STREET,isack-hadjar,racing-bulls,racing-bulls@2025,12.0,16.0,True,-0.02482833,1.0509859
2025,10,1135,STREET,lance-stroll,aston-martin,aston-martin@2025,17.0,17.0,True,0.23555966,1.5899465
2025,10,1135,STREET,lando-norris,mclaren,mclaren@2025,7.0,18.0,True,-0.5380594,0.6696423
2025,10,1135,STREET,liam-lawson,racing-bulls,racing-bulls@2025,21.0,,False,0.23860592,1.0509859
2025,10,1135,STREET,alexander-albon,williams,williams@2025,9.0,,False,-0.20742597,1.487691
2025,11,1136,RACE,lando-norris,mclaren,mclaren@2025,1.0,1.0,True,-0.5380594,0.6696423
2025,11,1136,RACE,oscar-piastri,mclaren,mclaren@2025,3.0,2.0,True,-0.41608033,0.6696423
2025,11,1136,RACE,charles-leclerc,ferrari,ferrari@2025,2.0,3.0,True,-0.5906597,1.1802008
2025,11,1136,RACE,lewis-hamilton,ferrari,ferrari@2025,4.0,4.0,True,-0.33977053,1.1802008
2025,11,1136,RACE,george-russell,mercedes,mercedes@2025,5.0,5.0,True,-0.43206987,0.84557253
2025,11,1136,RACE,liam-lawson,racing-bulls,racing-bulls@2025,6.0,6.0,True,0.23860592,1.0509859
2025,11,1136,RACE,fernando-alonso,aston-martin,aston-martin@2025,11.0,7.0,True,-0.4414754,1.5899465
2025,11,1136,RACE,gabriel-bortoleto,kick-sauber,kick-sauber@2025,8.0,8.0,True,-0.15418129,1.856274
2025,11,1136,RACE,nico-hulkenberg,kick-sauber,kick-sauber@2025,20.0,9.0,True,-0.14220457,1.856274
2025,11,1136,RACE,esteban-ocon,haas,haas@2025,17.0,10.0,True,0.026754865,1.6651124
2025,11,1136,RACE,oliver-bearman,haas,haas@2025,15.0,11.0,True,-0.19136234,1.6651124
2025,11,1136,RACE,isack-hadjar,racing-bulls,racing-bulls@2025,13.0,12.0,True,-0.02482833,1.0509859
2025,11,1136,RACE,pierre-gasly,alpine,alpine@2025,10.0,13.0,True,-0.2994297,1.695354
2025,11,1136,RACE,lance-stroll,aston-martin,aston-martin@2025,16.0,14.0,True,0.23555966,1.5899465
2025,11,1136,RACE,franco-colapinto,alpine,alpine@2025,14.0,15.0,True,0.22676034,1.695354
2025,11,1136,RACE,yuki-tsunoda,red-bull,red-bull@2025,18.0,16.0,True,-0.066154785,1.3593341
2025,11,1136,RACE,alexander-albon,williams,williams@2025,12.0,,False,-0.20742597,1.487691
2025,11,1136,RACE,max-verstappen,red-bull,red-bull@2025,7.0,,False,-1.0146251,1.3593341
2025,11,1136,RACE,kimi-antonelli,mercedes,mercedes@2025,9.0,,False,-0.11220446,0.84557253
2025,12,1137,RACE,lando-norris,mclaren,mclaren@2025,3.0,1.0,True,-0.5380594,0.6696423
2025,12,1137,RACE,oscar-piastri,mclaren,mclaren@2025,2.0,2.0,True,-0.41608033,0.6696423
2025,12,1137,RACE,nico-hulkenberg,kick-sauber,kick-sauber@2025,19.0,3.0,True,-0.14220457,1.856274
2025,12,1137,RACE,lewis-hamilton,ferrari,ferrari@2025,5.0,4.0,True,-0.33977053,1.1802008
2025,12,1137,RACE,max-verstappen,red-bull,red-bull@2025,1.0,5.0,True,-1.0146251,1.3593341
2025,12,1137,RACE,pierre-gasly,alpine,alpine@2025,8.0,6.0,True,-0.2994297,1.695354
2025,12,1137,RACE,lance-stroll,aston-martin,aston-martin@2025,17.0,7.0,True,0.23555966,1.5899465
2025,12,1137,RACE,alexander-albon,williams,williams@2025,13.0,8.0,True,-0.20742597,1.487691
2025,12,1137,RACE,fernando-alonso,aston-martin,aston-martin@2025,7.0,9.0,True,-0.4414754,1.5899465
2025,12,1137,RACE,george-russell,mercedes,mercedes@2025,4.0,10.0,True,-0.43206987,0.84557253
2025,12,1137,RACE,oliver-bearman,haas,haas@2025,18.0,11.0,True,-0.19136234,1.6651124
2025,12,1137,RACE,carlos-sainz-jr,williams,williams@2025,9.0,12.0,True,-0.49597552,1.487691
2025,12,1137,RACE,esteban-ocon,haas,haas@2025,14.0,13.0,True,0.026754865,1.6651124
2025,12,1137,RACE,charles-leclerc,ferrari,ferrari@2025,6.0,14.0,True,-0.5906597,1.1802008
2025,12,1137,RACE,yuki-tsunoda,red-bull,red-bull@2025,11.0,15.0,True,-0.066154785,1.3593341
2025,12,1137,RACE,kimi-antonelli,mercedes,mercedes@2025,10.0,,False,-0.11220446,0.84557253
2025,12,1137,RACE,isack-hadjar,racing-bulls,racing-bulls@2025,12.0,,False,-0.02482833,1.0509859
2025,12,1137,RACE,gabriel-bortoleto,kick-sauber,kick-sauber@2025,16.0,,False,-0.15418129,1.856274
2025,12,1137,RACE,liam-lawson,racing-bulls,racing-bulls@2025,15.0,,False,0.23860592,1.0509859
2025,13,1138,RACE,oscar-piastri,mclaren,mclaren@2025,2.0,1.0,True,-0.41608033,0.6696423
2025,13,1138,RACE,lando-norris,mclaren,mclaren@2025,1.0,2.0,True,-0.5380594,0.6696423
2025,13,1138,RACE,charles-leclerc,ferrari,ferrari@2025,3.0,3.0,True,-0.5906597,1.1802008
2025,13,1138,RACE,max-verstappen,red-bull,red-bull@2025,4.0,4.0,True,-1.0146251,1.3593341
2025,13,1138,RACE,george-russell,mercedes,mercedes@2025,6.0,5.0,True,-0.43206987,0.84557253
2025,13,1138,RACE,alexander-albon,williams,williams@2025,5.0,6.0,True,-0.20742597,1.487691
2025,13,1138,RACE,lewis-hamilton,ferrari,ferrari@2025,21.0,7.0,True,-0.33977053,1.1802008
2025,13,1138,RACE,liam-lawson,racing-bulls,racing-bulls@2025,9.0,8.0,True,0.23860592,1.0509859
2025,13,1138,RACE,gabriel-bortoleto,kick-sauber,kick-sauber@2025,10.0,9.0,True,-0.15418129,1.856274
2025,13,1138,RACE,pierre-gasly,alpine,alpine@2025,13.0,10.0,True,-0.2994297,1.695354
2025,13,1138,RACE,oliver-bearman,haas,haas@2025,12.0,11.0,True,-0.19136234,1.6651124
2025,13,1138,RACE,nico-hulkenberg,kick-sauber,kick-sauber@2025,14.0,12.0,True,-0.14220457,1.856274
2025,13,1138,RACE,yuki-tsunoda,red-bull,red-bull@2025,7.0,13.0,True,-0.066154785,1.3593341
2025,13,1138,RACE,lance-stroll,aston-martin,aston-martin@2025,16.0,14.0,True,0.23555966,1.5899465
2025,13,1138,RACE,esteban-ocon,haas,haas@2025,11.0,15.0,True,0.026754865,1.6651124
2025,13,1138,RACE,kimi-antonelli,mercedes,mercedes@2025,21.0,16.0,True,-0.11220446,0.84557253
2025,13,1138,RACE,fernando-alonso,aston-martin,aston-martin@2025,21.0,17.0,True,-0.4414754,1.5899465
2025,13,1138,RACE,carlos-sainz-jr,williams,williams@2025,21.0,18.0,True,-0.49597552,1.487691
2025,13,1138,RACE,franco-colapinto,alpine,alpine@2025,15.0,19.0,True,0.22676034,1.695354
2025,13,1138,RACE,isack-hadjar,racing-bulls,racing-bulls@2025,8.0,20.0,True,-0.02482833,1.0509859
2025,14,1139,RACE,lando-norris,mclaren,mclaren@2025,3.0,1.0,True,-0.5380594,0.6696423
2025,14,1139,RACE,oscar-piastri,mclaren,mclaren@2025,2.0,2.0,True,-0.41608033,0.6696423
2025,14,1139,RACE,george-russell,mercedes,mercedes@2025,4.0,3.0,True,-0.43206987,0.84557253
2025,14,1139,RACE,charles-leclerc,ferrari,ferrari@2025,1.0,4.0,True,-0.5906597,1.1802008
2025,14,1139,RACE,fernando-alonso,aston-martin,aston-martin@2025,5.0,5.0,True,-0.4414754,1.5899465
2025,14,1139,RACE,gabriel-bortoleto,kick-sauber,kick-sauber@2025,7.0,6.0,True,-0.15418129,1.856274
2025,14,1139,RACE,lance-stroll,aston-martin,aston-martin@2025,6.0,7.0,True,0.23555966,1.5899465
2025,14,1139,RACE,liam-lawson,racing-bulls,racing-bulls@2025,9.0,8.0,True,0.23860592,1.0509859
2025,14,1139,RACE,max-verstappen,red-bull,red-bull@2025,8.0,9.0,True,-1.0146251,1.3593341
2025,14,1139,RACE,kimi-antonelli,mercedes,mercedes@2025,15.0,10.0,True,-0.11220446,0.84557253
2025,14,1139,RACE,isack-hadjar,racing-bulls,racing-bulls@2025,10.0,11.0,True,-0.02482833,1.0509859
2025,14,1139,RACE,lewis-hamilton,ferrari,ferrari@2025,12.0,12.0,True,-0.33977053,1.1802008
2025,14,1139,RACE,nico-hulkenberg,kick-sauber,kick-sauber@2025,18.0,13.0,True,-0.14220457,1.856274
2025,14,1139,RACE,carlos-sainz-jr,williams,williams@2025,13.0,14.0,True,-0.49597552,1.487691
2025,14,1139,RACE,alexander-albon,williams,williams@2025,19.0,15.0,True,-0.20742597,1.487691
2025,14,1139,RACE,esteban-ocon,haas,haas@2025,17.0,16.0,True,0.026754865,1.6651124
2025,14,1139,RACE,yuki-tsunoda,red-bull,red-bull@2025,21.0,17.0,True,-0.066154785,1.3593341
2025,14,1139,RACE,franco-colapinto,alpine,alpine@2025,14.0,18.0,True,0.22676034,1.695354
2025,14,1139,RACE,pierre-gasly,alpine,alpine@2025,16.0,19.0,True,-0.2994297,1.695354
2025,14,1139,RACE,oliver-bearman,haas,haas@2025,11.0,,False,-0.19136234,1.6651124
2025,15,1140,RACE,oscar-piastri,mclaren,mclaren@2025,1.0,1.0,True,-0.41608033,0.6696423
2025,15,1140,RACE,max-verstappen,red-bull,red-bull@2025,3.0,2.0,True,-1.0146251,1.3593341
2025,15,1140,RACE,isack-hadjar,racing-bulls,racing-bulls@2025,4.0,3.0,True,-0.02482833,1.0509859
2025,15,1140,RACE,george-russell,mercedes,mercedes@2025,5.0,4.0,True,-0.43206987,0.84557253
2025,15,1140,RACE,alexander-albon,williams,williams@2025,15.0,5.0,True,-0.20742597,1.487691
2025,15,1140,RACE,oliver-bearman,haas,haas@2025,21.0,6.0,True,-0.19136234,1.6651124
2025,15,1140,RACE,lance-stroll,aston-martin,aston-martin@2025,19.0,7.0,True,0.23555966,1.5899465
2025,15,1140,RACE,fernando-alonso,aston-martin,aston-martin@2025,10.0,8.0,True,-0.4414754,1.5899465
2025,15,1140,RACE,yuki-tsunoda,red-bull,red-bull@2025,12.0,9.0,True,-0.066154785,1.3593341
2025,15,1140,RACE,esteban-ocon,haas,haas@2025,18.0,10.0,True,0.026754865,1.6651124
2025,15,1140,RACE,franco-colapinto,alpine,alpine@2025,16.0,11.0,True,0.22676034,1.695354
2025,15,1140,RACE,liam-lawson,racing-bulls,racing-bulls@2025,8.0,12.0,True,0.23860592,1.0509859
2025,15,1140,RACE,carlos-sainz-jr,williams,williams@2025,9.0,13.0,True,-0.49597552,1.487691
2025,15,1140,RACE,nico-hulkenberg,kick-sauber,kick-sauber@2025,17.0,14.0,True,-0.14220457,1.856274
2025,15,1140,RACE,gabriel-bortoleto,kick-sauber,kick-sauber@2025,13.0,15.0,True,-0.15418129,1.856274
2025,15,1140,RACE,kimi-antonelli,mercedes,mercedes@2025,11.0,16.0,True,-0.11220446,0.84557253
2025,15,1140,RACE,pierre-gasly,alpine,alpine@2025,14.0,17.0,True,-0.2994297,1.695354
2025,15,1140,RACE,lando-norris,mclaren,mclaren@2025,2.0,18.0,True,-0.5380594,0.6696423
2025,15,1140,RACE,charles-leclerc,ferrari,ferrari@2025,6.0,,False,-0.5906597,1.1802008
2025,15,1140,RACE,lewis-hamilton,ferrari,ferrari@2025,7.0,,False,-0.33977053,1.1802008
2025,16,1141,RACE,max-verstappen,red-bull,red-bull@2025,1.0,1.0,True,-1.0146251,1.3593341
2025,16,1141,RACE,lando-norris,mclaren,mclaren@2025,2.0,2.0,True,-0.5380594,0.6696423
2025,16,1141,RACE,oscar-piastri,mclaren,mclaren@2025,3.0,3.0,True,-0.41608033,0.6696423
2025,16,1141,RACE,charles-leclerc,ferrari,ferrari@2025,4.0,4.0,True,-0.5906597,1.1802008
2025,16,1141,RACE,george-russell,mercedes,mercedes@2025,5.0,5.0,True,-0.43206987,0.84557253
2025,16,1141,RACE,lewis-hamilton,ferrari,ferrari@2025,10.0,6.0,True,-0.33977053,1.1802008
2025,16,1141,RACE,alexander-albon,williams,williams@2025,14.0,7.0,True,-0.20742597,1.487691
2025,16,1141,RACE,gabriel-bortoleto,kick-sauber,kick-sauber@2025,7.0,8.0,True,-0.15418129,1.856274
2025,16,1141,RACE,kimi-antonelli,mercedes,mercedes@2025,6.0,9.0,True,-0.11220446,0.84557253
2025,16,1141,RACE,isack-hadjar,racing-bulls,racing-bulls@2025,21.0,10.0,True,-0.02482833,1.0509859
2025,16,1141,RACE,carlos-sainz-jr,williams,williams@2025,13.0,11.0,True,-0.49597552,1.487691
2025,16,1141,RACE,oliver-bearman,haas,haas@2025,11.0,12.0,True,-0.19136234,1.6651124
2025,16,1141,RACE,yuki-tsunoda,red-bull,red-bull@2025,9.0,13.0,True,-0.066154785,1.3593341
2025,16,1141,RACE,liam-lawson,racing-bulls,racing-bulls@2025,18.0,14.0,True,0.23860592,1.0509859
2025,16,1141,RACE,esteban-ocon,haas,haas@2025,15.0,15.0,True,0.026754865,1.6651124
2025,16,1141,RACE,pierre-gasly,alpine,alpine@2025,21.0,16.0,True,-0.2994297,1.695354
2025,16,1141,RACE,franco-colapinto,alpine,alpine@2025,17.0,17.0,True,0.22676034,1.695354
2025,16,1141,RACE,lance-stroll,aston-martin,aston-martin@2025,16.0,18.0,True,0.23555966,1.5899465
2025,16,1141,RACE,fernando-alonso,aston-martin,aston-martin@2025,8.0,,False,-0.4414754,1.5899465
2025,17,1142,STREET,max-verstappen,red-bull,red-bull@2025,1.0,1.0,True,-1.0146251,1.3593341
2025,17,1142,STREET,george-russell,mercedes,mercedes@2025,5.0,2.0,True,-0.43206987,0.84557253
2025,17,1142,STREET,carlos-sainz-jr,williams,williams@2025,2.0,3.0,True,-0.49597552,1.487691
2025,17,1142,STREET,kimi-antonelli,mercedes,mercedes@2025,4.0,4.0,True,-0.11220446,0.84557253
2025,17,1142,STREET,liam-lawson,racing-bulls,racing-bulls@2025,3.0,5.0,True,0.23860592,1.0509859
2025,17,1142,STREET,yuki-tsunoda,red-bull,red-bull@2025,6.0,6.0,True,-0.066154785,1.3593341
2025,17,1142,STREET,lando-norris,mclaren,mclaren@2025,7.0,7.0,True,-0.5380594,0.6696423
2025,17,1142,STREET,lewis-hamilton,ferrari,ferrari@2025,12.0,8.0,True,-0.33977053,1.1802008
2025,17,1142,STREET,charles-leclerc,ferrari,ferrari@2025,10.0,9.0,True,-0.5906597,1.1802008
2025,17,1142,STREET,isack-hadjar,racing-bulls,racing-bulls@2025,8.0,10.0,True,-0.02482833,1.0509859
2025,17,1142,STREET,gabriel-bortoleto,kick-sauber,kick-sauber@2025,13.0,11.0,True,-0.15418129,1.856274
2025,17,1142,STREET,oliver-bearman,haas,haas@2025,15.0,12.0,True,-0.19136234,1.6651124
2025,17,1142,STREET,alexander-albon,williams,williams@2025,19.0,13.0,True,-0.20742597,1.487691
2025,17,1142,STREET,esteban-ocon,haas,haas@2025,20.0,14.0,True,0.026754865,1.6651124
2025,17,1142,STREET,fernando-alonso,aston-martin,aston-martin@2025,11.0,15.0,True,-0.4414754,1.5899465
2025,17,1142,STREET,nico-hulkenberg,kick-sauber,kick-sauber@2025,17.0,16.0,True,-0.14220457,1.856274
2025,17,1142,STREET,lance-stroll,aston-martin,aston-martin@2025,14.0,17.0,True,0.23555966,1.5899465
2025,17,1142,STREET,pierre-gasly,alpine,alpine@2025,18.0,18.0,True,-0.2994297,1.695354
2025,17,1142,STREET,franco-colapinto,alpine,alpine@2025,16.0,19.0,True,0.22676034,1.695354
2025,17,1142,STREET,oscar-piastri,mclaren,mclaren@2025,9.0,,False,-0.41608033,0.6696423
2025,18,1143,STREET,george-russell,mercedes,mercedes@2025,1.0,1.0,True,-0.43206987,0.84557253
2025,18,1143,STREET,max-verstappen,red-bull,red-bull@2025,2.0,2.0,True,-1.0146251,1.3593341
2025,18,1143,STREET,lando-norris,mclaren,mclaren@2025,5.0,3.0,True,-0.5380594,0.6696423
2025,18,1143,STREET,oscar-piastri,mclaren,mclaren@2025,3.0,4.0,True,-0.41608033,0.6696423
2025,18,1143,STREET,kimi-antonelli,mercedes,mercedes@2025,4.0,5.0,True,-0.11220446,0.84557253
2025,18,1143,STREET,charles-leclerc,ferrari,ferrari@2025,7.0,6.0,True,-0.5906597,1.1802008
2025,18,1143,STREET,fernando-alonso,aston-martin,aston-martin@2025,10.0,7.0,True,-0.4414754,1.5899465
2025,18,1143,STREET,lewis-hamilton,ferrari,ferrari@2025,6.0,8.0,True,-0.33977053,1.1802008
2025,18,1143,STREET,oliver-bearman,haas,haas@2025,9.0,9.0,True,-0.19136234,1.6651124
2025,18,1143,STREET,carlos-sainz-jr,williams,williams@2025,18.0,10.0,True,-0.49597552,1.487691
2025,18,1143,STREET,isack-hadjar,racing-bulls,racing-bulls@2025,8.0,11.0,True,-0.02482833,1.0509859
2025,18,1143,STREET,yuki-tsunoda,red-bull,red-bull@2025,13.0,12.0,True,-0.066154785,1.3593341
2025,18,1143,STREET,lance-stroll,aston-martin,aston-martin@2025,15.0,13.0,True,0.23555966,1.5899465
2025,18,1143,STREET,alexander-albon,williams,williams@2025,21.0,14.0,True,-0.20742597,1.487691
2025,18,1143,STREET,liam-lawson,racing-bulls,racing-bulls@2025,12.0,15.0,True,0.23860592,1.0509859
2025,18,1143,STREET,franco-colapinto,alpine,alpine@2025,16.0,16.0,True,0.22676034,1.695354
2025,18,1143,STREET,gabriel-bortoleto,kick-sauber,kick-sauber@2025,14.0,17.0,True,-0.15418129,1.856274
2025,18,1143,STREET,esteban-ocon,haas,haas@2025,17.0,18.0,True,0.026754865,1.6651124
2025,18,1143,STREET,pierre-gasly,alpine,alpine@2025,21.0,19.0,True,-0.2994297,1.695354
2025,18,1143,STREET,nico-hulkenberg,kick-sauber,kick-sauber@2025,11.0,20.0,True,-0.14220457,1.856274
2025,19,1144,RACE,max-verstappen,red-bull,red-bull@2025,1.0,1.0,True,-1.0146251,1.3593341
2025,19,1144,RACE,lando-norris,mclaren,mclaren@2025,2.0,2.0,True,-0.5380594,0.6696423
2025,19,1144,RACE,charles-leclerc,ferrari,ferrari@2025,3.0,3.0,True,-0.5906597,1.1802008
2025,19,1144,RACE,lewis-hamilton,ferrari,ferrari@2025,5.0,4.0,True,-0.33977053,1.1802008
2025,19,1144,RACE,oscar-piastri,mclaren,mclaren@2025,6.0,5.0,True,-0.41608033,0.6696423
2025,19,1144,RACE,george-russell,mercedes,mercedes@2025,4.0,6.0,True,-0.43206987,0.84557253
2025,19,1144,RACE,yuki-tsunoda,red-bull,red-bull@2025,13.0,7.0,True,-0.066154785,1.3593341
2025,19,1144,RACE,nico-hulkenberg,kick-sauber,kick-sauber@2025,11.0,8.0,True,-0.14220457,1.856274
2025,19,1144,RACE,oliver-bearman,haas,haas@2025,8.0,9.0,True,-0.19136234,1.6651124
2025,19,1144,RACE,fernando-alonso,aston-martin,aston-martin@2025,10.0,10.0,True,-0.4414754,1.5899465
2025,19,1144,RACE,liam-lawson,racing-bulls,racing-bulls@2025,12.0,11.0,True,0.23860592,1.0509859
2025,19,1144,RACE,lance-stroll,aston-martin,aston-martin@2025,19.0,12.0,True,0.23555966,1.5899465
2025,19,1144,RACE,kimi-antonelli,mercedes,mercedes@2025,7.0,13.0,True,-0.11220446,0.84557253
2025,19,1144,RACE,alexander-albon,williams,williams@2025,18.0,14.0,True,-0.20742597,1.487691
2025,19,1144,RACE,esteban-ocon,haas,haas@2025,17.0,15.0,True,0.026754865,1.6651124
2025,19,1144,RACE,isack-hadjar,racing-bulls,racing-bulls@2025,20.0,16.0,True,-0.02482833,1.0509859
2025,19,1144,RACE,franco-colapinto,alpine,alpine@2025,15.0,17.0,True,0.22676034,1.695354
2025,19,1144,RACE,gabriel-bortoleto,kick-sauber,kick-sauber@2025,16.0,18.0,True,-0.15418129,1.856274
2025,19,1144,RACE,pierre-gasly,alpine,alpine@2025,14.0,19.0,True,-0.2994297,1.695354
2025,19,1144,RACE,carlos-sainz-jr,williams,williams@2025,9.0,,False,-0.49597552,1.487691
2025,20,1145,RACE,lando-norris,mclaren,mclaren@2025,1.0,1.0,True,-0.5380594,0.6696423
2025,20,1145,RACE,charles-leclerc,ferrari,ferrari@2025,2.0,2.0,True,-0.5906597,1.1802008
2025,20,1145,RACE,max-verstappen,red-bull,red-bull@2025,5.0,3.0,True,-1.0146251,1.3593341
2025,20,1145,RACE,oliver-bearman,haas,haas@2025,9.0,4.0,True,-0.19136234,1.6651124
2025,20,1145,RACE,oscar-piastri,mclaren,mclaren@2025,7.0,5.0,True,-0.41608033,0.6696423
2025,20,1145,RACE,kimi-antonelli,mercedes,mercedes@2025,6.0,6.0,True,-0.11220446,0.84557253
2025,20,1145,RACE,george-russell,mercedes,mercedes@2025,4.0,7.0,True,-0.43206987,0.84557253
2025,20,1145,RACE,lewis-hamilton,ferrari,ferrari@2025,3.0,8.0,True,-0.33977053,1.1802008
2025,20,1145,RACE,esteban-ocon,haas,haas@2025,11.0,9.0,True,0.026754865,1.6651124
2025,20,1145,RACE,gabriel-bortoleto,kick-sauber,kick-sauber@2025,16.0,10.0,True,-0.15418129,1.856274
2025,20,1145,RACE,yuki-tsunoda,red-bull,red-bull@2025,10.0,11.0,True,-0.066154785,1.3593341
2025,20,1145,RACE,alexander-albon,williams,williams@2025,17.0,12.0,True,-0.20742597,1.487691
2025,20,1145,RACE,isack-hadjar,racing-bulls,racing-bulls@2025,8.0,13.0,True,-0.02482833,1.0509859
2025,20,1145,RACE,lance-stroll,aston-martin,aston-martin@2025,19.0,14.0,True,0.23555966,1.5899465
2025,20,1145,RACE,pierre-gasly,alpine,alpine@2025,18.0,15.0,True,-0.2994297,1.695354
2025,20,1145,RACE,franco-colapinto,alpine,alpine@2025,20.0,16.0,True,0.22676034,1.695354
2025,20,1145,RACE,carlos-sainz-jr,williams,williams@2025,12.0,17.0,True,-0.49597552,1.487691
2025,20,1145,RACE,fernando-alonso,aston-martin,aston-martin@2025,14.0,,False,-0.4414754,1.5899465
2025,20,1145,RACE,nico-hulkenberg,kick-sauber,kick-sauber@2025,13.0,,False,-0.14220457,1.856274
2025,20,1145,RACE,liam-lawson,racing-bulls,racing-bulls@2025,15.0,,False,0.23860592,1.0509859
2025,21,1146,RACE,lando-norris,mclaren,mclaren@2025,1.0,1.0,True,-0.5380594,0.6696423
2025,21,1146,RACE,kimi-antonelli,mercedes,mercedes@2025,2.0,2.0,True,-0.11220446,0.84557253
2025,21,1146,RACE,max-verstappen,red-bull,red-bull@2025,21.0,3.0,True,-1.0146251,1.3593341
2025,21,1146,RACE,george-russell,mercedes,mercedes@2025,6.0,4.0,True,-0.43206987,0.84557253
2025,21,1146,RACE,oscar-piastri,mclaren,mclaren@2025,4.0,5.0,True,-0.41608033,0.6696423
2025,21,1146,RACE,oliver-bearman,haas,haas@2025,8.0,6.0,True,-0.19136234,1.6651124
2025,21,1146,RACE,liam-lawson,racing-bulls,racing-bulls@2025,7.0,7.0,True,0.23860592,1.0509859
2025,21,1146,RACE,isack-hadjar,racing-bulls,racing-bulls@2025,5.0,8.0,True,-0.02482833,1.0509859
2025,21,1146,RACE,nico-hulkenberg,kick-sauber,kick-sauber@2025,10.0,9.0,True,-0.14220457,1.856274
2025,21,1146,RACE,pierre-gasly,alpine,alpine@2025,9.0,10.0,True,-0.2994297,1.695354
2025,21,1146,RACE,alexander-albon,williams,williams@2025,12.0,11.0,True,-0.20742597,1.487691
2025,21,1146,RACE,esteban-ocon,haas,haas@2025,21.0,12.0,True,0.026754865,1.6651124
2025,21,1146,RACE,carlos-sainz-jr,williams,williams@2025,15.0,13.0,True,-0.49597552,1.487691
2025,21,1146,RACE,fernando-alonso,aston-martin,aston-martin@2025,11.0,14.0,True,-0.4414754,1.5899465
2025,21,1146,RACE,franco-colapinto,alpine,alpine@2025,16.0,15.0,True,0.22676034,1.695354
2025,21,1146,RACE,lance-stroll,aston-martin,aston-martin@2025,14.0,16.0,True,0.23555966,1.5899465
2025,21,1146,RACE,yuki-tsunoda,red-bull,red-bull@2025,17.0,17.0,True,-0.066154785,1.3593341
2025,21,1146,RACE,lewis-hamilton,ferrari,ferrari@2025,13.0,,False,-0.33977053,1.1802008
2025,21,1146,RACE,charles-leclerc,ferrari,ferrari@2025,3.0,,False,-0.5906597,1.1802008
2025,21,1146,RACE,gabriel-bortoleto,kick-sauber,kick-sauber@2025,18.0,,False,-0.15418129,1.856274
2025,22,1147,STREET,max-verstappen,red-bull,red-bull@2025,2.0,1.0,True,-1.0146251,1.3593341
2025,22,1147,STREET,george-russell,mercedes,mercedes@2025,4.0,2.0,True,-0.43206987,0.84557253
2025,22,1147,STREET,kimi-antonelli,mercedes,mercedes@2025,17.0,3.0,True,-0.11220446,0.84557253
2025,22,1147,STREET,charles-leclerc,ferrari,ferrari@2025,9.0,4.0,True,-0.5906597,1.1802008
2025,22,1147,STREET,carlos-sainz-jr,williams,williams@2025,3.0,5.0,True,-0.49597552,1.487691
2025,22,1147,STREET,isack-hadjar,racing-bulls,racing-bulls@2025,8.0,6.0,True,-0.02482833,1.0509859
2025,22,1147,STREET,nico-hulkenberg,kick-sauber,kick-sauber@2025,11.0,7.0,True,-0.14220457,1.856274
2025,22,1147,STREET,lewis-hamilton,ferrari,ferrari@2025,19.0,8.0,True,-0.33977053,1.1802008
2025,22,1147,STREET,esteban-ocon,haas,haas@2025,13.0,9.0,True,0.026754865,1.6651124
2025,22,1147,STREET,oliver-bearman,haas,haas@2025,14.0,10.0,True,-0.19136234,1.6651124
2025,22,1147,STREET,fernando-alonso,aston-martin,aston-martin@2025,7.0,11.0,True,-0.4414754,1.5899465
2025,22,1147,STREET,yuki-tsunoda,red-bull,red-bull@2025,21.0,12.0,True,-0.066154785,1.3593341
2025,22,1147,STREET,pierre-gasly,alpine,alpine@2025,10.0,13.0,True,-0.2994297,1.695354
2025,22,1147,STREET,liam-lawson,racing-bulls,racing-bulls@2025,6.0,14.0,True,0.23860592,1.0509859
2025,22,1147,STREET,franco-colapinto,alpine,alpine@2025,15.0,15.0,True,0.22676034,1.695354
2025,22,1147,STREET,alexander-albon,williams,williams@2025,16.0,,False,-0.20742597,1.487691
2025,22,1147,STREET,gabriel-bortoleto,kick-sauber,kick-sauber@2025,18.0,,False,-0.15418129,1.856274
2025,22,1147,STREET,lance-stroll,aston-martin,aston-martin@2025,12.0,,False,0.23555966,1.5899465
2025,22,1147,STREET,lando-norris,mclaren,mclaren@2025,1.0,,False,-0.5380594,0.6696423
2025,22,1147,STREET,oscar-piastri,mclaren,mclaren@2025,5.0,,False,-0.41608033,0.6696423
2025,23,1148,RACE,max-verstappen,red-bull,red-bull@2025,3.0,1.0,True,-1.0146251,1.3593341
2025,23,1148,RACE,oscar-piastri,mclaren,mclaren@2025,1.0,2.0,True,-0.41608033,0.6696423
2025,23,1148,RACE,carlos-sainz-jr,williams,williams@2025,7.0,3.0,True,-0.49597552,1.487691
2025,23,1148,RACE,lando-norris,mclaren,mclaren@2025,2.0,4.0,True,-0.5380594,0.6696423
2025,23,1148,RACE,kimi-antonelli,mercedes,mercedes@2025,5.0,5.0,True,-0.11220446,0.84557253
2025,23,1148,RACE,george-russell,mercedes,mercedes@2025,4.0,6.0,True,-0.43206987,0.84557253
2025,23,1148,RACE,fernando-alonso,aston-martin,aston-martin@2025,8.0,7.0,True,-0.4414754,1.5899465
2025,23,1148,RACE,charles-leclerc,ferrari,ferrari@2025,10.0,8.0,True,-0.5906597,1.1802008
2025,23,1148,RACE,liam-lawson,racing-bulls,racing-bulls@2025,12.0,9.0,True,0.23860592,1.0509859
2025,23,1148,RACE,yuki-tsunoda,red-bull,red-bull@2025,15.0,10.0,True,-0.066154785,1.3593341
2025,23,1148,RACE,alexander-albon,williams,williams@2025,14.0,11.0,True,-0.20742597,1.487691
2025,23,1148,RACE,lewis-hamilton,ferrari,ferrari@2025,17.0,12.0,True,-0.33977053,1.1802008
2025,23,1148,RACE,gabriel-bortoleto,kick-sauber,kick-sauber@2025,19.0,13.0,True,-0.15418129,1.856274
2025,23,1148,RACE,franco-colapinto,alpine,alpine@2025,21.0,14.0,True,0.22676034,1.695354
2025,23,1148,RACE,esteban-ocon,haas,haas@2025,16.0,15.0,True,0.026754865,1.6651124
2025,23,1148,RACE,pierre-gasly,alpine,alpine@2025,9.0,16.0,True,-0.2994297,1.695354
2025,23,1148,RACE,lance-stroll,aston-martin,aston-martin@2025,18.0,17.0,True,0.23555966,1.5899465
2025,23,1148,RACE,isack-hadjar,racing-bulls,racing-bulls@2025,6.0,18.0,True,-0.02482833,1.0509859
2025,23,1148,RACE,oliver-bearman,haas,haas@2025,13.0,,False,-0.19136234,1.6651124
2025,23,1148,RACE,nico-hulkenberg,kick-sauber,kick-sauber@2025,11.0,,False,-0.14220457,1.856274
2025,24,1149,RACE,max-verstappen,red-bull,red-bull@2025,1.0,1.0,True,-1.0146251,1.3593341
2025,24,1149,RACE,oscar-piastri,mclaren,mclaren@2025,3.0,2.0,True,-0.41608033,0.6696423
2025,24,1149,RACE,lando-norris,mclaren,mclaren@2025,2.0,3.0,True,-0.5380594,0.6696423
2025,24,1149,RACE,charles-leclerc,ferrari,ferrari@2025,5.0,4.0,True,-0.5906597,1.1802008
2025,24,1149,RACE,george-russell,mercedes,mercedes@2025,4.0,5.0,True,-0.43206987,0.84557253
2025,24,1149,RACE,fernando-alonso,aston-martin,aston-martin@2025,6.0,6.0,True,-0.4414754,1.5899465
2025,24,1149,RACE,esteban-ocon,haas,haas@2025,8.0,7.0,True,0.026754865,1.6651124
2025,24,1149,RACE,lewis-hamilton,ferrari,ferrari@2025,16.0,8.0,True,-0.33977053,1.1802008
2025,24,1149,RACE,nico-hulkenberg,kick-sauber,kick-sauber@2025,18.0,9.0,True,-0.14220457,1.856274
2025,24,1149,RACE,lance-stroll,aston-martin,aston-martin@2025,15.0,10.0,True,0.23555966,1.5899465
2025,24,1149,RACE,gabriel-bortoleto,kick-sauber,kick-sauber@2025,7.0,11.0,True,-0.15418129,1.856274
2025,24,1149,RACE,oliver-bearman,haas,haas@2025,11.0,12.0,True,-0.19136234,1.6651124
2025,24,1149,RACE,carlos-sainz-jr,williams,williams@2025,12.0,13.0,True,-0.49597552,1.487691
2025,24,1149,RACE,yuki-tsunoda,red-bull,red-bull@2025,10.0,14.0,True,-0.066154785,1.3593341
2025,24,1149,RACE,kimi-antonelli,mercedes,mercedes@2025,14.0,15.0,True,-0.11220446,0.84557253
2025,24,1149,RACE,alexander-albon,williams,williams@2025,17.0,16.0,True,-0.20742597,1.487691
2025,24,1149,RACE,isack-hadjar,racing-bulls,racing-bulls@2025,9.0,17.0,True,-0.02482833,1.0509859
2025,24,1149,RACE,liam-lawson,racing-bulls,racing-bulls@2025,13.0,18.0,True,0.23860592,1.0509859
2025,24,1149,RACE,pierre-gasly,alpine,alpine@2025,19.0,19.0,True,-0.2994297,1.695354
2025,24,1149,RACE,franco-colapinto,alpine,alpine@2025,20.0,20.0,True,0.22676034,1.695354
