Product DB,Customer DB,Order DB,Shipping Cost Service,Caching Service,Product Service,Auth Service,Order Service,API,www,Website
0.493144741459214,0.1808961638310473,0.19259296800884979,0.19700066348783696,2.1308651743340277,2.485839852873781,0.5338465109369354,1.1321508781125984,4.855829506268108,5.5221788673856,5.572587618316968
